id,superficie,fecha,idcomunidad,idprovincia,idmunicipio,municipio,causa,causa_supuesta,causa_desc,muertos,heridos,time_ctrl,time_ext,personal,medios,gastos,perdidas
1968290001,140,01/01/1968,4,29,0,INDETERMINADO,2,1,40,0,0,0,360,0,0,0,0
1968430003,30,03/01/1968,2,43,0,INDETERMINADO,5,1,0,0,0,0,60,0,0,0,0
1968290006,20,06/01/1968,4,29,0,INDETERMINADO,5,1,0,0,0,0,120,0,0,0,0
1968120007,82,07/01/1968,9,12,0,INDETERMINADO,3,1,20,0,0,0,120,0,0,0,0
1968430016,6000,07/01/1968,2,43,0,INDETERMINADO,3,1,20,0,0,0,1440,35,1,0,0
1968460044,10,07/01/1968,9,46,0,INDETERMINADO,5,1,0,0,0,0,120,0,0,0,0
1968430004,"1,8E+016",09/01/1968,2,43,0,INDETERMINADO,2,1,40,0,0,0,120,0,0,0,0
1968440009,15,09/01/1968,10,44,0,INDETERMINADO,2,1,40,0,0,0,120,0,0,0,0
1968250010,350,10/01/1968,2,25,0,INDETERMINADO,4,1,99,0,0,0,1440,39,0,0,0
1968490017,10,10/01/1968,17,49,0,INDETERMINADO,2,1,40,0,0,0,60,0,0,0,0
1968080031,30,11/01/1968,2,8,0,INDETERMINADO,5,1,0,0,0,0,240,0,0,0,0
1968080032,246,11/01/1968,2,8,0,INDETERMINADO,2,1,40,0,0,0,600,38,0,0,2
1968250011,230,11/01/1968,2,25,0,INDETERMINADO,3,1,20,0,0,0,360,24,0,0,4
1968050005,10,12/01/1968,17,5,0,INDETERMINADO,2,1,10,0,0,0,120,0,0,0,0
1968080034,10,12/01/1968,2,8,0,INDETERMINADO,2,1,90,0,0,0,120,0,0,0,0
1968120050,110,12/01/1968,9,12,0,INDETERMINADO,3,1,20,0,0,0,360,61,0,0,2
1968430015,50,12/01/1968,2,43,0,INDETERMINADO,2,1,40,0,0,0,359,0,0,0,0
1968110026,30,15/01/1968,4,11,0,INDETERMINADO,2,1,40,0,0,0,420,0,0,0,0
1968390051,370,16/01/1968,6,39,0,INDETERMINADO,5,1,0,0,0,0,420,0,0,0,0
1968050056,300,17/01/1968,17,5,0,INDETERMINADO,2,1,30,0,0,0,360,165,0,0,10
1968070040,10,17/01/1968,15,7,0,INDETERMINADO,3,1,20,0,0,0,180,0,0,0,0
1968080036,20,17/01/1968,2,8,0,INDETERMINADO,5,1,0,0,0,0,120,0,0,0,0
1968050057,150,18/01/1968,17,5,0,INDETERMINADO,2,1,50,0,0,0,180,145,0,0,5
1968320014,950,18/01/1968,3,32,0,INDETERMINADO,2,1,20,0,0,0,240,19,0,0,0
1968050048,30,19/01/1968,17,5,0,INDETERMINADO,2,1,50,0,0,0,180,0,0,0,0
1968360060,40,19/01/1968,3,36,0,INDETERMINADO,4,1,99,0,0,0,300,0,0,0,0
1968080038,45,21/01/1968,2,8,0,INDETERMINADO,2,1,20,0,0,0,60,0,0,0,0
1968490022,100,22/01/1968,17,49,0,INDETERMINADO,2,1,50,0,0,0,1200,0,0,0,0
1968170021,40,23/01/1968,2,17,0,INDETERMINADO,2,1,40,0,0,0,240,0,0,0,0
1968440043,10,23/01/1968,10,44,0,INDETERMINADO,2,1,90,0,0,0,120,0,0,0,0
1968270055,150,24/01/1968,3,27,0,INDETERMINADO,4,1,99,0,0,0,180,25,0,0,2
1968320059,20,24/01/1968,3,32,0,INDETERMINADO,5,1,0,0,0,0,180,0,0,0,0
1968370020,20,25/01/1968,17,37,0,INDETERMINADO,2,1,50,0,0,0,120,0,0,0,0
1968080049,235,27/01/1968,2,8,0,INDETERMINADO,5,1,0,0,0,0,660,0,0,0,0
1968320042,400,27/01/1968,3,32,0,INDETERMINADO,4,1,99,0,0,0,420,65,0,0,3
1968360070,310,27/01/1968,3,36,0,INDETERMINADO,2,1,20,0,0,0,180,30,0,0,7
1968120053,700,28/01/1968,9,12,0,INDETERMINADO,2,1,10,0,0,0,480,39,6,0,0
1968250073,20,28/01/1968,2,25,0,INDETERMINADO,2,1,40,0,0,0,120,0,0,0,0
1968050047,30,30/01/1968,17,5,0,INDETERMINADO,2,1,50,0,0,0,240,0,0,0,0
1968490052,240,30/01/1968,17,49,0,INDETERMINADO,2,1,50,0,0,0,1440,0,0,0,0
1968500065,40,31/01/1968,10,50,0,INDETERMINADO,2,1,40,0,0,0,120,0,0,0,0
1968340063,50,01/02/1968,17,34,0,INDETERMINADO,2,1,20,0,0,0,120,0,0,0,0
1968340046,20,02/02/1968,17,34,0,INDETERMINADO,2,1,20,0,0,0,60,0,0,0,0
1968220062,140,04/02/1968,10,22,0,INDETERMINADO,2,1,50,0,0,0,1140,0,0,0,0
1968360068,30,04/02/1968,3,36,0,INDETERMINADO,4,1,99,0,0,0,120,0,0,0,0
1968490061,30,04/02/1968,17,49,0,INDETERMINADO,2,1,40,0,0,0,60,31,0,0,0
1968080109,10,05/02/1968,2,8,0,INDETERMINADO,5,1,0,0,0,0,180,0,0,0,0
1968080069,112,09/02/1968,2,8,0,INDETERMINADO,2,1,40,0,0,0,300,14,1,0,5
1968390076,30,11/02/1968,6,39,0,INDETERMINADO,4,1,99,0,0,0,180,0,0,0,0
1968080090,"1,3E+016",12/02/1968,2,8,0,INDETERMINADO,5,1,0,0,0,0,120,0,0,0,0
1968090067,25,13/02/1968,17,9,0,INDETERMINADO,2,1,20,0,0,0,240,0,0,0,0
1968330112,40,13/02/1968,5,33,0,INDETERMINADO,5,1,0,0,0,0,120,0,0,0,0
1968390077,30,13/02/1968,6,39,0,INDETERMINADO,4,1,99,0,0,0,120,0,0,0,0
1968390091,150,13/02/1968,6,39,0,INDETERMINADO,4,1,99,0,0,0,300,0,0,0,0
1968390098,20,13/02/1968,6,39,0,INDETERMINADO,4,1,99,0,0,0,900,0,0,0,0
1968390104,360,13/02/1968,6,39,0,INDETERMINADO,4,1,99,0,0,0,1500,100,0,0,11
1968020089,30,14/02/1968,11,2,0,INDETERMINADO,2,1,20,0,0,0,120,0,0,0,0
1968390078,10,14/02/1968,6,39,0,INDETERMINADO,4,1,99,0,0,0,60,0,0,0,0
1968330113,65,15/02/1968,5,33,0,INDETERMINADO,4,1,99,0,0,0,360,0,0,0,0
1968390107,30,16/02/1968,6,39,0,INDETERMINADO,5,1,0,0,0,0,420,0,0,0,0
1968080086,30,18/02/1968,2,8,0,INDETERMINADO,2,1,10,0,0,0,420,0,0,0,0
1968080087,50,18/02/1968,2,8,0,INDETERMINADO,5,1,0,0,0,0,480,0,0,0,0
1968250083,30,18/02/1968,2,25,0,INDETERMINADO,2,1,20,0,0,0,240,0,0,0,0
1968330114,130,19/02/1968,5,33,0,INDETERMINADO,4,1,99,0,0,0,360,40,0,0,3
1968390079,30,19/02/1968,6,39,0,INDETERMINADO,4,1,99,0,0,0,300,0,0,0,0
1968390080,20,19/02/1968,6,39,0,INDETERMINADO,4,1,99,0,0,0,120,0,0,0,0
1968390081,30,19/02/1968,6,39,0,INDETERMINADO,4,1,99,0,0,0,180,0,0,0,0
1968390099,300,19/02/1968,6,39,0,INDETERMINADO,4,1,99,0,0,0,480,0,0,0,0
1968390105,110,19/02/1968,6,39,0,INDETERMINADO,5,1,0,0,0,0,300,24,0,0,6
1968200110,30,20/02/1968,1,20,0,INDETERMINADO,2,1,90,0,0,0,180,0,0,0,0
1968390082,40,20/02/1968,6,39,0,INDETERMINADO,4,1,99,0,0,0,180,0,0,0,0
1968390092,30,21/02/1968,6,39,0,INDETERMINADO,5,1,0,0,0,0,300,0,0,0,0
1968390108,90,21/02/1968,6,39,0,INDETERMINADO,5,1,0,0,0,0,180,0,0,0,0
1968390100,20,22/02/1968,6,39,0,INDETERMINADO,4,1,99,0,0,0,120,0,0,0,0
1968390101,10,22/02/1968,6,39,0,INDETERMINADO,4,1,99,0,0,0,1500,0,0,0,0
1968390094,40,23/02/1968,6,39,0,INDETERMINADO,4,1,99,0,0,0,300,0,0,0,0
1968390095,100,23/02/1968,6,39,0,INDETERMINADO,4,1,99,0,0,0,360,0,0,0,0
1968390096,30,23/02/1968,6,39,0,INDETERMINADO,4,1,99,0,0,0,300,0,0,0,0
1968390106,580,23/02/1968,6,39,0,INDETERMINADO,4,1,99,0,0,0,420,51,1,0,5
1968390102,25,24/02/1968,6,39,0,INDETERMINADO,4,1,99,0,0,0,239,0,0,0,0
1968390118,30,03/03/1968,6,39,0,INDETERMINADO,5,1,0,0,0,0,180,0,0,0,0
1968150161,50,04/03/1968,3,15,0,INDETERMINADO,4,1,99,0,0,0,120,0,0,0,0
1968330127,140,04/03/1968,5,33,0,INDETERMINADO,3,1,20,0,0,0,240,0,0,0,0
1968330149,260,04/03/1968,5,33,0,INDETERMINADO,3,1,20,0,0,0,240,42,0,0,12
1968360129,15,04/03/1968,3,36,0,INDETERMINADO,5,1,0,0,0,0,180,0,0,0,0
1968360119,90,05/03/1968,3,36,0,INDETERMINADO,2,1,10,0,0,0,240,36,0,0,3
1968370116,120,05/03/1968,17,37,0,INDETERMINADO,2,1,40,0,0,0,360,0,0,0,0
1968370117,20,05/03/1968,17,37,0,INDETERMINADO,2,1,40,0,0,0,120,0,0,0,0
1968390131,30,05/03/1968,6,39,0,INDETERMINADO,2,1,10,0,0,0,120,0,0,0,0
1968490412,20,05/03/1968,17,49,0,INDETERMINADO,2,1,40,0,0,0,180,0,0,0,0
1968150173,1020,06/03/1968,3,15,0,INDETERMINADO,4,1,99,0,0,0,360,86,0,0,62
1968320121,10,06/03/1968,3,32,0,INDETERMINADO,5,1,0,0,0,0,60,0,0,0,0
1968360151,40,06/03/1968,3,36,0,INDETERMINADO,4,1,99,0,0,0,180,0,0,0,0
1968360152,960,06/03/1968,3,36,0,INDETERMINADO,4,1,99,0,0,0,360,84,0,0,46
1968390158,200,06/03/1968,6,39,0,INDETERMINADO,2,1,10,0,0,0,300,44,0,0,7
1968320122,10,07/03/1968,3,32,0,INDETERMINADO,5,1,0,0,0,0,60,0,0,0,0
1968320123,30,07/03/1968,3,32,0,INDETERMINADO,2,1,20,0,0,0,179,0,0,0,0
1968360120,49,07/03/1968,3,36,0,INDETERMINADO,2,1,20,0,0,0,360,0,0,0,0
1968500413,70,07/03/1968,10,50,0,INDETERMINADO,2,1,40,0,0,0,300,0,0,0,0
1968360197,40,08/03/1968,3,36,0,INDETERMINADO,5,1,0,0,0,0,120,0,0,0,0
1968270146,300,09/03/1968,3,27,0,INDETERMINADO,5,1,0,0,0,0,360,32,0,0,0
1968320124,50,09/03/1968,3,32,0,INDETERMINADO,5,1,0,0,0,0,660,0,0,0,0
1968320125,600,09/03/1968,3,32,0,INDETERMINADO,2,1,20,0,0,0,360,11,0,0,0
1968360130,30,09/03/1968,3,36,0,INDETERMINADO,2,1,50,0,0,0,120,0,0,0,0
1968320126,30,10/03/1968,3,32,0,INDETERMINADO,5,1,0,0,0,0,60,0,0,0,0
1968360153,352,10/03/1968,3,36,0,INDETERMINADO,4,1,99,0,0,0,299,22,0,0,7
1968360185,1100,10/03/1968,3,36,0,INDETERMINADO,4,1,99,0,0,0,660,43,0,0,24
1968360187,25,10/03/1968,3,36,0,INDETERMINADO,5,1,0,0,0,0,180,0,0,0,0
1968360189,400,10/03/1968,3,36,0,INDETERMINADO,5,1,0,0,0,0,420,0,0,0,0
1968220145,22,11/03/1968,10,22,0,INDETERMINADO,2,1,40,0,0,0,240,0,0,0,0
1968360133,20,11/03/1968,3,36,0,INDETERMINADO,5,1,0,0,0,0,360,0,0,0,0
1968270148,250,12/03/1968,3,27,0,INDETERMINADO,2,1,20,0,0,0,360,12,0,0,0
1968360134,10,13/03/1968,3,36,0,INDETERMINADO,5,1,0,0,0,0,60,0,0,0,0
1968360154,10,13/03/1968,3,36,0,INDETERMINADO,4,1,99,0,0,0,300,0,0,0,0
1968360190,1000,13/03/1968,3,36,0,INDETERMINADO,2,1,20,0,0,0,240,8,0,0,0
1968360211,600,13/03/1968,3,36,0,INDETERMINADO,4,1,99,0,0,0,540,102,0,0,8
1968370128,200,13/03/1968,17,37,0,INDETERMINADO,2,1,20,0,0,0,360,0,0,0,0
1968080306,10,14/03/1968,2,8,0,INDETERMINADO,5,1,0,0,0,0,120,0,0,0,0
1968320137,60,14/03/1968,3,32,0,INDETERMINADO,2,1,10,0,0,0,420,0,0,0,0
1968320138,30,14/03/1968,3,32,0,INDETERMINADO,2,1,10,0,0,0,120,0,0,0,0
1968320140,35,14/03/1968,3,32,0,INDETERMINADO,2,1,10,0,0,0,60,0,0,0,0
1968320235,20,14/03/1968,3,32,0,INDETERMINADO,5,1,0,0,0,0,360,0,0,0,0
1968340150,700,14/03/1968,17,34,0,INDETERMINADO,2,1,30,0,0,0,660,43,0,0,0
1968360135,80,14/03/1968,3,36,0,INDETERMINADO,4,1,99,0,0,0,300,0,0,0,0
1968360136,20,14/03/1968,3,36,0,INDETERMINADO,4,1,99,0,0,0,600,0,0,0,0
1968050163,60,15/03/1968,17,5,0,INDETERMINADO,2,1,40,0,0,0,240,0,0,0,0
1968470167,10,15/03/1968,17,47,0,INDETERMINADO,5,1,0,0,0,0,120,0,0,0,0
1968470169,30,15/03/1968,17,47,0,INDETERMINADO,2,1,10,0,0,0,180,0,0,0,0
1968080141,110,16/03/1968,2,8,0,INDETERMINADO,2,1,30,0,0,0,180,0,0,0,1
1968080142,50,16/03/1968,2,8,0,INDETERMINADO,4,1,99,0,0,0,180,0,0,0,0
1968160199,160,16/03/1968,11,16,0,INDETERMINADO,2,1,30,0,0,0,300,0,0,0,1
1968470172,90,16/03/1968,17,47,0,INDETERMINADO,2,1,50,0,0,0,300,9,0,0,2
1968020250,13,17/03/1968,11,2,0,INDETERMINADO,2,1,40,0,0,0,120,0,0,0,0
1968080196,40,17/03/1968,2,8,0,INDETERMINADO,5,1,0,0,0,0,180,0,0,0,0
1968090171,10,17/03/1968,17,9,0,INDETERMINADO,2,1,40,0,0,0,180,0,0,0,0
1968160200,40,17/03/1968,11,16,0,INDETERMINADO,2,1,50,0,0,0,120,0,0,0,0
1968430174,10,17/03/1968,2,43,0,INDETERMINADO,2,1,40,0,0,0,420,0,0,0,0
1968080307,12,18/03/1968,2,8,0,INDETERMINADO,5,1,0,0,0,0,240,0,0,0,0
1968220369,15,18/03/1968,10,22,0,INDETERMINADO,4,1,99,0,0,0,300,0,0,0,0
1968360155,30,18/03/1968,3,36,0,INDETERMINADO,5,1,0,0,0,0,240,0,0,0,0
1968360157,20,19/03/1968,3,36,0,INDETERMINADO,4,1,99,0,0,0,480,0,0,0,0
1968360162,25,19/03/1968,3,36,0,INDETERMINADO,4,1,99,0,0,0,180,0,0,0,0
1968360188,50,19/03/1968,3,36,0,INDETERMINADO,5,1,0,0,0,0,240,0,0,0,0
1968030262,20,21/03/1968,9,3,0,INDETERMINADO,2,1,10,0,0,0,240,0,0,0,0
1968080308,25,21/03/1968,2,8,0,INDETERMINADO,2,1,90,0,0,0,180,0,0,0,0
1968330202,50,21/03/1968,5,33,0,INDETERMINADO,5,1,0,0,0,0,239,0,0,0,0
1968080176,45,22/03/1968,2,8,0,INDETERMINADO,2,1,50,0,0,0,300,0,0,0,0
1968330203,25,22/03/1968,5,33,0,INDETERMINADO,3,1,20,0,0,0,300,0,0,0,0
1968460270,45,22/03/1968,9,46,0,INDETERMINADO,5,1,0,0,0,0,180,0,0,0,0
1968080177,110,23/03/1968,2,8,0,INDETERMINADO,2,1,50,0,0,0,180,30,4,0,3
1968080178,15,23/03/1968,2,8,0,INDETERMINADO,4,1,99,0,0,0,240,0,0,0,0
1968160201,20,23/03/1968,11,16,0,INDETERMINADO,5,1,0,0,0,0,180,0,0,0,0
1968330204,60,23/03/1968,5,33,0,INDETERMINADO,2,1,30,0,0,0,240,0,0,0,0
1968330205,30,23/03/1968,5,33,0,INDETERMINADO,2,1,20,0,0,0,240,0,0,0,0
1968330480,50,23/03/1968,5,33,0,INDETERMINADO,5,1,0,0,0,0,300,0,0,0,0
1968330515,610,23/03/1968,5,33,0,INDETERMINADO,5,1,0,0,0,0,420,22,0,0,0
1968390191,20,23/03/1968,6,39,0,INDETERMINADO,2,1,20,0,0,0,120,0,0,0,0
1968390192,80,23/03/1968,6,39,0,INDETERMINADO,4,1,99,0,0,0,300,0,0,0,0
1968390238,10,23/03/1968,6,39,0,INDETERMINADO,2,1,20,0,0,0,300,0,0,0,0
1968090309,876,24/03/1968,17,9,0,INDETERMINADO,5,1,0,0,0,0,360,54,0,0,46
1968090310,249,24/03/1968,17,9,0,INDETERMINADO,5,1,0,0,0,0,180,59,0,0,4
1968200313,360,24/03/1968,1,20,0,INDETERMINADO,5,1,0,0,0,0,360,101,1,0,42
1968330206,100,24/03/1968,5,33,0,INDETERMINADO,5,1,0,0,0,0,235,0,0,0,0
1968330295,50,24/03/1968,5,33,0,INDETERMINADO,2,1,90,0,0,0,60,0,0,0,0
1968330296,1030,24/03/1968,5,33,0,INDETERMINADO,4,1,99,0,0,0,720,100,0,0,1
1968330297,1000,24/03/1968,5,33,0,INDETERMINADO,4,1,99,0,0,0,420,70,0,0,0
1968390193,20,24/03/1968,6,39,0,INDETERMINADO,4,1,99,0,0,0,120,0,0,0,0
1968390239,50,24/03/1968,6,39,0,INDETERMINADO,4,1,99,0,0,0,480,28,0,0,3
1968390241,510,24/03/1968,6,39,0,INDETERMINADO,4,1,99,0,0,0,360,40,0,0,28
1968430267,20,24/03/1968,2,43,0,INDETERMINADO,2,1,40,0,0,0,360,0,0,0,0
1968330207,60,25/03/1968,5,33,0,INDETERMINADO,5,1,0,0,0,0,780,0,0,0,0
1968080179,40,26/03/1968,2,8,0,INDETERMINADO,5,1,0,0,0,0,240,0,0,0,0
1968290282,3006,26/03/1968,4,29,0,INDETERMINADO,5,1,0,0,0,0,2340,48,1,0,26
1968330221,10,26/03/1968,5,33,0,INDETERMINADO,5,1,0,0,0,0,360,0,0,0,0
1968430268,20,26/03/1968,2,43,0,INDETERMINADO,2,1,10,0,0,0,780,0,0,0,0
1968180253,150,27/03/1968,4,18,0,INDETERMINADO,2,1,40,0,0,0,120,5,0,0,5
1968190274,1450,27/03/1968,11,19,0,INDETERMINADO,2,1,10,0,0,0,480,67,0,0,20
1968270280,52,27/03/1968,3,27,0,INDETERMINADO,5,1,0,0,0,0,60,0,0,0,0
1968280461,100,27/03/1968,16,28,0,INDETERMINADO,2,1,40,0,0,0,240,74,0,0,2
1968320236,950,27/03/1968,3,32,0,INDETERMINADO,2,1,20,0,0,0,300,161,0,0,22
1968330222,30,27/03/1968,5,33,0,INDETERMINADO,5,1,0,0,0,0,299,0,0,0,0
1968330396,35,27/03/1968,5,33,0,INDETERMINADO,5,1,0,0,0,0,300,0,0,0,0
1968390194,500,27/03/1968,6,39,0,INDETERMINADO,4,1,99,0,0,0,180,0,0,0,0
1968390212,50,27/03/1968,6,39,0,INDETERMINADO,4,1,99,0,0,0,660,0,0,0,0
1968390213,350,27/03/1968,6,39,0,INDETERMINADO,4,1,99,0,0,0,300,0,0,0,0
1968390214,40,27/03/1968,6,39,0,INDETERMINADO,4,1,99,0,0,0,30,0,0,0,0
1968390226,63,27/03/1968,6,39,0,INDETERMINADO,4,1,99,0,0,0,660,0,0,0,0
1968390243,60,27/03/1968,6,39,0,INDETERMINADO,4,1,99,0,0,0,540,0,0,0,0
1968430357,500,27/03/1968,2,43,0,INDETERMINADO,2,1,10,0,0,0,780,40,0,0,5
1968440361,115,27/03/1968,10,44,0,INDETERMINADO,5,1,0,0,0,0,420,53,0,0,0
1968030290,1250,28/03/1968,9,3,0,INDETERMINADO,2,1,50,0,0,0,1020,85,1,0,13
1968080263,144,28/03/1968,2,8,0,INDETERMINADO,2,1,40,0,0,0,300,26,0,0,10
1968160231,20,28/03/1968,11,16,0,INDETERMINADO,2,1,20,0,0,0,60,0,0,0,0
1968160232,80,28/03/1968,11,16,0,INDETERMINADO,2,1,40,0,0,0,420,22,0,0,1
1968170433,40,28/03/1968,2,17,0,INDETERMINADO,5,1,0,0,0,0,480,0,0,0,0
1968200291,120,28/03/1968,1,20,0,INDETERMINADO,5,1,0,0,0,0,180,0,0,0,0
1968200340,420,28/03/1968,1,20,0,INDETERMINADO,2,1,30,0,0,0,240,35,1,0,33
1968240264,260,28/03/1968,17,24,0,INDETERMINADO,5,1,0,0,0,0,240,0,0,0,3
1968250219,120,28/03/1968,2,25,0,INDETERMINADO,2,1,20,0,0,0,900,0,0,0,0
1968250278,80,28/03/1968,2,25,0,INDETERMINADO,5,1,0,0,0,0,180,67,0,0,4
1968260294,1555,28/03/1968,7,26,0,INDETERMINADO,5,1,0,0,0,0,660,110,0,0,0
1968270281,180,28/03/1968,3,27,0,INDETERMINADO,5,1,0,0,0,0,360,43,0,0,10
1968320237,30,28/03/1968,3,32,0,INDETERMINADO,4,1,99,0,0,0,120,0,0,0,0
1968330209,30,28/03/1968,5,33,0,INDETERMINADO,2,1,30,0,0,0,240,0,0,0,0
1968330210,2000,28/03/1968,5,33,0,INDETERMINADO,5,1,0,0,0,0,660,360,0,0,55
1968330223,100,28/03/1968,5,33,0,INDETERMINADO,2,1,20,0,0,0,540,0,0,0,0
1968330224,70,28/03/1968,5,33,0,INDETERMINADO,5,1,0,0,0,0,120,0,0,0,0
1968330225,10,28/03/1968,5,33,0,INDETERMINADO,2,1,20,0,0,0,300,0,0,0,0
1968330283,50,28/03/1968,5,33,0,INDETERMINADO,4,1,99,0,0,0,240,0,0,0,5
1968330299,20,28/03/1968,5,33,0,INDETERMINADO,5,1,0,0,0,0,300,0,0,0,0
1968330397,40,28/03/1968,5,33,0,INDETERMINADO,4,1,99,0,0,0,780,0,0,0,0
1968390216,30,28/03/1968,6,39,0,INDETERMINADO,4,1,99,0,0,0,360,0,0,0,0
1968390217,35,28/03/1968,6,39,0,INDETERMINADO,4,1,99,0,0,0,480,0,0,0,0
1968390227,30,28/03/1968,6,39,0,INDETERMINADO,4,1,99,0,0,0,300,0,0,0,0
1968390240,400,28/03/1968,6,39,0,INDETERMINADO,4,1,99,0,0,0,960,35,0,0,0
1968390244,10,28/03/1968,6,39,0,INDETERMINADO,4,1,99,0,0,0,120,0,0,0,0
1968390260,840,28/03/1968,6,39,0,INDETERMINADO,4,1,99,0,0,0,780,50,1,0,33
1968390287,150,28/03/1968,6,39,0,INDETERMINADO,2,1,10,0,0,0,540,0,0,0,0
1968430269,220,28/03/1968,2,43,0,INDETERMINADO,2,1,50,0,0,0,240,0,0,0,0
1968430358,260,28/03/1968,2,43,0,INDETERMINADO,2,1,40,0,0,0,600,0,0,0,0
1968460251,16,28/03/1968,9,46,0,INDETERMINADO,2,1,40,0,0,0,60,0,0,0,0
1968170434,200,29/03/1968,2,17,0,INDETERMINADO,5,1,0,0,0,0,779,28,0,0,2
1968200254,15,29/03/1968,1,20,0,INDETERMINADO,5,1,0,0,0,0,120,0,0,0,0
1968270547,40,29/03/1968,3,27,0,INDETERMINADO,5,1,0,0,0,0,240,0,0,0,0
1968330284,80,29/03/1968,5,33,0,INDETERMINADO,4,1,99,0,0,0,420,30,0,0,18
1968330285,100,29/03/1968,5,33,0,INDETERMINADO,4,1,99,0,0,0,240,0,0,0,0
1968390228,450,29/03/1968,6,39,0,INDETERMINADO,4,1,99,0,0,0,360,0,0,0,0
1968390261,315,29/03/1968,6,39,0,INDETERMINADO,4,1,99,0,0,0,420,0,0,0,0
1968390229,200,30/03/1968,6,39,0,INDETERMINADO,4,1,99,0,0,0,180,0,0,0,0
1968050301,120,02/04/1968,17,5,0,INDETERMINADO,2,1,10,0,0,0,240,26,0,0,1
1968250279,20,02/04/1968,2,25,0,INDETERMINADO,3,1,40,0,0,0,180,0,0,0,0
1968390265,60,02/04/1968,6,39,0,INDETERMINADO,4,1,99,0,0,0,240,0,0,0,0
1968240255,140,03/04/1968,17,24,0,INDETERMINADO,5,1,0,0,0,0,180,0,0,0,0
1968500414,20,05/04/1968,10,50,0,INDETERMINADO,2,1,40,0,0,0,120,0,0,0,0
1968170435,50,06/04/1968,2,17,0,INDETERMINADO,2,1,30,0,0,0,120,25,0,0,0
1968430359,30,07/04/1968,2,43,0,INDETERMINADO,2,1,10,0,0,0,180,0,0,0,0
1968080303,70,08/04/1968,2,8,0,INDETERMINADO,5,1,0,0,0,0,360,0,0,0,0
1968250321,20,08/04/1968,2,25,0,INDETERMINADO,2,1,20,0,0,0,60,0,0,0,0
1968260314,20,08/04/1968,7,26,0,INDETERMINADO,4,1,99,0,0,0,120,0,0,0,0
1968330323,40,09/04/1968,5,33,0,INDETERMINADO,5,1,0,0,0,0,360,0,0,0,0
1968360259,340,09/04/1968,3,36,0,INDETERMINADO,4,1,99,0,0,0,659,0,0,0,0
1968270548,345,10/04/1968,3,27,0,INDETERMINADO,2,1,50,0,0,0,120,0,0,0,0
1968330286,30,10/04/1968,5,33,0,INDETERMINADO,2,1,20,0,0,0,300,0,0,0,0
1968080304,57,11/04/1968,2,8,0,INDETERMINADO,5,1,0,0,0,0,300,57,1,0,1
1968200293,50,11/04/1968,1,20,0,INDETERMINADO,4,1,99,0,0,0,240,0,0,0,0
1968270364,255,11/04/1968,3,27,0,INDETERMINADO,5,1,0,0,0,0,360,49,0,0,14
1968320258,250,11/04/1968,3,32,0,INDETERMINADO,1,1,0,0,0,0,300,16,0,0,11
1968330324,14,11/04/1968,5,33,0,INDETERMINADO,4,1,99,0,0,0,120,0,0,0,0
1968390288,100,11/04/1968,6,39,0,INDETERMINADO,4,1,99,0,0,0,480,0,0,0,0
1968390289,50,11/04/1968,6,39,0,INDETERMINADO,4,1,99,0,0,0,420,0,0,0,0
1968090230,40,12/04/1968,17,9,0,INDETERMINADO,5,1,0,0,0,0,360,0,0,0,0
1968150302,200,12/04/1968,3,15,0,INDETERMINADO,4,1,99,0,0,0,240,40,0,0,4
1968200419,82,12/04/1968,1,20,0,INDETERMINADO,4,1,99,0,0,0,120,92,1,0,5
1968260315,20,12/04/1968,7,26,0,INDETERMINADO,4,1,99,0,0,0,180,0,0,0,0
1968270477,47,12/04/1968,3,27,0,INDETERMINADO,5,1,0,0,0,0,360,0,0,0,0
1968320382,49,12/04/1968,3,32,0,INDETERMINADO,5,1,0,0,0,0,720,0,0,0,0
1968490379,100,14/04/1968,17,49,0,INDETERMINADO,2,1,90,0,0,0,600,0,0,0,0
1968200995,10,16/04/1968,1,20,0,INDETERMINADO,2,1,30,0,0,0,60,0,0,0,0
1968390343,50,16/04/1968,6,39,0,INDETERMINADO,4,1,99,0,0,0,240,0,0,0,0
1968390370,150,16/04/1968,6,39,0,INDETERMINADO,2,1,10,0,0,0,180,34,0,0,0
1968200385,30,17/04/1968,1,20,0,INDETERMINADO,5,1,0,0,0,0,60,0,0,0,1
1968390344,490,17/04/1968,6,39,0,INDETERMINADO,2,1,90,0,0,0,420,130,0,0,8
1968090404,1338,18/04/1968,17,9,0,INDETERMINADO,4,1,99,0,0,0,480,47,1,0,89
1968250342,27,18/04/1968,2,25,0,INDETERMINADO,2,1,50,0,0,0,1200,0,0,0,1
1968390424,660,18/04/1968,6,39,0,INDETERMINADO,4,1,99,0,0,0,420,70,0,0,1
1968090311,90,19/04/1968,17,9,0,INDETERMINADO,4,1,99,0,0,0,1140,0,0,0,0
1968090312,20,19/04/1968,17,9,0,INDETERMINADO,4,1,99,0,0,0,240,0,0,0,0
1968090318,110,19/04/1968,17,9,0,INDETERMINADO,5,1,0,0,0,0,480,0,0,0,0
1968390346,20,19/04/1968,6,39,0,INDETERMINADO,4,1,99,0,0,0,360,0,0,0,0
1968390371,490,19/04/1968,6,39,0,INDETERMINADO,4,1,99,0,0,0,480,17,0,0,56
1968500415,60,19/04/1968,10,50,0,INDETERMINADO,5,1,0,0,0,0,180,0,0,0,0
1968090338,40,20/04/1968,17,9,0,INDETERMINADO,5,1,0,0,0,0,420,0,0,0,0
1968330420,50,20/04/1968,5,33,0,INDETERMINADO,2,1,20,0,0,0,420,0,0,0,0
1968390325,40,20/04/1968,6,39,0,INDETERMINADO,4,1,99,0,0,0,180,0,0,0,0
1968390347,40,20/04/1968,6,39,0,INDETERMINADO,4,1,99,0,0,0,180,0,0,0,0
1968390348,150,20/04/1968,6,39,0,INDETERMINADO,4,1,99,0,0,0,1020,0,0,0,0
1968080337,38,21/04/1968,2,8,0,INDETERMINADO,2,1,50,0,0,0,300,0,0,0,0
1968090320,80,21/04/1968,17,9,0,INDETERMINADO,4,1,99,0,0,0,240,0,0,0,0
1968170436,52,21/04/1968,2,17,0,INDETERMINADO,5,1,0,0,0,0,479,20,0,0,4
1968330421,40,21/04/1968,5,33,0,INDETERMINADO,5,1,0,0,0,0,120,0,0,0,1
1968390349,60,21/04/1968,6,39,0,INDETERMINADO,4,1,99,0,0,0,720,0,0,0,0
1968390372,50,21/04/1968,6,39,0,INDETERMINADO,4,1,99,0,0,0,180,0,0,0,0
1968390373,50,21/04/1968,6,39,0,INDETERMINADO,4,1,99,0,0,0,360,0,0,0,0
1968090339,50,22/04/1968,17,9,0,INDETERMINADO,5,1,0,0,0,0,420,0,0,0,0
1968240363,100,22/04/1968,17,24,0,INDETERMINADO,2,1,20,0,0,0,540,0,0,0,0
1968360330,20,22/04/1968,3,36,0,INDETERMINADO,2,1,50,0,0,0,120,0,0,0,0
1968370444,300,22/04/1968,17,37,0,INDETERMINADO,5,1,0,0,0,0,420,165,0,0,20
1968390351,150,22/04/1968,6,39,0,INDETERMINADO,4,1,99,0,0,0,480,0,0,0,0
1968090319,30,24/04/1968,17,9,0,INDETERMINADO,4,1,99,0,0,0,660,0,0,0,0
1968220406,40,24/04/1968,10,22,0,INDETERMINADO,5,1,0,0,0,0,240,0,0,0,0
1968250389,20,24/04/1968,2,25,0,INDETERMINADO,2,1,50,0,0,0,120,0,0,0,0
1968330442,350,24/04/1968,5,33,0,INDETERMINADO,2,1,30,0,0,0,420,153,0,0,5
1968390374,250,24/04/1968,6,39,0,INDETERMINADO,4,1,99,0,0,0,540,15,1,0,3
1968490380,30,24/04/1968,17,49,0,INDETERMINADO,5,1,0,0,0,0,360,0,0,0,0
1968100430,10,25/04/1968,14,10,0,INDETERMINADO,2,1,90,0,0,0,60,0,0,0,0
1968170437,20,25/04/1968,2,17,0,INDETERMINADO,5,1,0,0,0,0,240,0,0,0,2
1968200388,65,25/04/1968,1,20,0,INDETERMINADO,5,1,0,0,0,0,180,0,0,0,0
1968330398,14,25/04/1968,5,33,0,INDETERMINADO,5,1,0,0,0,0,60,0,0,0,0
1968330399,50,25/04/1968,5,33,0,INDETERMINADO,4,1,99,0,0,0,240,0,0,0,0
1968210395,85,26/04/1968,4,21,0,INDETERMINADO,5,1,0,0,0,0,240,28,2,0,4
1968390353,10,26/04/1968,6,39,0,INDETERMINADO,4,1,99,0,0,0,240,0,0,0,0
1968390375,620,27/04/1968,6,39,0,INDETERMINADO,4,1,99,0,0,0,600,21,0,0,27
1968390354,30,28/04/1968,6,39,0,INDETERMINADO,2,1,30,0,0,0,180,0,0,0,0
1968390355,100,28/04/1968,6,39,0,INDETERMINADO,2,1,20,0,0,0,300,12,0,0,0
1968390356,10,28/04/1968,6,39,0,INDETERMINADO,3,1,20,0,0,0,120,0,0,0,0
1968390376,35,28/04/1968,6,39,0,INDETERMINADO,2,1,30,0,0,0,120,0,0,0,0
1968080365,15,30/04/1968,2,8,0,INDETERMINADO,5,1,0,0,0,0,239,0,0,0,0
1968330400,25,30/04/1968,5,33,0,INDETERMINADO,5,1,0,0,0,0,1260,0,0,0,0
1968080366,20,01/05/1968,2,8,0,INDETERMINADO,4,1,99,0,0,0,180,0,0,0,0
1968080367,17,01/05/1968,2,8,0,INDETERMINADO,5,1,0,0,0,0,240,0,0,0,0
1968390425,200,01/05/1968,6,39,0,INDETERMINADO,4,1,99,0,0,0,239,5,0,0,4
1968430410,15,01/05/1968,2,43,0,INDETERMINADO,2,1,40,0,0,0,300,0,0,0,0
1968390377,30,02/05/1968,6,39,0,INDETERMINADO,4,1,99,0,0,0,120,0,0,0,0
1968080392,30,03/05/1968,2,8,0,INDETERMINADO,5,1,0,0,0,0,180,0,0,0,0
1968500416,20,03/05/1968,10,50,0,INDETERMINADO,5,1,0,0,0,0,60,0,0,0,0
1968030418,205,07/05/1968,9,3,0,INDETERMINADO,2,1,10,0,0,0,720,0,0,0,0
1968170438,160,08/05/1968,2,17,0,INDETERMINADO,5,1,0,0,0,0,180,27,0,0,4
1968080428,20,13/05/1968,2,8,0,INDETERMINADO,2,1,50,0,0,0,180,0,0,0,1
1968340409,10,13/05/1968,17,34,0,INDETERMINADO,2,1,50,0,0,0,60,0,0,0,0
1968090405,210,14/05/1968,17,9,0,INDETERMINADO,2,1,30,0,0,0,240,0,0,0,0
1968090429,60,14/05/1968,17,9,0,INDETERMINADO,5,1,0,0,0,0,480,0,0,0,0
1968150431,300,14/05/1968,3,15,0,INDETERMINADO,5,1,0,0,0,0,301,57,0,0,16
1968060484,142,15/05/1968,14,6,0,INDETERMINADO,3,1,30,0,0,0,360,32,0,0,4
1968210450,27,15/05/1968,4,21,0,INDETERMINADO,2,1,40,0,0,0,60,0,0,0,0
1968390443,15,15/05/1968,6,39,0,INDETERMINADO,4,1,99,0,0,0,540,0,0,0,0
1968240465,70,16/05/1968,17,24,0,INDETERMINADO,5,1,0,0,0,0,540,0,0,0,0
1968360489,52,16/05/1968,3,36,0,INDETERMINADO,4,1,99,0,0,0,60,0,0,0,0
1968400445,12,16/05/1968,17,40,0,INDETERMINADO,2,1,30,0,0,0,180,0,0,0,0
1968090473,45,17/05/1968,17,9,0,INDETERMINADO,2,1,20,0,0,0,360,0,0,0,0
1968390441,70,17/05/1968,6,39,0,INDETERMINADO,4,1,99,0,0,0,420,0,0,0,0
1968390452,20,17/05/1968,6,39,0,INDETERMINADO,4,1,99,0,0,0,120,0,0,0,0
1968090472,100,18/05/1968,17,9,0,INDETERMINADO,5,1,0,0,0,0,660,0,0,0,0
1968160432,30,18/05/1968,11,16,0,INDETERMINADO,1,1,0,0,0,0,300,0,0,0,0
1968330467,30,18/05/1968,5,33,0,INDETERMINADO,5,1,0,0,0,0,420,0,0,0,0
1968370455,30,18/05/1968,17,37,0,INDETERMINADO,1,1,0,0,0,0,420,0,0,0,1
1968080449,5300000000000001,19/05/1968,2,8,0,INDETERMINADO,5,1,0,0,0,0,480,0,0,0,1
1968080458,47,19/05/1968,2,8,0,INDETERMINADO,2,1,40,0,0,0,240,0,0,0,0
1968380460,10,22/05/1968,12,38,0,INDETERMINADO,5,1,0,0,0,0,360,0,0,0,0
1968330481,100,30/05/1968,5,33,0,INDETERMINADO,2,1,20,0,0,0,660,0,0,0,0
1968470478,20,02/06/1968,17,47,0,INDETERMINADO,5,1,0,0,0,0,100,0,0,0,0
1968270551,60,05/06/1968,3,27,0,INDETERMINADO,5,1,0,0,0,0,120,0,0,0,0
1968330482,100,06/06/1968,5,33,0,INDETERMINADO,2,1,20,0,0,0,900,0,0,0,0
1968270552,150,07/06/1968,3,27,0,INDETERMINADO,2,1,30,0,0,0,900,0,0,0,0
1968430483,20,07/06/1968,2,43,0,INDETERMINADO,2,1,50,0,0,0,180,0,0,0,0
1968150486,10,08/06/1968,3,15,0,INDETERMINADO,5,1,0,0,0,0,300,0,0,0,0
1968100504,51,09/06/1968,14,10,0,INDETERMINADO,2,1,50,0,0,0,360,0,0,0,0
1968100505,3500,09/06/1968,14,10,0,INDETERMINADO,2,1,20,0,0,0,360,40,0,0,0
1968330491,800,09/06/1968,5,33,0,INDETERMINADO,5,1,0,0,0,0,2340,75,0,0,0
1968450500,13,09/06/1968,11,45,0,INDETERMINADO,2,1,50,0,0,0,60,0,0,0,0
1968160497,20,10/06/1968,11,16,0,INDETERMINADO,5,1,0,0,0,0,60,0,0,0,0
1968240508,200,10/06/1968,17,24,0,INDETERMINADO,5,1,0,0,0,0,480,151,1,24,2
1968240509,305,10/06/1968,17,24,0,INDETERMINADO,5,1,0,0,0,0,300,7,0,0,1
1968490511,1014,10/06/1968,17,49,0,INDETERMINADO,1,1,0,0,0,0,1080,316,1,0,69
1968151162,400,11/06/1968,3,15,0,INDETERMINADO,2,1,50,0,0,0,1200,170,2,0,5
1968270535,49,11/06/1968,3,27,0,INDETERMINADO,5,1,0,0,0,0,240,0,0,0,1
1968330492,200,11/06/1968,5,33,0,INDETERMINADO,2,1,20,0,0,0,660,0,0,0,0
1968330542,180,11/06/1968,5,33,0,INDETERMINADO,2,1,90,0,0,0,360,0,0,0,0
1968340488,1200,11/06/1968,17,34,0,INDETERMINADO,5,1,0,0,0,0,1200,25,0,0,0
1968270570,730,12/06/1968,3,27,0,INDETERMINADO,2,1,40,0,0,0,540,40,1,0,51
1968330539,282,12/06/1968,5,33,0,INDETERMINADO,5,1,0,0,0,0,1080,0,0,0,0
1968110531,15,14/06/1968,4,11,0,INDETERMINADO,2,1,30,0,0,0,60,0,0,0,0
1968160498,10,14/06/1968,11,16,0,INDETERMINADO,1,1,0,0,0,0,300,0,0,0,0
1968270534,460,14/06/1968,3,27,0,INDETERMINADO,2,1,90,0,0,0,720,0,0,0,6
1968320538,350,14/06/1968,3,32,0,INDETERMINADO,4,1,99,0,0,0,540,35,0,0,37
1968040495,20,15/06/1968,4,4,0,INDETERMINADO,1,1,0,0,0,0,60,0,0,0,0
1968390493,20,15/06/1968,6,39,0,INDETERMINADO,4,1,99,0,0,0,120,0,0,0,0
1968270572,10,16/06/1968,3,27,0,INDETERMINADO,2,1,50,0,0,0,60,0,0,0,0
1968470526,900,16/06/1968,17,47,0,INDETERMINADO,2,1,50,0,0,0,420,52,3,12,1
1968470553,10,16/06/1968,17,47,0,INDETERMINADO,2,1,50,0,0,0,60,0,0,0,0
1968500513,20,16/06/1968,10,50,0,INDETERMINADO,2,1,90,0,0,0,180,0,0,0,0
1968230507,40,17/06/1968,4,23,0,INDETERMINADO,2,1,90,0,0,0,60,0,0,0,0
1968330540,10,18/06/1968,5,33,0,INDETERMINADO,1,1,0,0,0,0,960,0,0,0,0
1968360516,20,18/06/1968,3,36,0,INDETERMINADO,5,1,0,0,0,0,180,0,0,0,0
1968230561,11,20/06/1968,4,23,0,INDETERMINADO,2,1,50,0,0,0,1140,0,0,0,0
1968070521,20,21/06/1968,15,7,0,INDETERMINADO,2,1,50,0,0,0,179,0,0,0,0
1968330601,80,21/06/1968,5,33,0,INDETERMINADO,3,1,20,0,0,0,240,0,0,0,0
1968090575,28,22/06/1968,17,9,0,INDETERMINADO,3,1,30,0,0,0,120,0,0,12,0
1968410518,140,22/06/1968,4,41,0,INDETERMINADO,5,1,0,0,0,0,180,0,0,0,0
1968450501,250,22/06/1968,11,45,0,INDETERMINADO,3,1,30,0,0,0,120,0,0,0,0
1968100506,1500,23/06/1968,14,10,0,INDETERMINADO,2,1,50,0,0,0,120,30,0,0,0
1968100614,100,23/06/1968,14,10,0,INDETERMINADO,4,1,99,0,0,0,420,24,0,0,0
1968140514,200,23/06/1968,4,14,0,INDETERMINADO,5,1,0,0,0,0,60,8,0,0,0
1968290510,50,23/06/1968,4,29,0,INDETERMINADO,2,1,50,0,0,0,180,0,0,0,0
1968281049,10,25/06/1968,16,28,0,INDETERMINADO,2,1,50,0,0,0,60,0,0,0,0
1968290536,40,25/06/1968,4,29,0,INDETERMINADO,2,1,50,0,0,0,60,0,0,0,0
1968280593,10,26/06/1968,16,28,0,INDETERMINADO,3,1,20,0,0,0,60,0,0,0,0
1968281050,460,26/06/1968,16,28,0,INDETERMINADO,5,1,0,0,0,0,240,0,0,0,0
1968470554,210,26/06/1968,17,47,0,INDETERMINADO,2,1,40,0,0,0,120,20,1,0,3
1968230690,200,27/06/1968,4,23,0,INDETERMINADO,2,1,10,0,0,0,420,242,0,0,0
1968470583,150,27/06/1968,17,47,0,INDETERMINADO,2,1,40,0,0,0,180,20,1,0,1
1968490568,30,27/06/1968,17,49,0,INDETERMINADO,5,1,0,0,0,0,59,0,0,0,0
1968030527,50,28/06/1968,9,3,0,INDETERMINADO,3,1,20,0,0,0,300,0,0,0,0
1968080528,10,28/06/1968,2,8,0,INDETERMINADO,2,1,20,0,0,0,239,0,0,0,0
1968100615,2050,28/06/1968,14,10,0,INDETERMINADO,3,1,10,0,0,0,240,74,2,0,0
1968281051,20,28/06/1968,16,28,0,INDETERMINADO,2,1,90,0,0,0,60,0,0,0,0
1968460610,260,28/06/1968,9,46,0,INDETERMINADO,5,1,0,0,0,0,420,0,0,0,0
1968070544,45,29/06/1968,15,7,0,INDETERMINADO,2,1,50,0,0,0,240,0,0,0,0
1968100616,70,29/06/1968,14,10,0,INDETERMINADO,2,1,50,0,0,0,120,0,0,0,0
1968280594,23,29/06/1968,16,28,0,INDETERMINADO,2,1,20,0,0,0,60,0,0,0,0
1968280624,15,29/06/1968,16,28,0,INDETERMINADO,5,1,0,0,0,0,60,0,0,0,0
1968050559,12,30/06/1968,17,5,0,INDETERMINADO,2,1,50,0,0,0,120,0,0,0,0
1968070545,10,30/06/1968,15,7,0,INDETERMINADO,2,1,50,0,0,0,120,0,0,0,0
1968080523,10,30/06/1968,2,8,0,INDETERMINADO,2,1,40,0,0,0,120,0,0,0,0
1968100617,80,30/06/1968,14,10,0,INDETERMINADO,2,1,50,0,0,0,120,0,0,0,0
1968100618,15000,30/06/1968,14,10,0,INDETERMINADO,5,1,0,0,0,0,900,251,3,0,0
1968230546,1000,30/06/1968,4,23,0,INDETERMINADO,5,1,0,0,0,0,420,30,0,0,0
1968270578,390,30/06/1968,3,27,0,INDETERMINADO,1,1,0,0,0,0,1140,36,0,0,11
1968270793,2200,30/06/1968,3,27,0,INDETERMINADO,1,1,0,0,0,0,2519,70,0,0,14
1968280699,520,30/06/1968,16,28,0,INDETERMINADO,2,1,50,0,0,0,480,42,2,0,0
1968330602,520,30/06/1968,5,33,0,INDETERMINADO,1,1,0,0,0,0,1560,50,0,0,9
1968330603,"5,1E+016",30/06/1968,5,33,0,INDETERMINADO,3,1,20,0,0,0,300,0,0,0,0
1968330604,400,30/06/1968,5,33,0,INDETERMINADO,1,1,0,0,0,0,1560,150,0,0,10
1968330605,30,30/06/1968,5,33,0,INDETERMINADO,1,1,0,0,0,0,360,0,0,0,6
1968330606,20,30/06/1968,5,33,0,INDETERMINADO,1,1,0,0,0,0,120,0,0,0,2
1968330607,30,30/06/1968,5,33,0,INDETERMINADO,1,1,0,0,0,0,240,0,0,0,1
1968330801,320,30/06/1968,5,33,0,INDETERMINADO,1,1,0,0,0,0,840,46,0,0,28
1968330802,350,30/06/1968,5,33,0,INDETERMINADO,1,1,0,0,0,0,840,36,0,0,19
1968330803,100,30/06/1968,5,33,0,INDETERMINADO,1,1,0,0,0,0,420,10,0,0,15
1968330804,150,30/06/1968,5,33,0,INDETERMINADO,1,1,0,0,0,0,600,39,0,0,22
1968330805,200,30/06/1968,5,33,0,INDETERMINADO,1,1,0,0,0,0,1440,7,0,0,19
1968330806,300,30/06/1968,5,33,0,INDETERMINADO,1,1,0,0,0,0,240,29,0,0,19
1968330807,80,30/06/1968,5,33,0,INDETERMINADO,1,1,0,0,0,0,660,16,0,0,2
1968210524,15,01/07/1968,4,21,0,INDETERMINADO,2,1,50,0,0,0,60,0,0,0,0
1968210751,82,01/07/1968,4,21,0,INDETERMINADO,2,1,30,0,0,0,240,19,0,0,1
1968230790,6600,01/07/1968,4,23,0,INDETERMINADO,3,1,30,0,0,0,600,19,1,3,0
1968240692,50,01/07/1968,17,24,0,INDETERMINADO,2,1,10,0,0,0,240,0,0,0,0
1968280595,170,01/07/1968,16,28,0,INDETERMINADO,5,1,0,0,0,0,120,168,0,0,5
1968410719,2910,01/07/1968,4,41,0,INDETERMINADO,2,1,50,0,0,0,540,42,0,1,0
1968470584,390,01/07/1968,17,47,0,INDETERMINADO,2,1,40,0,0,0,120,36,3,0,1
1968140532,100,02/07/1968,4,14,0,INDETERMINADO,5,1,0,0,0,0,180,0,0,0,0
1968321474,600,02/07/1968,3,32,0,INDETERMINADO,5,1,0,0,0,0,2820,11,1,0,25
1968410640,10,02/07/1968,4,41,0,INDETERMINADO,2,1,90,0,0,0,300,0,0,0,0
1968410720,20,02/07/1968,4,41,0,INDETERMINADO,5,1,0,0,0,0,120,0,0,0,0
1968470612,20,02/07/1968,17,47,0,INDETERMINADO,2,1,40,0,0,0,120,0,0,0,0
1968270794,10,03/07/1968,3,27,0,INDETERMINADO,3,1,10,0,0,0,120,0,0,0,0
1968280757,10,03/07/1968,16,28,0,INDETERMINADO,2,1,50,0,0,0,120,0,0,0,0
1968050629,50,04/07/1968,17,5,0,INDETERMINADO,5,1,0,0,0,0,120,0,0,0,0
1968280700,10,04/07/1968,16,28,0,INDETERMINADO,2,1,50,0,0,0,240,0,0,0,0
1968280758,50,04/07/1968,16,28,0,INDETERMINADO,5,1,0,0,0,0,120,0,0,0,0
1968100619,50,05/07/1968,14,10,0,INDETERMINADO,2,1,50,0,0,0,30,0,0,0,0
1968190748,150,05/07/1968,11,19,0,INDETERMINADO,2,1,30,0,0,0,180,160,1,48,0
1968280596,20,05/07/1968,16,28,0,INDETERMINADO,5,1,0,0,0,0,60,0,0,0,0
1968280597,20,05/07/1968,16,28,0,INDETERMINADO,2,1,50,0,0,0,60,0,0,0,0
1968280701,80,05/07/1968,16,28,0,INDETERMINADO,5,1,0,0,0,0,60,0,0,0,0
1968320564,50,05/07/1968,3,32,0,INDETERMINADO,2,1,20,0,0,0,60,0,0,0,0
1968320565,100,05/07/1968,3,32,0,INDETERMINADO,2,1,20,0,0,0,120,0,0,0,0
1968210621,70,06/07/1968,4,21,0,INDETERMINADO,2,1,50,0,0,0,60,43,3,0,4
1968240693,40,06/07/1968,17,24,0,INDETERMINADO,5,1,0,0,0,0,420,0,0,0,0
1968080613,19,07/07/1968,2,8,0,INDETERMINADO,5,1,0,0,0,0,240,0,0,0,0
1968280702,20,07/07/1968,16,28,0,INDETERMINADO,2,1,90,0,0,0,60,0,0,0,0
1968280703,880,07/07/1968,16,28,0,INDETERMINADO,2,1,40,0,0,0,660,180,2,0,8
1968411010,9000,07/07/1968,4,41,0,INDETERMINADO,4,1,99,0,0,0,1620,29,0,0,0
1968160657,150,08/07/1968,11,16,0,INDETERMINADO,3,1,20,0,0,0,180,62,1,0,4
1968230623,166,08/07/1968,4,23,0,INDETERMINADO,3,1,20,0,0,0,120,57,1,0,2
1968270950,400,08/07/1968,3,27,0,INDETERMINADO,5,1,0,0,0,0,600,0,0,0,1
1968450671,15,08/07/1968,11,45,0,INDETERMINADO,2,1,50,0,0,0,180,0,0,0,0
1968080598,42,09/07/1968,2,8,0,INDETERMINADO,2,1,50,0,0,0,240,0,0,0,0
1968100620,50,09/07/1968,14,10,0,INDETERMINADO,1,1,0,0,0,0,120,0,0,0,0
1968100970,50,09/07/1968,14,10,0,INDETERMINADO,3,1,10,0,0,0,60,0,0,0,0
1968111068,3750,09/07/1968,4,11,0,INDETERMINADO,5,1,0,0,0,0,240,49,1,0,9
1968280704,23,09/07/1968,16,28,0,INDETERMINADO,3,1,30,0,0,0,60,0,0,0,0
1968330809,35,09/07/1968,5,33,0,INDETERMINADO,1,1,0,0,0,0,240,0,0,0,7
1968330810,100,09/07/1968,5,33,0,INDETERMINADO,1,1,0,0,0,0,600,0,0,0,3
1968330811,10,09/07/1968,5,33,0,INDETERMINADO,1,1,0,0,0,0,180,0,0,0,0
1968500628,15,09/07/1968,10,50,0,INDETERMINADO,1,1,0,0,0,0,180,0,0,0,0
1968060646,1000,10/07/1968,14,6,0,INDETERMINADO,3,1,30,0,0,0,60,34,2,0,0
1968241045,200,10/07/1968,17,24,0,INDETERMINADO,5,1,0,0,0,0,360,0,0,0,0
1968241422,100,10/07/1968,17,24,0,INDETERMINADO,5,1,0,0,0,0,420,0,0,0,0
1968390772,10,10/07/1968,6,39,0,INDETERMINADO,4,1,99,0,0,0,120,0,0,0,0
1968050630,20,11/07/1968,17,5,0,INDETERMINADO,2,1,40,0,0,0,120,0,0,0,0
1968050631,45,11/07/1968,17,5,0,INDETERMINADO,2,1,50,0,0,0,360,0,0,0,0
1968100971,110,11/07/1968,14,10,0,INDETERMINADO,3,1,30,0,0,0,120,0,0,0,0
1968100972,60,11/07/1968,14,10,0,INDETERMINADO,2,1,40,0,0,0,60,0,0,0,0
1968101064,330,11/07/1968,14,10,0,INDETERMINADO,3,1,30,0,0,0,60,26,0,0,0
1968111276,835,11/07/1968,4,11,0,INDETERMINADO,3,1,30,0,0,0,420,133,0,0,0
1968120637,30,11/07/1968,9,12,0,INDETERMINADO,2,1,50,0,0,0,180,0,0,0,0
1968210894,30,11/07/1968,4,21,0,INDETERMINADO,3,1,30,0,0,0,120,0,0,0,0
1968330713,10,11/07/1968,5,33,0,INDETERMINADO,2,1,90,0,0,0,60,0,0,0,0
1968050633,40,12/07/1968,17,5,0,INDETERMINADO,4,1,99,0,0,0,180,0,0,0,0
1968140742,1500,12/07/1968,4,14,0,INDETERMINADO,3,1,30,0,0,0,420,30,0,0,0
1968140743,200,12/07/1968,4,14,0,INDETERMINADO,3,1,30,0,0,0,480,0,0,0,0
1968170686,50,12/07/1968,2,17,0,INDETERMINADO,5,1,0,0,0,0,180,0,0,0,0
1968210622,10,12/07/1968,4,21,0,INDETERMINADO,5,1,0,0,0,0,180,0,0,0,0
1968270901,290,12/07/1968,3,27,0,INDETERMINADO,2,1,10,0,0,0,420,60,0,0,5
1968391057,222,12/07/1968,6,39,0,INDETERMINADO,4,1,99,0,0,0,719,0,0,0,0
1968130781,70,13/07/1968,11,13,0,INDETERMINADO,5,1,0,0,0,0,60,0,0,0,0
1968240694,20,13/07/1968,17,24,0,INDETERMINADO,5,1,0,0,0,0,120,0,0,6,0
1968270795,25,13/07/1968,3,27,0,INDETERMINADO,2,1,10,0,0,0,480,0,0,0,0
1968282106,3850,13/07/1968,16,28,0,INDETERMINADO,2,1,50,0,0,0,300,970,14,1,6
1968390857,150,13/07/1968,6,39,0,INDETERMINADO,3,1,20,0,0,0,420,0,0,0,0
1968460845,1900,13/07/1968,9,46,0,INDETERMINADO,3,1,20,0,0,0,1920,314,2,0,8
1968471029,350,13/07/1968,17,47,0,INDETERMINADO,5,1,0,0,0,0,120,0,0,0,0
1968070679,760,14/07/1968,15,7,0,INDETERMINADO,2,1,90,0,0,0,720,463,2,0,4
1968240756,300,14/07/1968,17,24,0,INDETERMINADO,2,1,50,0,0,0,180,0,0,0,0
1968280705,10,14/07/1968,16,28,0,INDETERMINADO,2,1,40,0,0,0,60,0,0,0,0
1968280760,25,14/07/1968,16,28,0,INDETERMINADO,2,1,50,0,0,0,60,0,0,0,0
1968281052,65,14/07/1968,16,28,0,INDETERMINADO,5,1,0,0,0,0,60,0,0,0,0
1968330660,25,14/07/1968,5,33,0,INDETERMINADO,5,1,0,0,0,0,180,0,0,0,0
1968450672,25,14/07/1968,11,45,0,INDETERMINADO,2,1,50,0,0,0,180,0,0,0,0
1968490667,110,14/07/1968,17,49,0,INDETERMINADO,2,1,50,0,0,0,60,0,0,0,0
1968490668,15,14/07/1968,17,49,0,INDETERMINADO,2,1,40,0,0,0,300,0,0,0,0
1968100739,10,15/07/1968,14,10,0,INDETERMINADO,2,1,40,0,0,0,60,0,0,0,0
1968100973,80,15/07/1968,14,10,0,INDETERMINADO,3,1,30,0,0,0,60,0,0,0,0
1968170687,20,15/07/1968,2,17,0,INDETERMINADO,2,1,50,0,0,0,480,0,0,0,0
1968170688,10,15/07/1968,2,17,0,INDETERMINADO,2,1,50,0,0,0,480,0,0,0,0
1968050726,183,16/07/1968,17,5,0,INDETERMINADO,4,1,99,0,0,0,420,110,0,0,15
1968130782,100,16/07/1968,11,13,0,INDETERMINADO,3,1,30,0,0,0,420,0,0,0,0
1968290658,90,16/07/1968,4,29,0,INDETERMINADO,2,1,50,0,0,0,900,0,0,0,0
1968330766,20,16/07/1968,5,33,0,INDETERMINADO,2,1,20,0,0,0,60,0,0,0,0
1968330837,10,16/07/1968,5,33,0,INDETERMINADO,5,1,0,0,0,0,480,0,0,0,0
1968390770,45,16/07/1968,6,39,0,INDETERMINADO,4,1,99,0,0,0,300,0,0,0,0
1968410721,40,16/07/1968,4,41,0,INDETERMINADO,2,1,10,0,0,0,360,0,0,0,0
1968411011,1900,16/07/1968,4,41,0,INDETERMINADO,5,1,0,0,0,0,480,11,0,0,6
1968411061,4250,16/07/1968,4,41,0,INDETERMINADO,2,1,90,0,0,0,780,28,0,0,17
1968450663,340,16/07/1968,11,45,0,INDETERMINADO,2,1,50,0,0,0,180,73,1,0,5
1968080651,520,17/07/1968,2,8,0,INDETERMINADO,4,1,99,0,0,0,600,88,9,0,16
1968140744,10,17/07/1968,4,14,0,INDETERMINADO,2,1,50,0,0,0,121,0,0,0,0
1968241284,701,17/07/1968,17,24,0,INDETERMINADO,5,1,0,0,0,0,480,51,1,0,0
1968390858,40,17/07/1968,6,39,0,INDETERMINADO,2,1,50,0,0,0,180,0,0,0,0
1968410641,70,17/07/1968,4,41,0,INDETERMINADO,5,1,0,0,0,0,360,0,0,0,0
1968430882,45,17/07/1968,2,43,0,INDETERMINADO,5,1,0,0,0,0,540,0,0,0,0
1968040823,402,18/07/1968,4,4,0,INDETERMINADO,2,1,50,0,0,0,240,0,0,0,0
1968100974,50,18/07/1968,14,10,0,INDETERMINADO,3,1,20,0,0,0,120,0,0,0,0
1968120669,30,18/07/1968,9,12,0,INDETERMINADO,2,1,50,0,0,0,300,0,0,0,0
1968210895,30,18/07/1968,4,21,0,INDETERMINADO,5,1,0,0,0,0,360,0,0,0,5
1968450673,130,18/07/1968,11,45,0,INDETERMINADO,2,1,50,0,0,0,120,0,0,0,0
1968460967,120,18/07/1968,9,46,0,INDETERMINADO,2,1,40,0,0,0,240,25,0,0,5
1968470924,60,18/07/1968,17,47,0,INDETERMINADO,2,1,40,0,0,0,60,36,1,0,2
1968080653,20,19/07/1968,2,8,0,INDETERMINADO,3,1,20,0,0,0,180,0,0,0,0
1968080654,100,19/07/1968,2,8,0,INDETERMINADO,2,1,50,0,0,0,240,0,0,0,0
1968090683,20,19/07/1968,17,9,0,INDETERMINADO,5,1,0,0,0,0,180,0,0,0,0
1968100975,30,19/07/1968,14,10,0,INDETERMINADO,2,1,50,0,0,0,60,0,0,0,0
1968160787,80,19/07/1968,11,16,0,INDETERMINADO,4,1,99,0,0,0,780,20,0,0,0
1968190750,60,20/07/1968,11,19,0,INDETERMINADO,1,1,0,0,0,0,1140,0,0,0,0
1968240896,40,20/07/1968,17,24,0,INDETERMINADO,5,1,0,0,0,0,420,0,0,0,0
1968280763,10,20/07/1968,16,28,0,INDETERMINADO,2,1,50,0,0,0,60,0,0,0,0
1968280764,65,20/07/1968,16,28,0,INDETERMINADO,2,1,50,0,0,0,120,0,0,0,0
1968330911,50,20/07/1968,5,33,0,INDETERMINADO,5,1,0,0,0,0,360,0,0,0,2
1968362001,10,20/07/1968,3,36,0,INDETERMINADO,2,1,40,0,0,0,180,0,0,0,0
1968380921,10,20/07/1968,12,38,0,INDETERMINADO,2,1,50,0,0,0,420,0,0,0,0
1968390813,24,20/07/1968,6,39,0,INDETERMINADO,2,1,50,0,0,0,120,0,0,0,0
1968050676,30,21/07/1968,17,5,0,INDETERMINADO,4,1,99,0,0,0,120,0,0,0,1
1968051832,900,21/07/1968,17,5,0,INDETERMINADO,2,1,50,0,0,0,960,468,3,0,10
1968100976,2200,21/07/1968,14,10,0,INDETERMINADO,2,1,10,0,0,0,1440,202,0,0,16
1968100977,300,21/07/1968,14,10,0,INDETERMINADO,3,1,10,0,0,0,120,2,0,0,4
1968100978,1700,21/07/1968,14,10,0,INDETERMINADO,3,1,30,0,0,0,239,204,0,0,7
1968100979,1340,21/07/1968,14,10,0,INDETERMINADO,2,1,50,0,0,0,300,90,0,0,0
1968140741,1850,21/07/1968,4,14,0,INDETERMINADO,2,1,40,0,0,0,1140,747,5,0,9
1968170689,20,21/07/1968,2,17,0,INDETERMINADO,5,1,0,0,0,0,180,0,0,0,0
1968210752,200,21/07/1968,4,21,0,INDETERMINADO,4,1,99,0,0,0,180,30,2,0,1
1968240897,60,21/07/1968,17,24,0,INDETERMINADO,5,1,0,0,0,0,120,0,0,0,0
1968241423,20,21/07/1968,17,24,0,INDETERMINADO,5,1,0,0,0,0,120,0,0,0,0
1968241424,160,21/07/1968,17,24,0,INDETERMINADO,5,1,0,0,0,0,240,0,0,0,0
1968280835,30,21/07/1968,16,28,0,INDETERMINADO,2,1,50,0,0,0,60,0,0,0,0
1968280875,55,21/07/1968,16,28,0,INDETERMINADO,5,1,0,0,0,0,120,22,1,0,0
1968280999,16,21/07/1968,16,28,0,INDETERMINADO,2,1,50,0,0,0,120,0,0,0,0
1968281833,10668,21/07/1968,16,28,0,INDETERMINADO,2,1,50,0,0,0,1320,270,6,46,71
1968320659,50,21/07/1968,3,32,0,INDETERMINADO,2,1,20,0,0,0,180,0,0,0,0
1968330714,42,21/07/1968,5,33,0,INDETERMINADO,2,1,50,0,0,0,239,0,0,0,0
1968340715,40,21/07/1968,17,34,0,INDETERMINADO,2,1,40,0,0,0,360,0,0,0,0
1968390771,40,21/07/1968,6,39,0,INDETERMINADO,4,1,99,0,0,0,600,0,0,0,0
1968390814,150,21/07/1968,6,39,0,INDETERMINADO,2,1,50,0,0,0,660,0,0,0,0
1968390815,30,21/07/1968,6,39,0,INDETERMINADO,2,1,50,0,0,0,120,0,0,0,0
1968390859,45,21/07/1968,6,39,0,INDETERMINADO,2,1,10,0,0,0,360,0,0,0,0
1968460883,25,21/07/1968,9,46,0,INDETERMINADO,2,1,10,0,0,0,120,23,2,0,1
1968471031,40,21/07/1968,17,47,0,INDETERMINADO,2,1,50,0,0,0,60,0,0,0,0
1968080731,60,22/07/1968,2,8,0,INDETERMINADO,4,1,99,0,0,0,120,0,0,0,0
1968100980,210,22/07/1968,14,10,0,INDETERMINADO,2,1,50,0,0,0,360,0,0,0,0
1968100981,10,22/07/1968,14,10,0,INDETERMINADO,2,1,50,0,0,0,60,0,0,0,0
1968111235,50,22/07/1968,4,11,0,INDETERMINADO,5,1,0,0,0,0,120,0,0,0,0
1968130783,400,22/07/1968,11,13,0,INDETERMINADO,1,1,0,0,0,0,120,0,0,0,0
1968130784,1250,22/07/1968,11,13,0,INDETERMINADO,1,1,0,0,0,0,60,0,0,0,0
1968130785,500,22/07/1968,11,13,0,INDETERMINADO,1,1,0,0,0,0,240,0,0,0,0
1968130786,1200,22/07/1968,11,13,0,INDETERMINADO,1,1,0,0,0,0,120,48,1,0,0
1968140745,120,22/07/1968,4,14,0,INDETERMINADO,1,1,0,0,0,0,239,0,0,0,0
1968151166,190,22/07/1968,3,15,0,INDETERMINADO,5,1,0,0,0,0,1140,0,0,0,0
1968210753,120,22/07/1968,4,21,0,INDETERMINADO,4,1,99,0,0,0,120,25,2,0,5
1968241425,50,22/07/1968,17,24,0,INDETERMINADO,5,1,0,0,0,0,120,0,0,0,0
1968270951,10,22/07/1968,3,27,0,INDETERMINADO,2,1,50,0,0,0,240,0,0,0,0
1968340716,20,22/07/1968,17,34,0,INDETERMINADO,5,1,0,0,0,0,420,0,0,0,0
1968340812,16,22/07/1968,17,34,0,INDETERMINADO,5,1,0,0,0,0,360,0,0,0,0
1968361520,20,22/07/1968,3,36,0,INDETERMINADO,5,1,0,0,0,0,300,0,0,0,0
1968390769,20,22/07/1968,6,39,0,INDETERMINADO,2,1,10,0,0,0,480,0,0,0,0
1968390860,18,22/07/1968,6,39,0,INDETERMINADO,4,1,99,0,0,0,300,0,0,0,0
1968031144,10,23/07/1968,9,3,0,INDETERMINADO,2,1,90,0,0,0,120,0,0,0,0
1968070682,55,23/07/1968,15,7,0,INDETERMINADO,2,1,50,0,0,0,180,30,0,0,4
1968080732,130,23/07/1968,2,8,0,INDETERMINADO,4,1,99,0,0,0,240,91,6,0,2
1968101102,450,23/07/1968,14,10,0,INDETERMINADO,3,1,10,0,0,0,780,18,4,0,12
1968151167,10,23/07/1968,3,15,0,INDETERMINADO,2,1,40,0,0,0,240,0,0,0,0
1968151613,960,23/07/1968,3,15,0,INDETERMINADO,4,1,99,0,0,0,1560,42,0,0,5
1968210754,110,23/07/1968,4,21,0,INDETERMINADO,2,1,90,0,0,0,60,23,0,0,5
1968210755,140,23/07/1968,4,21,0,INDETERMINADO,4,1,99,0,0,0,180,40,2,0,1
1968271291,2110,23/07/1968,3,27,0,INDETERMINADO,5,1,0,0,0,0,900,177,9,0,7
1968320796,20,23/07/1968,3,32,0,INDETERMINADO,5,1,0,0,0,0,120,0,0,0,0
1968320797,50,23/07/1968,3,32,0,INDETERMINADO,5,1,0,0,0,0,180,0,0,0,1
1968320854,6600,23/07/1968,3,32,0,INDETERMINADO,4,1,99,0,0,0,5760,562,1,0,39
1968330767,120,23/07/1968,5,33,0,INDETERMINADO,5,1,0,0,0,0,1800,0,0,0,0
1968340717,60,23/07/1968,17,34,0,INDETERMINADO,2,1,50,0,0,0,300,0,0,0,0
1968361211,20,23/07/1968,3,36,0,INDETERMINADO,5,1,0,0,0,0,420,0,0,0,0
1968440662,10,23/07/1968,10,44,0,INDETERMINADO,1,1,0,0,0,0,240,0,0,0,0
1968080733,710,24/07/1968,2,8,0,INDETERMINADO,4,1,99,0,0,0,540,171,9,0,4
1968100982,10,24/07/1968,14,10,0,INDETERMINADO,2,1,20,0,0,0,60,0,0,0,0
1968100983,30,24/07/1968,14,10,0,INDETERMINADO,2,1,50,0,0,0,60,0,0,0,0
1968100984,200,24/07/1968,14,10,0,INDETERMINADO,2,1,50,0,0,0,180,0,0,0,0
1968130826,85,24/07/1968,11,13,0,INDETERMINADO,3,1,10,0,0,0,60,0,0,0,0
1968140746,30,24/07/1968,4,14,0,INDETERMINADO,3,1,30,0,0,0,60,0,0,0,0
1968240696,15,24/07/1968,17,24,0,INDETERMINADO,5,1,0,0,0,0,120,0,0,0,0
1968240829,750,24/07/1968,17,24,0,INDETERMINADO,2,1,50,0,0,0,900,85,0,0,0
1968270953,40,24/07/1968,3,27,0,INDETERMINADO,2,1,50,0,0,0,480,0,0,0,0
1968280836,1080,24/07/1968,16,28,0,INDETERMINADO,2,1,90,0,0,0,420,91,3,0,0
1968280876,10,24/07/1968,16,28,0,INDETERMINADO,3,1,20,0,0,0,60,0,0,0,0
1968280877,1260,24/07/1968,16,28,0,INDETERMINADO,2,1,50,0,0,0,360,271,9,0,1
1968280878,55,24/07/1968,16,28,0,INDETERMINADO,2,1,50,0,0,0,120,0,0,0,0
1968280935,1500,24/07/1968,16,28,0,INDETERMINADO,2,1,90,0,0,0,1980,272,1,0,15
1968280936,10,24/07/1968,16,28,0,INDETERMINADO,5,1,0,0,0,0,60,0,0,0,0
1968320798,150,24/07/1968,3,32,0,INDETERMINADO,5,1,0,0,0,0,479,42,0,0,3
1968320904,30,24/07/1968,3,32,0,INDETERMINADO,2,1,40,0,0,0,120,0,0,0,0
1968330838,30,24/07/1968,5,33,0,INDETERMINADO,2,1,30,0,0,0,360,0,0,0,0
1968330839,130,24/07/1968,5,33,0,INDETERMINADO,5,1,0,0,0,0,300,0,0,0,0
1968330912,10,24/07/1968,5,33,0,INDETERMINADO,2,1,10,0,0,0,300,0,0,0,0
1968330913,500,24/07/1968,5,33,0,INDETERMINADO,5,1,0,0,0,0,780,120,0,0,20
1968361364,30,24/07/1968,3,36,0,INDETERMINADO,4,1,99,0,0,0,300,0,0,0,0
1968390817,20,24/07/1968,6,39,0,INDETERMINADO,4,1,99,0,0,0,780,0,0,0,0
1968391058,20,24/07/1968,6,39,0,INDETERMINADO,4,1,99,0,0,0,360,0,0,0,0
1968391059,30,24/07/1968,6,39,0,INDETERMINADO,4,1,99,0,0,0,480,0,0,0,0
1968410723,490,24/07/1968,4,41,0,INDETERMINADO,5,1,0,0,0,0,120,0,0,0,0
1968440820,50,24/07/1968,10,44,0,INDETERMINADO,2,1,40,0,0,0,180,0,0,0,0
1968471033,50,24/07/1968,17,47,0,INDETERMINADO,5,1,0,0,0,0,60,0,0,0,0
1968060728,8600,25/07/1968,14,6,0,INDETERMINADO,5,1,0,0,0,0,360,95,3,2,0
1968080734,41,25/07/1968,2,8,0,INDETERMINADO,4,1,99,0,0,0,240,0,0,0,0
1968080777,100,25/07/1968,2,8,0,INDETERMINADO,2,1,50,0,0,0,240,0,0,0,0
1968080778,160,25/07/1968,2,8,0,INDETERMINADO,4,1,99,0,0,0,240,98,0,0,2
1968090774,13,25/07/1968,17,9,0,INDETERMINADO,2,1,50,0,0,0,60,0,0,0,0
1968100985,2300,25/07/1968,14,10,0,INDETERMINADO,2,1,50,0,0,0,240,112,0,0,0
1968140685,15,25/07/1968,4,14,0,INDETERMINADO,5,1,0,0,0,0,300,0,0,0,0
1968151168,20,25/07/1968,3,15,0,INDETERMINADO,5,1,0,0,0,0,180,0,0,0,0
1968170788,10,25/07/1968,2,17,0,INDETERMINADO,5,1,0,0,0,0,180,0,0,0,0
1968240695,210,25/07/1968,17,24,0,INDETERMINADO,2,1,20,0,0,0,1740,0,0,0,0
1968240898,750,25/07/1968,17,24,0,INDETERMINADO,5,1,0,0,0,0,1320,15,0,0,3
1968320799,600,25/07/1968,3,32,0,INDETERMINADO,5,1,0,0,0,0,540,4,0,0,0
1968320905,160,25/07/1968,3,32,0,INDETERMINADO,5,1,0,0,0,0,780,0,0,0,0
1968330840,80,25/07/1968,5,33,0,INDETERMINADO,2,1,50,0,0,0,120,0,0,0,0
1968330841,100,25/07/1968,5,33,0,INDETERMINADO,5,1,0,0,0,0,1140,0,0,0,0
1968330914,210,25/07/1968,5,33,0,INDETERMINADO,2,1,50,0,0,0,1500,0,0,0,0
1968370768,150,25/07/1968,17,37,0,INDETERMINADO,2,1,50,0,0,0,419,110,0,0,4
1968410724,120,25/07/1968,4,41,0,INDETERMINADO,2,1,40,0,0,0,300,28,0,0,4
1968420819,10,25/07/1968,17,42,0,INDETERMINADO,2,1,50,0,0,0,60,0,0,0,0
1968471034,200,25/07/1968,17,47,0,INDETERMINADO,5,1,0,0,0,0,240,0,0,0,0
1968501013,30,25/07/1968,10,50,0,INDETERMINADO,2,1,50,0,0,0,360,0,0,0,0
1968100986,80,26/07/1968,14,10,0,INDETERMINADO,2,1,50,0,0,0,60,0,0,0,0
1968120923,100,26/07/1968,9,12,0,INDETERMINADO,2,1,50,0,0,0,420,0,0,0,0
1968140747,50,26/07/1968,4,14,0,INDETERMINADO,5,1,0,0,0,0,180,0,0,0,0
1968151169,80,26/07/1968,3,15,0,INDETERMINADO,5,1,0,0,0,0,2160,0,0,0,0
1968240899,2400,26/07/1968,17,24,0,INDETERMINADO,5,1,0,0,0,0,2880,27,1,0,154
1968241285,50,26/07/1968,17,24,0,INDETERMINADO,5,1,0,0,0,0,420,0,0,0,0
1968330842,10,26/07/1968,5,33,0,INDETERMINADO,5,1,0,0,0,0,900,0,0,0,0
1968330915,12,26/07/1968,5,33,0,INDETERMINADO,5,1,0,0,0,0,180,0,0,0,0
1968340918,250,26/07/1968,17,34,0,INDETERMINADO,2,1,50,0,0,0,1260,0,0,0,0
1968361112,40,26/07/1968,3,36,0,INDETERMINADO,4,1,99,0,0,0,180,0,0,0,0
1968391141,80,26/07/1968,6,39,0,INDETERMINADO,2,1,10,0,0,0,180,10,1,0,0
1968450821,80,26/07/1968,11,45,0,INDETERMINADO,2,1,50,0,0,0,120,0,0,0,0
1968050727,41,27/07/1968,17,5,0,INDETERMINADO,4,1,99,0,0,0,181,0,0,6,0
1968050866,790,27/07/1968,17,5,0,INDETERMINADO,2,1,50,0,0,0,240,107,2,0,8
1968131404,1500,27/07/1968,11,13,0,INDETERMINADO,3,1,30,0,0,0,180,201,1,0,0
1968160892,5400,27/07/1968,11,16,0,INDETERMINADO,3,1,20,0,0,0,1140,235,1,0,30
1968240831,60,27/07/1968,17,24,0,INDETERMINADO,2,1,50,0,0,0,780,0,0,0,0
1968241485,2150,27/07/1968,17,24,0,INDETERMINADO,5,1,0,0,0,0,1320,96,0,0,3
1968320800,2500,27/07/1968,3,32,0,INDETERMINADO,2,1,20,0,0,0,1499,95,0,0,7
1968330916,100,27/07/1968,5,33,0,INDETERMINADO,5,1,0,0,0,0,720,0,0,0,0
1968330917,40,27/07/1968,5,33,0,INDETERMINADO,2,1,20,0,0,0,420,0,0,0,0
1968360855,10,27/07/1968,3,36,0,INDETERMINADO,4,1,99,0,0,0,300,0,0,0,0
1968391060,80,27/07/1968,6,39,0,INDETERMINADO,3,1,20,0,0,0,360,29,0,0,14
1968470925,40,27/07/1968,17,47,0,INDETERMINADO,2,1,90,0,0,0,60,0,0,0,0
1968070869,305,28/07/1968,15,7,0,INDETERMINADO,2,1,50,0,0,0,1620,170,0,0,4
1968120851,10,28/07/1968,9,12,0,INDETERMINADO,1,1,0,0,0,0,179,0,0,0,0
1968120933,20,28/07/1968,9,12,0,INDETERMINADO,1,1,0,0,0,0,240,0,0,0,0
1968170789,10,28/07/1968,2,17,0,INDETERMINADO,5,1,0,0,0,0,120,0,0,0,0
1968190822,10,28/07/1968,11,19,0,INDETERMINADO,2,1,30,0,0,0,420,0,0,0,0
1968200996,15,28/07/1968,1,20,0,INDETERMINADO,1,1,0,0,0,0,60,0,0,0,0
1968200997,70,28/07/1968,1,20,0,INDETERMINADO,1,1,0,0,0,0,1140,70,0,0,10
1968240832,50,28/07/1968,17,24,0,INDETERMINADO,2,1,40,0,0,0,300,0,0,0,0
1968250833,10,28/07/1968,2,25,0,INDETERMINADO,1,1,0,0,0,0,60,0,0,0,0
1968360856,704,28/07/1968,3,36,0,INDETERMINADO,4,1,99,0,0,0,60,52,0,0,4
1968390861,15,28/07/1968,6,39,0,INDETERMINADO,2,1,40,0,0,0,120,0,0,0,0
1968471087,250,28/07/1968,17,47,0,INDETERMINADO,3,1,30,0,0,0,240,204,3,0,5
1968031267,3000,29/07/1968,9,3,0,INDETERMINADO,2,1,10,0,0,0,1140,193,1,0,0
1968060868,810,29/07/1968,14,6,0,INDETERMINADO,3,1,30,0,0,0,180,76,1,0,0
1968140827,50,29/07/1968,4,14,0,INDETERMINADO,2,1,50,0,0,0,540,0,0,0,0
1968271293,20,29/07/1968,3,27,0,INDETERMINADO,2,1,50,0,0,0,60,0,0,0,0
1968341082,250,29/07/1968,17,34,0,INDETERMINADO,3,1,30,0,0,0,240,123,2,0,2
1968361095,20,29/07/1968,3,36,0,INDETERMINADO,2,1,50,0,0,0,120,0,0,0,0
1968361312,40,29/07/1968,3,36,0,INDETERMINADO,4,1,99,0,0,0,180,0,0,0,0
1968391016,19,29/07/1968,6,39,0,INDETERMINADO,4,1,99,0,0,0,180,0,0,0,0
1968240900,20,30/07/1968,17,24,0,INDETERMINADO,1,1,0,0,0,0,179,0,0,0,0
1968281074,450,30/07/1968,16,28,0,INDETERMINADO,3,1,30,0,0,0,60,348,5,0,16
1968320906,400,30/07/1968,3,32,0,INDETERMINADO,4,1,99,0,0,0,1020,95,1,0,2
1968370844,350,30/07/1968,17,37,0,INDETERMINADO,2,1,50,0,0,0,300,0,0,0,0
1968370960,12,30/07/1968,17,37,0,INDETERMINADO,5,1,0,0,0,0,180,0,0,0,0
1968031145,30,31/07/1968,9,3,0,INDETERMINADO,3,1,10,0,0,0,300,0,0,0,0
1968031146,350,31/07/1968,9,3,0,INDETERMINADO,2,1,10,0,0,0,600,0,0,0,0
1968070963,49,31/07/1968,15,7,0,INDETERMINADO,2,1,50,0,0,0,360,0,0,0,0
1968080885,44,31/07/1968,2,8,0,INDETERMINADO,4,1,99,0,0,0,120,0,0,0,0
1968100889,37,31/07/1968,14,10,0,INDETERMINADO,2,1,50,0,0,0,419,0,0,0,0
1968160874,25,31/07/1968,11,16,0,INDETERMINADO,2,1,50,0,0,0,180,0,0,0,0
1968281075,250,31/07/1968,16,28,0,INDETERMINADO,5,1,0,0,0,0,120,0,0,0,0
1968360919,20,31/07/1968,3,36,0,INDETERMINADO,4,1,99,0,0,0,240,0,0,0,0
1968361812,1430,31/07/1968,3,36,0,INDETERMINADO,5,1,0,0,0,0,720,64,1,0,14
1968450863,60,31/07/1968,11,45,0,INDETERMINADO,2,1,50,0,0,0,180,0,0,0,0
1968470927,30,31/07/1968,17,47,0,INDETERMINADO,2,1,90,0,0,0,120,0,0,0,0
1968041154,14000,01/08/1968,4,4,0,INDETERMINADO,2,1,50,0,0,0,2640,405,0,0,0
1968160873,20,01/08/1968,11,16,0,INDETERMINADO,2,1,50,0,0,0,60,0,0,0,0
1968190948,10,01/08/1968,11,19,0,INDETERMINADO,1,1,0,0,0,0,120,0,0,0,0
1968231001,125,01/08/1968,4,23,0,INDETERMINADO,2,1,50,0,0,0,180,31,1,0,2
1968231002,16,01/08/1968,4,23,0,INDETERMINADO,2,1,50,0,0,0,60,0,0,0,0
1968281076,20,01/08/1968,16,28,0,INDETERMINADO,2,1,50,0,0,0,60,0,0,0,0
1968361113,50,01/08/1968,3,36,0,INDETERMINADO,2,1,50,0,0,0,120,0,0,0,0
1968050867,530,02/08/1968,17,5,0,INDETERMINADO,2,1,50,0,0,0,960,12,0,0,0
1968080886,40,02/08/1968,2,8,0,INDETERMINADO,2,1,90,0,0,0,240,0,0,0,0
1968080887,20,02/08/1968,2,8,0,INDETERMINADO,2,1,10,0,0,0,180,0,0,0,0
1968120934,10,02/08/1968,9,12,0,INDETERMINADO,3,1,30,0,0,0,60,0,0,0,0
1968151125,10,02/08/1968,3,15,0,INDETERMINADO,5,1,0,0,0,0,180,0,0,0,0
1968151607,300,02/08/1968,3,15,0,INDETERMINADO,4,1,99,0,0,0,1140,0,0,0,0
1968240964,30,02/08/1968,17,24,0,INDETERMINADO,2,1,50,0,0,0,120,0,0,0,0
1968251047,35,02/08/1968,2,25,0,INDETERMINADO,2,1,10,0,0,0,360,0,0,0,2
1968271294,380,02/08/1968,3,27,0,INDETERMINADO,2,1,10,0,0,0,360,111,0,1,0
1968320907,20,02/08/1968,3,32,0,INDETERMINADO,4,1,99,0,0,0,180,0,0,0,1
1968320956,10,02/08/1968,3,32,0,INDETERMINADO,2,1,20,0,0,0,240,0,0,0,0
1968361096,15,02/08/1968,3,36,0,INDETERMINADO,5,1,0,0,0,0,120,0,0,0,0
1968361114,680,02/08/1968,3,36,0,INDETERMINADO,4,1,99,0,0,0,420,70,2,0,3
1968361139,260,02/08/1968,3,36,0,INDETERMINADO,2,1,10,0,0,0,420,18,0,0,8
1968361522,30,02/08/1968,3,36,0,INDETERMINADO,5,1,0,0,0,0,120,0,0,0,0
1968361531,700,02/08/1968,3,36,0,INDETERMINADO,5,1,0,0,0,0,480,224,0,0,10
1968401116,40,02/08/1968,17,40,0,INDETERMINADO,2,1,50,0,0,0,120,0,0,0,0
1968430961,300,02/08/1968,2,43,0,INDETERMINADO,5,1,0,0,0,0,420,120,4,0,6
1968461012,80,02/08/1968,9,46,0,INDETERMINADO,5,1,0,0,0,0,240,30,0,0,1
1968461062,1200,02/08/1968,9,46,0,INDETERMINADO,2,1,30,0,0,0,2340,70,2,0,0
1968031147,25,03/08/1968,9,3,0,INDETERMINADO,5,1,0,0,0,0,480,0,0,0,0
1968130991,140,03/08/1968,11,13,0,INDETERMINADO,5,1,0,0,0,0,360,0,0,0,0
1968130993,800,03/08/1968,11,13,0,INDETERMINADO,3,1,10,0,0,0,600,5,0,0,0
1968140872,100,03/08/1968,4,14,0,INDETERMINADO,2,1,50,0,0,0,240,0,0,0,0
1968151170,10,03/08/1968,3,15,0,INDETERMINADO,2,1,50,0,0,0,180,0,0,0,0
1968151608,300,03/08/1968,3,15,0,INDETERMINADO,5,1,0,0,0,0,1380,0,0,0,0
1968231105,2000,03/08/1968,4,23,0,INDETERMINADO,5,1,0,0,0,0,300,32,0,0,0
1968271349,50,03/08/1968,3,27,0,INDETERMINADO,5,1,0,0,0,0,120,0,0,0,0
1968320908,50,03/08/1968,3,32,0,INDETERMINADO,4,1,99,0,0,0,599,0,0,0,1
1968361015,10,03/08/1968,3,36,0,INDETERMINADO,4,1,99,0,0,0,60,0,0,0,0
1968471088,140,03/08/1968,17,47,0,INDETERMINADO,5,1,0,0,0,0,120,63,0,12,1
1968490932,15,03/08/1968,17,49,0,INDETERMINADO,2,1,50,0,0,0,120,0,0,0,0
1968080945,100,04/08/1968,2,8,0,INDETERMINADO,2,1,90,0,0,0,540,25,4,0,2
1968080946,130,04/08/1968,2,8,0,INDETERMINADO,2,1,10,0,0,0,480,0,0,0,0
1968151609,2250,04/08/1968,3,15,0,INDETERMINADO,4,1,99,0,0,0,1440,28,0,0,7
1968261094,1250,04/08/1968,7,26,0,INDETERMINADO,2,1,50,0,0,0,960,188,1,0,7
1968271048,30,04/08/1968,3,27,0,INDETERMINADO,1,1,0,0,0,0,360,0,0,0,1
1968271295,200,04/08/1968,3,27,0,INDETERMINADO,2,1,90,0,0,0,360,112,1,0,0
1968320909,40,04/08/1968,3,32,0,INDETERMINADO,2,1,20,0,0,0,420,0,0,0,0
1968361641,90,04/08/1968,3,36,0,INDETERMINADO,4,1,99,0,0,0,540,93,0,0,1
1968401117,400,04/08/1968,17,40,0,INDETERMINADO,3,1,30,0,0,0,240,82,8,48,6
1968401118,60,04/08/1968,17,40,0,INDETERMINADO,3,1,20,0,0,0,120,0,0,0,0
1968050943,380,05/08/1968,17,5,0,INDETERMINADO,4,1,99,0,0,0,300,220,1,0,5
1968050968,1000,05/08/1968,17,5,0,INDETERMINADO,2,1,50,0,0,0,300,107,0,0,0
1968081042,10,05/08/1968,2,8,0,INDETERMINADO,2,1,50,0,0,0,180,0,0,0,0
1968090888,15,05/08/1968,17,9,0,INDETERMINADO,1,1,0,0,0,0,300,0,0,0,0
1968100987,460,05/08/1968,14,10,0,INDETERMINADO,5,1,0,0,0,0,180,0,0,0,0
1968151171,30,05/08/1968,3,15,0,INDETERMINADO,5,1,0,0,0,0,540,0,0,0,0
1968190891,40,05/08/1968,11,19,0,INDETERMINADO,1,1,0,0,0,0,360,0,0,0,0
1968320910,110,05/08/1968,3,32,0,INDETERMINADO,2,1,20,0,0,0,360,0,0,0,0
1968471089,40,05/08/1968,17,47,0,INDETERMINADO,3,1,30,0,0,0,120,0,0,0,0
1968050969,140,06/08/1968,17,5,0,INDETERMINADO,3,1,30,0,0,0,120,94,3,0,2
1968100988,30,06/08/1968,14,10,0,INDETERMINADO,2,1,30,0,0,0,120,0,0,0,0
1968151126,20,06/08/1968,3,15,0,INDETERMINADO,5,1,0,0,0,0,120,0,0,0,0
1968321008,130,06/08/1968,3,32,0,INDETERMINADO,2,1,40,0,0,0,420,0,0,0,0
1968321009,30,06/08/1968,3,32,0,INDETERMINADO,2,1,90,0,0,0,180,0,0,0,0
1968361365,100,06/08/1968,3,36,0,INDETERMINADO,5,1,0,0,0,0,60,0,0,0,0
1968361387,22,06/08/1968,3,36,0,INDETERMINADO,2,1,50,0,0,0,240,0,0,0,0
1968461452,500,06/08/1968,9,46,0,INDETERMINADO,2,1,90,0,0,0,660,0,0,0,1
1968081414,25,07/08/1968,2,8,0,INDETERMINADO,2,1,10,0,0,0,180,0,0,0,0
1968251110,80,07/08/1968,2,25,0,INDETERMINADO,5,1,0,0,0,0,300,16,0,0,4
1968271184,32,07/08/1968,3,27,0,INDETERMINADO,5,1,0,0,0,0,300,0,0,0,0
1968300903,10,07/08/1968,8,30,0,INDETERMINADO,2,1,90,0,0,0,180,22,0,0,0
1968320958,70,07/08/1968,3,32,0,INDETERMINADO,4,1,99,0,0,0,180,0,0,0,0
1968361140,201,07/08/1968,3,36,0,INDETERMINADO,5,1,0,0,0,0,300,34,1,0,10
1968361201,110,07/08/1968,3,36,0,INDETERMINADO,2,1,20,0,0,0,300,0,0,0,0
1968361314,10,07/08/1968,3,36,0,INDETERMINADO,4,1,99,0,0,0,240,0,0,0,0
1968151127,40,08/08/1968,3,15,0,INDETERMINADO,4,1,99,0,0,0,120,0,0,0,0
1968271350,600,08/08/1968,3,27,0,INDETERMINADO,5,1,0,0,0,0,660,38,0,0,0
1968361313,50,08/08/1968,3,36,0,INDETERMINADO,4,1,99,0,0,0,239,0,0,0,0
1968100989,80,09/08/1968,14,10,0,INDETERMINADO,3,1,30,0,0,0,60,0,0,0,0
1968131405,120,09/08/1968,11,13,0,INDETERMINADO,2,1,10,0,0,0,360,0,0,0,0
1968151129,40,09/08/1968,3,15,0,INDETERMINADO,2,1,50,0,0,0,60,0,0,0,1
1968151172,70,09/08/1968,3,15,0,INDETERMINADO,5,1,0,0,0,0,1980,0,0,0,0
1968151173,45,09/08/1968,3,15,0,INDETERMINADO,5,1,0,0,0,0,180,0,0,0,0
1968241132,1070,09/08/1968,17,24,0,INDETERMINADO,5,1,0,0,0,0,2520,17,0,0,2
1968320959,40,09/08/1968,3,32,0,INDETERMINADO,5,1,0,0,0,0,479,0,0,0,1
1968361195,207,09/08/1968,3,36,0,INDETERMINADO,4,1,99,0,0,0,300,78,1,0,17
1968361366,250,09/08/1968,3,36,0,INDETERMINADO,4,1,99,0,0,0,360,0,0,0,0
1968361433,10,09/08/1968,3,36,0,INDETERMINADO,5,1,0,0,0,0,60,0,0,0,0
1968151130,12,10/08/1968,3,15,0,INDETERMINADO,5,1,0,0,0,0,180,0,0,0,0
1968151610,1005,10/08/1968,3,15,0,INDETERMINADO,5,1,0,0,0,0,840,66,0,0,10
1968211466,1553,10/08/1968,4,21,0,INDETERMINADO,2,1,50,0,0,0,960,315,6,0,66
1968241046,50,10/08/1968,17,24,0,INDETERMINADO,2,1,10,0,0,0,300,0,0,0,0
1968241426,250,10/08/1968,17,24,0,INDETERMINADO,5,1,0,0,0,0,720,0,0,0,0
1968361203,40,10/08/1968,3,36,0,INDETERMINADO,2,1,10,0,0,0,240,0,0,0,0
1968361204,15,10/08/1968,3,36,0,INDETERMINADO,4,1,99,0,0,0,180,0,0,0,0
1968361388,40,10/08/1968,3,36,0,INDETERMINADO,4,1,99,0,0,0,720,0,0,0,1
1968411323,220,10/08/1968,4,41,0,INDETERMINADO,2,1,90,0,0,0,180,0,0,0,0
1968461063,32,10/08/1968,9,46,0,INDETERMINADO,5,1,0,0,0,0,300,0,0,0,0
1968151131,25,11/08/1968,3,15,0,INDETERMINADO,5,1,0,0,0,0,120,0,0,0,1
1968151174,40,11/08/1968,3,15,0,INDETERMINADO,2,1,30,0,0,0,360,0,0,0,0
1968151175,30,11/08/1968,3,15,0,INDETERMINADO,2,1,90,0,0,0,180,0,0,0,0
1968271351,255,11/08/1968,3,27,0,INDETERMINADO,2,1,50,0,0,0,720,30,0,0,4
1968281006,35,11/08/1968,16,28,0,INDETERMINADO,5,1,0,0,0,0,60,0,0,0,0
1968361389,90,11/08/1968,3,36,0,INDETERMINADO,5,1,0,0,0,0,1200,0,0,0,0
1968361390,105,11/08/1968,3,36,0,INDETERMINADO,4,1,99,0,0,0,1020,31,0,0,0
1968361813,60,11/08/1968,3,36,0,INDETERMINADO,5,1,0,0,0,0,300,41,1,0,5
1968362003,10,11/08/1968,3,36,0,INDETERMINADO,5,1,0,0,0,0,120,0,0,0,0
1968411324,100,11/08/1968,4,41,0,INDETERMINADO,2,1,50,0,0,0,240,0,0,0,1
1968461142,15,11/08/1968,9,46,0,INDETERMINADO,1,1,0,0,0,0,300,0,0,0,0
1968151176,70,12/08/1968,3,15,0,INDETERMINADO,5,1,0,0,0,0,240,0,0,0,0
1968241106,500,12/08/1968,17,24,0,INDETERMINADO,2,1,20,0,0,0,1320,46,0,0,3
1968271410,260,12/08/1968,3,27,0,INDETERMINADO,5,1,0,0,0,0,300,25,0,0,11
1968271972,70,12/08/1968,3,27,0,INDETERMINADO,2,1,10,0,0,0,360,78,0,0,0
1968321053,200,12/08/1968,3,32,0,INDETERMINADO,2,1,20,0,0,0,1440,42,0,0,2
1968321054,80,12/08/1968,3,32,0,INDETERMINADO,4,1,99,0,0,0,540,20,0,0,4
1968361028,10,12/08/1968,3,36,0,INDETERMINADO,4,1,99,0,0,0,119,0,0,0,0
1968361315,150,12/08/1968,3,36,0,INDETERMINADO,4,1,99,0,0,0,600,0,0,0,0
1968361391,40,12/08/1968,3,36,0,INDETERMINADO,4,1,99,0,0,0,600,0,0,0,0
1968031268,7350,13/08/1968,9,3,0,INDETERMINADO,2,1,10,0,0,0,3420,202,1,0,67
1968031269,300,13/08/1968,9,3,0,INDETERMINADO,2,1,10,0,0,0,660,0,0,0,0
1968051017,10,13/08/1968,17,5,0,INDETERMINADO,2,1,50,0,0,0,60,0,0,0,0
1968051040,150,13/08/1968,17,5,0,INDETERMINADO,2,1,50,0,0,0,60,108,0,6,5
1968101065,500,13/08/1968,14,10,0,INDETERMINADO,5,1,0,0,0,0,360,0,0,0,0
1968131406,750,13/08/1968,11,13,0,INDETERMINADO,3,1,30,0,0,0,120,12,0,0,0
1968231019,10,13/08/1968,4,23,0,INDETERMINADO,5,1,0,0,0,0,180,0,0,0,0
1968241038,20,13/08/1968,17,24,0,INDETERMINADO,2,1,20,0,0,0,180,0,0,0,0
1968241039,70,13/08/1968,17,24,0,INDETERMINADO,5,1,0,0,0,0,2040,0,0,0,0
1968281024,1500,13/08/1968,16,28,0,INDETERMINADO,2,1,50,0,0,0,480,181,1,0,0
1968281077,40,13/08/1968,16,28,0,INDETERMINADO,3,1,10,0,0,0,120,0,0,0,0
1968081043,30,14/08/1968,2,8,0,INDETERMINADO,2,1,50,0,0,0,240,0,0,0,0
1968111344,1200,14/08/1968,4,11,0,INDETERMINADO,5,1,0,0,0,0,480,28,0,0,0
1968231020,60,14/08/1968,4,23,0,INDETERMINADO,5,1,0,0,0,0,240,0,0,0,0
1968241180,72,14/08/1968,17,24,0,INDETERMINADO,2,1,20,0,0,0,840,33,0,0,0
1968241546,140,14/08/1968,17,24,0,INDETERMINADO,5,1,0,0,0,0,1020,0,0,0,0
1968281450,500,14/08/1968,16,28,0,INDETERMINADO,2,1,50,0,0,0,240,56,1,0,1
1968461380,1350,14/08/1968,9,46,0,INDETERMINADO,5,1,0,0,0,0,1800,54,2,0,1
1968461381,150,14/08/1968,9,46,0,INDETERMINADO,2,1,50,0,0,0,120,0,0,0,0
1968051091,12,15/08/1968,17,5,0,INDETERMINADO,2,1,50,0,0,0,60,0,0,0,0
1968101066,1000,15/08/1968,14,10,0,INDETERMINADO,2,1,50,0,0,0,360,55,0,0,0
1968241070,205,15/08/1968,17,24,0,INDETERMINADO,2,1,10,0,0,0,360,0,0,0,0
1968241107,500,15/08/1968,17,24,0,INDETERMINADO,2,1,50,0,0,0,1980,15,0,0,0
1968241486,300,15/08/1968,17,24,0,INDETERMINADO,5,1,0,0,0,0,1140,0,0,0,0
1968281078,2500,15/08/1968,16,28,0,INDETERMINADO,2,1,50,0,0,0,360,168,2,0,0
1968321055,10,15/08/1968,3,32,0,INDETERMINADO,2,1,50,0,0,0,120,0,0,0,0
1968351083,850,15/08/1968,12,35,0,INDETERMINADO,2,1,50,0,0,0,2220,186,0,0,0
1968411325,6000,15/08/1968,4,41,0,INDETERMINADO,4,1,99,0,0,0,660,34,0,0,7
1968021332,26,16/08/1968,11,2,0,INDETERMINADO,4,1,99,0,0,0,240,0,0,0,0
1968071037,30,16/08/1968,15,7,0,INDETERMINADO,2,1,10,0,0,0,120,0,0,0,0
1968081156,83,16/08/1968,2,8,0,INDETERMINADO,4,1,99,0,0,0,360,85,0,0,1
1968131407,5400,16/08/1968,11,13,0,INDETERMINADO,3,1,30,0,0,0,360,24,1,0,0
1968161237,10,16/08/1968,11,16,0,INDETERMINADO,2,1,50,0,0,0,240,0,0,0,0
1968241548,40,16/08/1968,17,24,0,INDETERMINADO,5,1,0,0,0,0,240,0,0,0,0
1968271296,10,16/08/1968,3,27,0,INDETERMINADO,2,1,10,0,0,0,60,0,0,0,0
1968271746,40,16/08/1968,3,27,0,INDETERMINADO,5,1,0,0,0,0,360,0,0,0,0
1968281025,40,16/08/1968,16,28,0,INDETERMINADO,2,1,50,0,0,0,120,0,0,0,0
1968321134,60,16/08/1968,3,32,0,INDETERMINADO,2,1,20,0,0,0,240,48,1,0,5
1968461382,2400,16/08/1968,9,46,0,INDETERMINADO,5,1,0,0,0,0,480,70,2,0,3
1968471260,190,16/08/1968,17,47,0,INDETERMINADO,2,1,50,0,0,0,120,53,0,0,2
1968031148,350,17/08/1968,9,3,0,INDETERMINADO,2,1,50,0,0,0,360,0,0,0,0
1968151611,4100,17/08/1968,3,15,0,INDETERMINADO,4,1,99,0,0,0,4920,106,0,0,5
1968281026,20,17/08/1968,16,28,0,INDETERMINADO,5,1,0,0,0,0,45,0,0,0,0
1968281079,10,17/08/1968,16,28,0,INDETERMINADO,2,1,50,0,0,0,60,0,0,0,0
1968321056,500,17/08/1968,3,32,0,INDETERMINADO,2,1,10,0,0,0,300,0,0,0,0
1968451121,60,17/08/1968,11,45,0,INDETERMINADO,3,1,30,0,0,0,60,0,0,0,0
1968491412,10,17/08/1968,17,49,0,INDETERMINADO,2,1,50,0,0,0,300,0,0,0,0
1968031270,3020,18/08/1968,9,3,0,INDETERMINADO,2,1,50,0,0,0,1140,103,1,0,0
1968051100,40,18/08/1968,17,5,0,INDETERMINADO,2,1,50,0,0,0,120,0,0,0,0
1968101067,250,18/08/1968,14,10,0,INDETERMINADO,2,1,50,0,0,0,180,0,0,0,0
1968151456,980,18/08/1968,3,15,0,INDETERMINADO,4,1,99,0,0,0,5520,116,0,0,4
1968271467,2040,18/08/1968,3,27,0,INDETERMINADO,2,1,10,0,0,0,1080,52,0,0,111
1968271747,50,18/08/1968,3,27,0,INDETERMINADO,5,1,0,0,0,0,420,0,0,0,0
1968291307,870,18/08/1968,4,29,0,INDETERMINADO,2,1,50,0,0,0,480,52,0,0,11
1968321135,1600,18/08/1968,3,32,0,INDETERMINADO,2,1,20,0,0,0,540,65,1,0,6
1968071093,20,19/08/1968,15,7,0,INDETERMINADO,2,1,40,0,0,0,420,0,0,0,0
1968191085,20,19/08/1968,11,19,0,INDETERMINADO,5,1,0,0,0,0,120,0,0,0,0
1968241181,500,19/08/1968,17,24,0,INDETERMINADO,2,1,20,0,0,0,1440,4,0,0,0
1968271554,3250,19/08/1968,3,27,0,INDETERMINADO,2,1,10,0,0,0,2100,205,2,0,12
1968271748,150,19/08/1968,3,27,0,INDETERMINADO,5,1,0,0,0,0,419,0,0,0,0
1968321475,600,19/08/1968,3,32,0,INDETERMINADO,2,1,10,0,0,0,2220,23,0,0,0
1968331591,50,19/08/1968,5,33,0,INDETERMINADO,2,1,10,0,0,0,540,0,0,0,0
1968361814,2200,19/08/1968,3,36,0,INDETERMINADO,5,1,0,0,0,0,839,110,0,0,25
1968471122,10,19/08/1968,17,47,0,INDETERMINADO,2,1,50,0,0,0,120,0,0,18,0
1968091221,25,20/08/1968,17,9,0,INDETERMINADO,4,1,99,0,0,0,600,0,0,0,0
1968091222,30,20/08/1968,17,9,0,INDETERMINADO,3,1,10,0,0,0,240,0,0,0,0
1968161238,20,20/08/1968,11,16,0,INDETERMINADO,2,1,10,0,0,0,240,0,0,0,0
1968241182,300,20/08/1968,17,24,0,INDETERMINADO,4,1,99,0,0,0,420,0,0,0,0
1968241240,30,20/08/1968,17,24,0,INDETERMINADO,2,1,40,0,0,0,120,6,0,0,0
1968241241,15,20/08/1968,17,24,0,INDETERMINADO,5,1,0,0,0,0,240,0,0,0,0
1968241286,150,20/08/1968,17,24,0,INDETERMINADO,2,1,30,0,0,0,1440,57,0,0,0
1968241487,400,20/08/1968,17,24,0,INDETERMINADO,2,1,50,0,0,0,3000,327,0,0,0
1968281185,18,20/08/1968,16,28,0,INDETERMINADO,3,1,20,0,0,0,60,0,0,0,0
1968331081,150,20/08/1968,5,33,0,INDETERMINADO,2,1,90,0,0,0,59,0,0,0,0
1968361434,10,20/08/1968,3,36,0,INDETERMINADO,5,1,0,0,0,0,120,0,0,0,0
1968391253,40,20/08/1968,6,39,0,INDETERMINADO,4,1,99,0,0,0,600,0,0,0,0
1968491455,"1,994E+016",20/08/1968,17,49,0,INDETERMINADO,2,1,30,0,0,0,420,53,2,0,15
1968031150,50,21/08/1968,9,3,0,INDETERMINADO,2,1,50,0,0,0,481,0,0,0,0
1968101229,300,21/08/1968,14,10,0,INDETERMINADO,2,1,50,0,0,0,60,0,0,0,0
1968131408,800,21/08/1968,11,13,0,INDETERMINADO,2,1,20,0,0,0,420,37,0,0,0
1968151457,400,21/08/1968,3,15,0,INDETERMINADO,5,1,0,0,0,0,600,60,0,0,12
1968191281,84,21/08/1968,11,19,0,INDETERMINADO,5,1,0,0,0,0,360,0,0,0,0
1968241086,140,21/08/1968,17,24,0,INDETERMINADO,2,1,50,0,0,0,780,0,0,0,0
1968241108,1060,21/08/1968,17,24,0,INDETERMINADO,5,1,0,0,0,0,1620,28,0,0,2
1968241242,8665,21/08/1968,17,24,0,INDETERMINADO,2,1,20,0,0,0,6240,172,1,0,8
1968241427,500,21/08/1968,17,24,0,INDETERMINADO,5,1,0,0,0,0,2280,0,0,0,0
1968321136,1750,21/08/1968,3,32,0,INDETERMINADO,2,1,20,0,0,0,840,88,1,0,3
1968361208,280,21/08/1968,3,36,0,INDETERMINADO,4,1,99,0,0,0,540,65,1,0,3
1968361209,30,21/08/1968,3,36,0,INDETERMINADO,2,1,50,0,0,0,60,0,0,0,0
1968361392,27,21/08/1968,3,36,0,INDETERMINADO,4,1,99,0,0,0,480,43,1,0,4
1968041099,8000,22/08/1968,4,4,0,INDETERMINADO,2,1,40,0,0,0,1560,120,0,0,0
1968101230,10,22/08/1968,14,10,0,INDETERMINADO,2,1,50,0,0,0,120,0,0,0,0
1968111539,6500,22/08/1968,4,11,0,INDETERMINADO,5,1,0,0,0,0,3480,217,2,0,22
1968141103,330,22/08/1968,4,14,0,INDETERMINADO,2,1,50,0,0,0,1320,155,2,0,0
1968141277,340,22/08/1968,4,14,0,INDETERMINADO,3,1,30,0,0,0,540,0,0,0,0
1968151612,240,22/08/1968,3,15,0,INDETERMINADO,2,1,30,0,0,0,480,0,0,0,0
1968241183,180,22/08/1968,17,24,0,INDETERMINADO,5,1,0,0,0,0,1320,0,0,0,0
1968241488,30,22/08/1968,17,24,0,INDETERMINADO,2,1,20,0,0,0,900,0,0,0,0
1968242100,1100,22/08/1968,17,24,0,INDETERMINADO,2,1,20,0,0,0,1680,36,0,0,0
1968271749,20,22/08/1968,3,27,0,INDETERMINADO,2,1,20,0,0,0,240,0,0,0,0
1968271974,20,22/08/1968,3,27,0,INDETERMINADO,5,1,0,0,0,0,120,0,0,0,0
1968271975,20,22/08/1968,3,27,0,INDETERMINADO,5,1,0,0,0,0,240,0,0,0,0
1968271976,3202,22/08/1968,3,27,0,INDETERMINADO,5,1,0,0,0,0,720,130,0,0,6
1968321250,60,22/08/1968,3,32,0,INDETERMINADO,2,1,20,0,0,0,120,0,0,0,0
1968321251,550,22/08/1968,3,32,0,INDETERMINADO,2,1,20,0,0,0,720,10,0,0,0
1968361210,50,22/08/1968,3,36,0,INDETERMINADO,2,1,50,0,0,0,240,0,0,0,0
1968361316,700,22/08/1968,3,36,0,INDETERMINADO,4,1,99,0,0,0,659,96,0,0,7
1968361642,290,22/08/1968,3,36,0,INDETERMINADO,5,1,0,0,0,0,480,94,1,0,2
1968361815,80,22/08/1968,3,36,0,INDETERMINADO,4,1,99,0,0,0,300,40,1,0,1
1968371322,480,22/08/1968,17,37,0,INDETERMINADO,2,1,90,0,0,0,540,0,0,0,0
1968391254,40,22/08/1968,6,39,0,INDETERMINADO,4,1,99,0,0,0,299,0,0,0,0
1968411259,6700,22/08/1968,4,41,0,INDETERMINADO,4,1,99,0,0,0,420,35,0,0,0
1968411326,3850,22/08/1968,4,41,0,INDETERMINADO,2,1,30,0,0,0,720,29,0,0,0
1968031151,100,23/08/1968,9,3,0,INDETERMINADO,2,1,90,0,0,0,720,0,0,0,0
1968031333,100,23/08/1968,9,3,0,INDETERMINADO,2,1,10,0,0,0,540,0,0,0,0
1968051218,50,23/08/1968,17,5,0,INDETERMINADO,2,1,40,0,0,0,720,0,0,0,0
1968071124,55,23/08/1968,15,7,0,INDETERMINADO,2,1,20,0,0,0,1380,0,0,0,0
1968081159,80,23/08/1968,2,8,0,INDETERMINADO,2,1,50,0,0,0,360,0,0,0,0
1968101231,10,23/08/1968,14,10,0,INDETERMINADO,2,1,50,0,0,0,60,0,0,0,0
1968231448,3000,23/08/1968,4,23,0,INDETERMINADO,5,1,0,0,0,0,660,370,3,0,0
1968241243,30,23/08/1968,17,24,0,INDETERMINADO,2,1,50,0,0,0,180,0,0,0,0
1968241287,20,23/08/1968,17,24,0,INDETERMINADO,2,1,90,0,0,0,60,0,0,0,0
1968261409,305,23/08/1968,7,26,0,INDETERMINADO,5,1,0,0,0,0,600,0,0,0,0
1968271750,30,23/08/1968,3,27,0,INDETERMINADO,2,1,30,0,0,0,120,0,0,0,0
1968321310,17300,23/08/1968,3,32,0,INDETERMINADO,2,1,10,0,0,0,2640,471,1,0,571
1968321476,3500,23/08/1968,3,32,0,INDETERMINADO,2,1,20,0,0,0,1500,206,2,0,174
1968341193,40,23/08/1968,17,34,0,INDETERMINADO,2,1,20,0,0,0,480,0,0,0,0
1968341199,100,23/08/1968,17,34,0,INDETERMINADO,2,1,20,0,0,0,540,0,0,0,0
1968361317,800,23/08/1968,3,36,0,INDETERMINADO,5,1,0,0,0,0,1680,118,0,0,36
1968361435,15,23/08/1968,3,36,0,INDETERMINADO,2,1,20,0,0,0,120,0,0,0,0
1968361643,27,23/08/1968,3,36,0,INDETERMINADO,4,1,99,0,0,0,300,0,0,0,0
1968361816,280,23/08/1968,3,36,0,INDETERMINADO,4,1,99,0,0,0,540,61,0,0,19
1968391255,20,23/08/1968,6,39,0,INDETERMINADO,4,1,99,0,0,0,120,0,0,0,0
1968391256,20,23/08/1968,6,39,0,INDETERMINADO,4,1,99,0,0,0,600,0,0,0,0
1968411327,300,23/08/1968,4,41,0,INDETERMINADO,2,1,50,0,0,0,180,0,0,0,0
1968471330,700,23/08/1968,17,47,0,INDETERMINADO,3,1,30,0,0,0,120,69,2,0,0
1968491932,840,23/08/1968,17,49,0,INDETERMINADO,2,1,50,0,0,0,300,69,2,0,4
1968031334,4500,24/08/1968,9,3,0,INDETERMINADO,2,1,10,0,0,0,1500,359,1,0,13
1968091226,15,24/08/1968,17,9,0,INDETERMINADO,4,1,99,0,0,0,240,0,0,0,0
1968101232,20,24/08/1968,14,10,0,INDETERMINADO,2,1,50,0,0,0,60,0,0,0,0
1968101233,320,24/08/1968,14,10,0,INDETERMINADO,3,1,30,0,0,0,120,0,0,0,0
1968101234,30,24/08/1968,14,10,0,INDETERMINADO,2,1,20,0,0,0,300,0,0,0,0
1968101493,790,24/08/1968,14,10,0,INDETERMINADO,3,1,30,0,0,0,300,62,0,0,7
1968111540,2490,24/08/1968,4,11,0,INDETERMINADO,5,1,0,0,0,0,780,175,0,0,15
1968151458,80,24/08/1968,3,15,0,INDETERMINADO,2,1,50,0,0,0,180,0,0,0,0
1968231347,820,24/08/1968,4,23,0,INDETERMINADO,5,1,0,0,0,0,360,30,1,0,0
1968241244,80,24/08/1968,17,24,0,INDETERMINADO,3,1,30,0,0,0,780,0,0,0,0
1968271555,1750,24/08/1968,3,27,0,INDETERMINADO,5,1,0,0,0,0,1080,90,0,0,81
1968271556,707,24/08/1968,3,27,0,INDETERMINADO,2,1,20,0,0,0,1140,93,1,0,65
1968271977,34,24/08/1968,3,27,0,INDETERMINADO,5,1,0,0,0,0,1260,0,0,0,0
1968271978,20,24/08/1968,3,27,0,INDETERMINADO,2,1,20,0,0,0,120,0,0,0,0
1968321188,1000,24/08/1968,3,32,0,INDETERMINADO,2,1,20,0,0,0,1740,54,0,0,0
1968321189,30,24/08/1968,3,32,0,INDETERMINADO,4,1,99,0,0,0,179,0,0,0,0
1968321477,250,24/08/1968,3,32,0,INDETERMINADO,5,1,0,0,0,0,300,53,0,0,3
1968361212,100,24/08/1968,3,36,0,INDETERMINADO,4,1,99,0,0,0,539,0,0,0,0
1968361318,30,24/08/1968,3,36,0,INDETERMINADO,4,1,99,0,0,0,120,0,0,0,0
1968361368,150,24/08/1968,3,36,0,INDETERMINADO,2,1,50,0,0,0,420,0,0,0,0
1968361393,110,24/08/1968,3,36,0,INDETERMINADO,4,1,99,0,0,0,300,38,1,0,1
1968361817,170,24/08/1968,3,36,0,INDETERMINADO,4,1,99,0,0,0,180,16,0,0,1
1968061767,2080,25/08/1968,14,6,0,INDETERMINADO,5,1,0,0,0,0,180,72,0,0,0
1968091227,11,25/08/1968,17,9,0,INDETERMINADO,5,1,0,0,0,0,180,0,0,0,0
1968101495,1500,25/08/1968,14,10,0,INDETERMINADO,2,1,90,0,0,0,240,32,0,0,3
1968141278,20,25/08/1968,4,14,0,INDETERMINADO,3,1,20,0,0,0,120,0,0,0,0
1968141279,980,25/08/1968,4,14,0,INDETERMINADO,1,1,0,0,0,0,540,56,0,0,0
1968151459,1720,25/08/1968,3,15,0,INDETERMINADO,5,1,0,0,0,0,1380,80,0,0,8
1968151460,50,25/08/1968,3,15,0,INDETERMINADO,2,1,50,0,0,0,480,0,0,0,0
1968151498,40,25/08/1968,3,15,0,INDETERMINADO,5,1,0,0,0,0,480,0,0,0,0
1968151615,240,25/08/1968,3,15,0,INDETERMINADO,4,1,99,0,0,0,2040,150,0,0,1
1968171420,50,25/08/1968,2,17,0,INDETERMINADO,5,1,0,0,0,0,720,0,0,0,0
1968221581,200,25/08/1968,10,22,0,INDETERMINADO,5,1,0,0,0,0,240,65,5,0,4
1968241245,10,25/08/1968,17,24,0,INDETERMINADO,5,1,0,0,0,0,120,0,0,0,0
1968241246,900,25/08/1968,17,24,0,INDETERMINADO,2,1,50,0,0,0,1560,32,0,0,0
1968241247,3010,25/08/1968,17,24,0,INDETERMINADO,4,1,99,0,0,0,660,31,0,0,14
1968241288,1150,25/08/1968,17,24,0,INDETERMINADO,5,1,0,0,0,0,2580,34,0,0,13
1968242101,900,25/08/1968,17,24,0,INDETERMINADO,2,1,50,0,0,0,1560,32,0,0,0
1968271582,8170,25/08/1968,3,27,0,INDETERMINADO,1,1,0,0,0,0,2520,94,1,0,17
1968271751,700,25/08/1968,3,27,0,INDETERMINADO,2,1,30,0,0,0,480,46,0,0,0
1968271752,300,25/08/1968,3,27,0,INDETERMINADO,5,1,0,0,0,0,840,0,0,0,0
1968321190,700,25/08/1968,3,32,0,INDETERMINADO,2,1,20,0,0,0,600,80,0,0,0
1968361319,20,25/08/1968,3,36,0,INDETERMINADO,4,1,99,0,0,0,300,0,0,0,0
1968361320,250,25/08/1968,3,36,0,INDETERMINADO,5,1,0,0,0,0,420,0,0,0,0
1968361394,10,25/08/1968,3,36,0,INDETERMINADO,4,1,99,0,0,0,119,0,0,0,0
1968361395,100,25/08/1968,3,36,0,INDETERMINADO,5,1,0,0,0,0,480,76,0,0,2
1968361436,50,25/08/1968,3,36,0,INDETERMINADO,5,1,0,0,0,0,239,0,0,0,0
1968361523,20,25/08/1968,3,36,0,INDETERMINADO,5,1,0,0,0,0,300,0,0,0,0
1968361818,550,25/08/1968,3,36,0,INDETERMINADO,5,1,0,0,0,0,720,66,0,0,2
1968361819,140,25/08/1968,3,36,0,INDETERMINADO,4,1,99,0,0,0,540,47,0,0,0
1968362004,50,25/08/1968,3,36,0,INDETERMINADO,5,1,0,0,0,0,360,0,0,0,0
1968391257,50,25/08/1968,6,39,0,INDETERMINADO,4,1,99,0,0,0,1680,0,0,0,0
1968471143,2050,25/08/1968,17,47,0,INDETERMINADO,2,1,50,0,0,0,360,234,2,2,12
1968471261,25,25/08/1968,17,47,0,INDETERMINADO,3,1,30,0,0,0,180,0,0,0,0
1968031152,15,26/08/1968,9,3,0,INDETERMINADO,2,1,50,0,0,0,540,0,0,0,0
1968031335,15,26/08/1968,9,3,0,INDETERMINADO,2,1,50,0,0,0,120,0,0,0,0
1968101342,750,26/08/1968,14,10,0,INDETERMINADO,2,1,50,0,0,0,780,26,0,0,0
1968151499,220,26/08/1968,3,15,0,INDETERMINADO,5,1,0,0,0,0,600,43,1,0,0
1968151500,500,26/08/1968,3,15,0,INDETERMINADO,4,1,99,0,0,0,660,0,0,0,0
1968151616,40,26/08/1968,3,15,0,INDETERMINADO,5,1,0,0,0,0,120,0,0,0,0
1968201345,20,26/08/1968,1,20,0,INDETERMINADO,2,1,30,0,0,0,180,0,0,0,0
1968201346,50,26/08/1968,1,20,0,INDETERMINADO,3,1,20,0,0,0,120,0,0,0,2
1968231283,40,26/08/1968,4,23,0,INDETERMINADO,2,1,20,0,0,0,300,0,0,0,0
1968231348,600,26/08/1968,4,23,0,INDETERMINADO,5,1,0,0,0,0,240,38,0,0,0
1968241248,50,26/08/1968,17,24,0,INDETERMINADO,2,1,50,0,0,0,1080,0,0,0,0
1968241289,530,26/08/1968,17,24,0,INDETERMINADO,5,1,0,0,0,0,1620,87,1,0,0
1968271753,20,26/08/1968,3,27,0,INDETERMINADO,5,1,0,0,0,0,475,0,0,0,0
1968281300,28,26/08/1968,16,28,0,INDETERMINADO,5,1,0,0,0,0,300,0,0,0,0
1968281306,10,26/08/1968,16,28,0,INDETERMINADO,2,1,90,0,0,0,60,0,0,0,0
1968331359,350,26/08/1968,5,33,0,INDETERMINADO,2,1,20,0,0,0,1140,56,0,0,1
1968331360,320,26/08/1968,5,33,0,INDETERMINADO,4,1,99,0,0,0,540,36,0,0,31
1968361321,120,26/08/1968,3,36,0,INDETERMINADO,5,1,0,0,0,0,720,0,0,0,0
1968361370,50,26/08/1968,3,36,0,INDETERMINADO,4,1,99,0,0,0,239,0,0,0,0
1968361372,30,26/08/1968,3,36,0,INDETERMINADO,4,1,99,0,0,0,180,0,0,0,0
1968361396,20,26/08/1968,3,36,0,INDETERMINADO,5,1,0,0,0,0,300,0,0,0,0
1968361397,30,26/08/1968,3,36,0,INDETERMINADO,5,1,0,0,0,0,120,0,0,0,0
1968361398,15,26/08/1968,3,36,0,INDETERMINADO,4,1,99,0,0,0,60,0,0,0,0
1968361644,148,26/08/1968,3,36,0,INDETERMINADO,4,1,99,0,0,0,1020,0,0,0,1
1968361820,60,26/08/1968,3,36,0,INDETERMINADO,5,1,0,0,0,0,120,11,0,0,1
1968402078,14000,26/08/1968,17,40,0,INDETERMINADO,2,1,50,0,0,0,480,114,4,0,0
1968491196,130,26/08/1968,17,49,0,INDETERMINADO,1,1,0,0,0,0,180,57,1,0,4
1968031153,10,27/08/1968,9,3,0,INDETERMINADO,2,1,50,0,0,0,240,0,0,0,0
1968091228,20,27/08/1968,17,9,0,INDETERMINADO,5,1,0,0,0,0,240,0,0,0,0
1968151501,310,27/08/1968,3,15,0,INDETERMINADO,5,1,0,0,0,0,780,0,0,0,0
1968321252,21,27/08/1968,3,32,0,INDETERMINADO,2,1,20,0,0,0,180,0,0,0,0
1968361373,10,27/08/1968,3,36,0,INDETERMINADO,1,1,0,0,0,0,180,0,0,0,0
1968361374,70,27/08/1968,3,36,0,INDETERMINADO,1,1,0,0,0,0,120,11,0,0,0
1968361399,400,27/08/1968,3,36,0,INDETERMINADO,5,1,0,0,0,0,780,0,0,0,0
1968361400,30,27/08/1968,3,36,0,INDETERMINADO,1,1,0,0,0,0,60,0,0,0,0
1968361401,30,27/08/1968,3,36,0,INDETERMINADO,1,1,0,0,0,0,120,0,0,0,0
1968361645,35,27/08/1968,3,36,0,INDETERMINADO,1,1,0,0,0,0,2880,0,0,0,0
1968361646,45,27/08/1968,3,36,0,INDETERMINADO,1,1,0,0,0,0,180,0,0,0,1
1968361647,20,27/08/1968,3,36,0,INDETERMINADO,1,1,0,0,0,0,300,0,0,0,0
1968411328,950,27/08/1968,4,41,0,INDETERMINADO,5,1,0,0,0,0,180,120,0,0,19
1968071219,190,28/08/1968,15,7,0,INDETERMINADO,2,1,90,0,0,0,660,178,0,0,1
1968151502,20,28/08/1968,3,15,0,INDETERMINADO,5,1,0,0,0,0,120,0,0,0,0
1968271583,140,28/08/1968,3,27,0,INDETERMINADO,4,1,99,0,0,0,355,76,1,0,2
1968031336,650,29/08/1968,9,3,0,INDETERMINADO,2,1,50,0,0,0,599,87,1,0,2
1968151617,50,29/08/1968,3,15,0,INDETERMINADO,2,1,90,0,0,0,300,0,0,0,0
1968351363,10,29/08/1968,12,35,0,INDETERMINADO,2,1,50,0,0,0,120,0,0,0,0
1968031337,15,30/08/1968,9,3,0,INDETERMINADO,2,1,10,0,0,0,240,0,0,0,0
1968031338,2500,30/08/1968,9,3,0,INDETERMINADO,2,1,10,0,0,0,1200,198,1,0,7
1968061739,1650,30/08/1968,14,6,0,INDETERMINADO,3,1,30,0,0,0,120,35,2,0,1
1968151503,13,30/08/1968,3,15,0,INDETERMINADO,5,1,0,0,0,0,180,0,0,0,0
1968151618,60,30/08/1968,3,15,0,INDETERMINADO,5,1,0,0,0,0,300,0,0,0,0
1968151619,20,30/08/1968,3,15,0,INDETERMINADO,2,1,50,0,0,0,120,0,0,0,0
1968151620,40,30/08/1968,3,15,0,INDETERMINADO,4,1,99,0,0,0,240,0,0,0,0
1968491933,900,30/08/1968,17,49,0,INDETERMINADO,1,1,0,0,0,0,240,157,0,0,0
1968041403,20,31/08/1968,4,4,0,INDETERMINADO,5,1,0,0,0,0,120,0,0,0,0
1968081273,150,31/08/1968,2,8,0,INDETERMINADO,4,1,99,0,0,0,300,90,3,0,1
1968151621,550,31/08/1968,3,15,0,INDETERMINADO,4,1,99,0,0,0,960,125,0,0,0
1968231543,"6,1E+016",31/08/1968,4,23,0,INDETERMINADO,2,1,10,0,0,0,420,0,0,0,0
1968361375,20,31/08/1968,3,36,0,INDETERMINADO,5,1,0,0,0,0,180,0,0,0,0
1968461383,40,31/08/1968,9,46,0,INDETERMINADO,5,1,0,0,0,0,180,0,0,0,0
1968241290,40,01/09/1968,17,24,0,INDETERMINADO,2,1,50,0,0,0,180,0,0,0,0
1968361402,25,01/09/1968,3,36,0,INDETERMINADO,4,1,99,0,0,0,120,0,0,0,0
1968391683,30,01/09/1968,6,39,0,INDETERMINADO,4,1,99,0,0,0,300,8,0,0,0
1968461411,30,02/09/1968,9,46,0,INDETERMINADO,3,1,20,0,0,0,300,0,0,0,0
1968461453,60,02/09/1968,9,46,0,INDETERMINADO,2,1,10,0,0,0,180,0,0,0,0
1968101343,10,03/09/1968,14,10,0,INDETERMINADO,2,1,20,0,0,0,120,0,0,0,0
1968111633,750,03/09/1968,4,11,0,INDETERMINADO,5,1,0,0,0,0,300,40,0,0,1
1968341362,70,03/09/1968,17,34,0,INDETERMINADO,2,1,50,0,0,0,119,6,1,0,0
1968341678,550,03/09/1968,17,34,0,INDETERMINADO,2,1,50,0,0,0,480,81,1,0,7
1968431377,30,03/09/1968,2,43,0,INDETERMINADO,2,1,50,0,0,0,180,0,0,0,0
1968461454,10,03/09/1968,9,46,0,INDETERMINADO,2,1,50,0,0,0,240,0,0,0,0
1968461569,820,03/09/1968,9,46,0,INDETERMINADO,2,1,10,0,0,0,1860,233,3,0,1
1968051834,50,05/09/1968,17,5,0,INDETERMINADO,2,1,20,0,0,0,60,2,1,0,0
1968061740,15,05/09/1968,14,6,0,INDETERMINADO,3,1,20,0,0,0,180,0,0,0,0
1968071340,20,05/09/1968,15,7,0,INDETERMINADO,2,1,90,0,0,0,300,0,0,0,0
1968171421,20,05/09/1968,2,17,0,INDETERMINADO,5,1,0,0,0,0,60,0,0,0,0
1968281353,30,05/09/1968,16,28,0,INDETERMINADO,5,1,0,0,0,0,60,0,0,0,0
1968281354,20,05/09/1968,16,28,0,INDETERMINADO,2,1,50,0,0,0,300,0,0,0,0
1968331705,1050,05/09/1968,5,33,0,INDETERMINADO,2,1,20,0,0,0,720,36,0,0,50
1968471597,15,05/09/1968,17,47,0,INDETERMINADO,2,1,50,0,0,0,60,0,0,0,0
1968471848,16,05/09/1968,17,47,0,INDETERMINADO,2,1,50,0,0,0,180,0,0,0,0
1968051790,210,06/09/1968,17,5,0,INDETERMINADO,2,1,50,0,0,0,120,150,0,0,0
1968051791,50,06/09/1968,17,5,0,INDETERMINADO,2,1,50,0,0,0,120,0,0,0,0
1968101496,750,06/09/1968,14,10,0,INDETERMINADO,2,1,50,0,0,0,180,27,0,0,4
1968151504,300,06/09/1968,3,15,0,INDETERMINADO,4,1,99,0,0,0,4440,0,0,0,0
1968281468,100,06/09/1968,16,28,0,INDETERMINADO,5,1,0,0,0,0,180,0,0,0,0
1968451536,50,06/09/1968,11,45,0,INDETERMINADO,3,1,30,0,0,0,120,0,0,0,0
1968461593,500,06/09/1968,9,46,0,INDETERMINADO,5,1,0,0,0,0,840,42,0,0,0
1968471598,10,06/09/1968,17,47,0,INDETERMINADO,2,1,10,0,0,0,60,0,0,0,0
1968491413,15,06/09/1968,17,49,0,INDETERMINADO,5,1,0,0,0,0,60,0,0,0,0
1968091481,13,07/09/1968,17,9,0,INDETERMINADO,5,1,0,0,0,0,120,0,0,0,0
1968151505,250,07/09/1968,3,15,0,INDETERMINADO,4,1,99,0,0,0,1380,0,0,0,0
1968241552,1000,07/09/1968,17,24,0,INDETERMINADO,4,1,99,0,0,0,480,39,0,0,0
1968281355,30,07/09/1968,16,28,0,INDETERMINADO,2,1,50,0,0,0,120,0,0,0,0
1968281559,190,07/09/1968,16,28,0,INDETERMINADO,2,1,50,0,0,0,120,0,0,0,0
1968471512,25,07/09/1968,17,47,0,INDETERMINADO,5,1,0,0,0,0,60,0,0,0,0
1968471803,10,07/09/1968,17,47,0,INDETERMINADO,2,1,10,0,0,0,180,0,0,0,0
1968081572,123,08/09/1968,2,8,0,INDETERMINADO,2,1,40,0,0,0,360,48,4,0,1
1968131579,40,08/09/1968,11,13,0,INDETERMINADO,5,1,0,0,0,0,240,0,0,0,3
1968151507,30,08/09/1968,3,15,0,INDETERMINADO,4,1,99,0,0,0,480,0,0,0,0
1968151508,180,08/09/1968,3,15,0,INDETERMINADO,4,1,99,0,0,0,1740,0,0,0,0
1968281560,1000,08/09/1968,16,28,0,INDETERMINADO,2,1,50,0,0,0,180,270,3,0,12
1968321463,200,08/09/1968,3,32,0,INDETERMINADO,2,1,10,0,0,0,1380,19,0,0,5
1968321464,120,08/09/1968,3,32,0,INDETERMINADO,4,1,99,0,0,0,300,47,0,0,6
1968361442,40,08/09/1968,3,36,0,INDETERMINADO,5,1,0,0,0,0,420,0,0,0,0
1968361479,200,08/09/1968,3,36,0,INDETERMINADO,4,1,99,0,0,0,420,32,0,0,12
1968361821,450,08/09/1968,3,36,0,INDETERMINADO,4,1,99,0,0,0,480,63,0,0,27
1968031758,150,09/09/1968,9,3,0,INDETERMINADO,2,1,50,0,0,0,1740,0,0,0,0
1968061741,130,09/09/1968,14,6,0,INDETERMINADO,2,1,20,0,0,0,120,0,0,0,0
1968061742,60,09/09/1968,14,6,0,INDETERMINADO,2,1,10,0,0,0,360,104,0,0,1
1968101497,30,09/09/1968,14,10,0,INDETERMINADO,2,1,50,0,0,0,300,0,0,0,2
1968111578,141,09/09/1968,4,11,0,INDETERMINADO,2,1,40,0,0,0,420,271,0,0,5
1968211636,10,09/09/1968,4,21,0,INDETERMINADO,3,1,10,0,0,0,240,0,0,0,0
1968231667,1167,09/09/1968,4,23,0,INDETERMINADO,2,1,40,0,0,0,1140,210,1,0,12
1968241489,40,09/09/1968,17,24,0,INDETERMINADO,2,1,10,0,0,0,480,0,0,0,0
1968241490,850,09/09/1968,17,24,0,INDETERMINADO,4,1,99,0,0,0,840,5,0,0,0
1968241553,25,09/09/1968,17,24,0,INDETERMINADO,2,1,50,0,0,0,300,0,0,0,0
1968281431,100,09/09/1968,16,28,0,INDETERMINADO,2,1,50,0,0,0,180,0,0,0,0
1968391524,20,09/09/1968,6,39,0,INDETERMINADO,4,1,99,0,0,0,120,0,0,0,0
1968391564,15,09/09/1968,6,39,0,INDETERMINADO,2,1,10,0,0,0,180,0,0,0,0
1968071417,30,10/09/1968,15,7,0,INDETERMINADO,2,1,40,0,0,0,300,0,0,0,0
1968231544,200,10/09/1968,4,23,0,INDETERMINADO,2,1,50,0,0,0,300,0,0,0,0
1968281470,22,10/09/1968,16,28,0,INDETERMINADO,2,1,50,0,0,0,60,0,0,0,0
1968281471,30,10/09/1968,16,28,0,INDETERMINADO,5,1,0,0,0,0,120,0,0,0,0
1968451443,30,10/09/1968,11,45,0,INDETERMINADO,2,1,50,0,0,0,240,0,0,0,0
1968461526,110,10/09/1968,9,46,0,INDETERMINADO,2,1,90,0,0,0,240,0,0,0,0
1968071446,10,11/09/1968,15,7,0,INDETERMINADO,2,1,50,0,0,0,120,0,0,0,0
1968131580,250,11/09/1968,11,13,0,INDETERMINADO,2,1,20,0,0,0,180,0,0,0,0
1968291561,25,11/09/1968,4,29,0,INDETERMINADO,2,1,90,0,0,0,300,0,0,0,0
1968391525,20,11/09/1968,6,39,0,INDETERMINADO,4,1,99,0,0,0,480,0,0,0,0
1968051963,70,12/09/1968,17,5,0,INDETERMINADO,2,1,50,0,0,0,120,103,0,0,4
1968091549,11,12/09/1968,17,9,0,INDETERMINADO,2,1,10,0,0,0,60,0,0,0,0
1968131660,400,12/09/1968,11,13,0,INDETERMINADO,2,1,50,0,0,0,120,0,0,0,0
1968151509,100,12/09/1968,3,15,0,INDETERMINADO,4,1,99,0,0,0,360,0,0,0,0
1968161418,10,12/09/1968,11,16,0,INDETERMINADO,2,1,20,0,0,0,180,0,0,0,0
1968181484,307,12/09/1968,4,18,0,INDETERMINADO,2,1,50,0,0,0,420,61,0,0,7
1968271557,80,12/09/1968,3,27,0,INDETERMINADO,4,1,99,0,0,0,120,41,0,0,4
1968271558,30,12/09/1968,3,27,0,INDETERMINADO,4,1,99,0,0,0,180,0,0,0,0
1968391754,210,12/09/1968,6,39,0,INDETERMINADO,3,1,20,0,0,0,1800,5,0,0,6
1968261671,10,14/09/1968,7,26,0,INDETERMINADO,2,1,10,0,0,0,60,0,0,0,0
1968281492,33,14/09/1968,16,28,0,INDETERMINADO,2,1,90,0,0,0,60,0,0,0,0
1968031890,10,15/09/1968,9,3,0,INDETERMINADO,2,1,10,0,0,0,480,0,0,0,0
1968261672,160,15/09/1968,7,26,0,INDETERMINADO,3,1,20,0,0,0,540,0,0,0,0
1968281511,20,15/09/1968,16,28,0,INDETERMINADO,2,1,50,0,0,0,120,0,0,0,0
1968281517,30,15/09/1968,16,28,0,INDETERMINADO,2,1,50,0,0,0,120,0,0,0,0
1968471600,50,15/09/1968,17,47,0,INDETERMINADO,3,1,20,0,0,0,60,0,0,0,0
1968501885,20,15/09/1968,10,50,0,INDETERMINADO,5,1,0,0,0,0,1080,0,0,0,0
1968231545,100,16/09/1968,4,23,0,INDETERMINADO,2,1,50,0,0,0,120,0,0,0,0
1968261673,20,17/09/1968,7,26,0,INDETERMINADO,2,1,90,0,0,0,180,0,0,0,0
1968391533,200,17/09/1968,6,39,0,INDETERMINADO,5,1,0,0,0,0,720,0,0,0,0
1968461594,10,17/09/1968,9,46,0,INDETERMINADO,1,1,0,0,0,0,60,0,0,0,0
1968091483,40,18/09/1968,17,9,0,INDETERMINADO,5,1,0,0,0,0,660,0,0,0,0
1968261674,60,18/09/1968,7,26,0,INDETERMINADO,5,1,0,0,0,0,180,46,0,0,0
1968341562,10,18/09/1968,17,34,0,INDETERMINADO,2,1,10,0,0,0,180,0,0,0,0
1968411864,600,18/09/1968,4,41,0,INDETERMINADO,5,1,0,0,0,0,480,9,0,0,5
1968121606,50,19/09/1968,9,12,0,INDETERMINADO,2,1,40,0,0,0,300,0,0,0,0
1968391534,40,19/09/1968,6,39,0,INDETERMINADO,5,1,0,0,0,0,240,0,0,0,0
1968391535,70,19/09/1968,6,39,0,INDETERMINADO,5,1,0,0,0,0,300,0,0,0,0
1968451881,400,19/09/1968,11,45,0,INDETERMINADO,2,1,20,0,0,0,180,12,0,0,9
1968451889,220,19/09/1968,11,45,0,INDETERMINADO,3,1,30,0,0,0,60,8,0,0,3
1968032064,10,20/09/1968,9,3,0,INDETERMINADO,2,1,50,0,0,0,119,0,0,0,0
1968051792,30,20/09/1968,17,5,0,INDETERMINADO,5,1,0,0,0,0,60,0,0,0,0
1968051846,170,20/09/1968,17,5,0,INDETERMINADO,2,1,90,0,0,0,240,0,0,0,0
1968091518,499,20/09/1968,17,9,0,INDETERMINADO,4,1,99,0,0,0,660,0,0,0,0
1968391565,100,20/09/1968,6,39,0,INDETERMINADO,4,1,99,0,0,0,480,0,0,0,0
1968461685,300,20/09/1968,9,46,0,INDETERMINADO,5,1,0,0,0,0,1020,145,3,0,2
1968031759,2100,21/09/1968,9,3,0,INDETERMINADO,2,1,50,0,0,0,2640,61,0,0,0
1968131661,290,21/09/1968,11,13,0,INDETERMINADO,2,1,20,0,0,0,240,0,0,0,0
1968471604,100,21/09/1968,17,47,0,INDETERMINADO,5,1,0,0,0,0,120,0,0,0,0
1968081626,45,22/09/1968,2,8,0,INDETERMINADO,2,1,90,0,0,0,300,0,0,0,0
1968081627,10,22/09/1968,2,8,0,INDETERMINADO,2,1,50,0,0,0,120,0,0,0,0
1968131662,10,22/09/1968,11,13,0,INDETERMINADO,2,1,50,0,0,0,60,0,0,0,0
1968031891,20,23/09/1968,9,3,0,INDETERMINADO,2,1,10,0,0,0,180,0,0,0,0
1968281586,60,23/09/1968,16,28,0,INDETERMINADO,2,1,50,0,0,0,60,0,0,0,0
1968281587,10,23/09/1968,16,28,0,INDETERMINADO,5,1,0,0,0,0,60,0,0,0,0
1968461595,150,23/09/1968,9,46,0,INDETERMINADO,5,1,0,0,0,0,780,77,0,0,5
1968462056,40,23/09/1968,9,46,0,INDETERMINADO,2,1,50,0,0,0,300,0,0,0,0
1968471870,186,23/09/1968,17,47,0,INDETERMINADO,2,1,10,0,0,0,180,27,2,0,1
1968031892,2500,24/09/1968,9,3,0,INDETERMINADO,4,1,99,0,0,0,601,220,1,0,3
1968131663,110,24/09/1968,11,13,0,INDETERMINADO,2,1,20,0,0,0,60,0,0,0,0
1968161940,900,24/09/1968,11,16,0,INDETERMINADO,2,1,40,0,0,0,300,42,6,0,5
1968181635,10,24/09/1968,4,18,0,INDETERMINADO,5,1,0,0,0,0,240,0,0,0,0
1968281715,20,24/09/1968,16,28,0,INDETERMINADO,5,1,0,0,0,0,60,0,0,0,0
1968291584,80,24/09/1968,4,29,0,INDETERMINADO,2,1,10,0,0,0,120,31,0,0,3
1968301589,20,24/09/1968,8,30,0,INDETERMINADO,2,1,20,0,0,0,420,0,0,0,0
1968301590,20,24/09/1968,8,30,0,INDETERMINADO,2,1,20,0,0,0,360,0,0,0,0
1968461596,450,24/09/1968,9,46,0,INDETERMINADO,5,1,0,0,0,0,480,0,0,0,0
1968101711,1140,25/09/1968,14,10,0,INDETERMINADO,2,1,10,0,0,0,360,189,0,0,0
1968421788,24,25/09/1968,17,42,0,INDETERMINADO,2,1,50,0,0,0,60,0,0,0,0
1968021570,20,26/09/1968,11,2,0,INDETERMINADO,5,1,0,0,0,0,180,0,0,0,0
1968031893,10,26/09/1968,9,3,0,INDETERMINADO,3,1,20,0,0,0,240,0,0,0,0
1968121659,10,26/09/1968,9,12,0,INDETERMINADO,2,1,10,0,0,0,360,0,0,0,0
1968211702,70,26/09/1968,4,21,0,INDETERMINADO,2,1,50,0,0,0,420,0,0,0,0
1968291585,20,26/09/1968,4,29,0,INDETERMINADO,2,1,90,0,0,0,60,0,0,0,0
1968341563,250,26/09/1968,17,34,0,INDETERMINADO,2,1,10,0,0,0,240,0,0,0,0
1968341623,20,26/09/1968,17,34,0,INDETERMINADO,2,1,50,0,0,0,480,0,0,0,0
1968391946,770,26/09/1968,6,39,0,INDETERMINADO,4,1,99,0,0,0,480,41,1,0,9
1968471689,15,26/09/1968,17,47,0,INDETERMINADO,3,1,30,0,0,0,120,0,0,0,0
1968471690,49,26/09/1968,17,47,0,INDETERMINADO,2,1,10,0,0,0,120,0,0,0,0
1968471805,150,26/09/1968,17,47,0,INDETERMINADO,2,1,10,0,0,0,120,0,0,0,0
1968471849,105,26/09/1968,17,47,0,INDETERMINADO,2,1,10,0,0,0,180,43,2,0,6
1968131664,10,27/09/1968,11,13,0,INDETERMINADO,5,1,0,0,0,0,60,0,0,0,0
1968231670,15,27/09/1968,4,23,0,INDETERMINADO,2,1,50,0,0,0,120,0,0,0,0
1968281703,170,27/09/1968,16,28,0,INDETERMINADO,2,1,50,0,0,0,120,0,0,0,0
1968391648,60,27/09/1968,6,39,0,INDETERMINADO,4,1,99,0,0,0,420,0,0,0,0
1968051896,10,28/09/1968,17,5,0,INDETERMINADO,2,1,10,0,0,0,60,0,0,0,0
1968211666,120,28/09/1968,4,21,0,INDETERMINADO,5,1,0,0,0,0,180,47,3,0,3
1968421650,77,28/09/1968,17,42,0,INDETERMINADO,5,1,0,0,0,0,719,0,0,0,0
1968471692,10,28/09/1968,17,47,0,INDETERMINADO,2,1,10,0,0,0,180,0,0,0,0
1968051793,50,29/09/1968,17,5,0,INDETERMINADO,2,1,40,0,0,0,120,0,0,0,0
1968281638,1500,29/09/1968,16,28,0,INDETERMINADO,5,1,0,0,0,0,240,23,1,0,0
1968281718,20,29/09/1968,16,28,0,INDETERMINADO,5,1,0,0,0,0,60,0,0,0,0
1968471850,16,29/09/1968,17,47,0,INDETERMINADO,2,1,50,0,0,0,60,0,0,0,0
1968081630,40,30/09/1968,2,8,0,INDETERMINADO,5,1,0,0,0,0,120,0,0,0,0
1968091825,48,30/09/1968,17,9,0,INDETERMINADO,2,1,10,0,0,0,120,0,0,0,0
1968101712,10,30/09/1968,14,10,0,INDETERMINADO,2,1,50,0,0,0,60,0,0,0,0
1968101713,750,30/09/1968,14,10,0,INDETERMINADO,2,1,50,0,0,0,720,8,0,0,0
1968111886,50,30/09/1968,4,11,0,INDETERMINADO,2,1,40,0,0,0,300,0,0,0,0
1968281639,10,30/09/1968,16,28,0,INDETERMINADO,2,1,50,0,0,0,120,0,0,0,0
1968391649,10,30/09/1968,6,39,0,INDETERMINADO,4,1,99,0,0,0,120,0,0,0,0
1968411865,10,30/09/1968,4,41,0,INDETERMINADO,4,1,99,0,0,0,60,0,0,0,0
1968031760,60,01/10/1968,9,3,0,INDETERMINADO,2,1,40,0,0,0,360,0,0,0,0
1968061743,1250,01/10/1968,14,6,0,INDETERMINADO,5,1,0,0,0,0,840,55,0,0,5
1968282019,20,01/10/1968,16,28,0,INDETERMINADO,2,1,20,0,0,0,60,0,0,0,0
1968341624,30,01/10/1968,17,34,0,INDETERMINADO,2,1,40,0,0,0,240,0,0,0,0
1968341679,50,01/10/1968,17,34,0,INDETERMINADO,2,1,10,0,0,0,300,0,0,0,0
1968091632,120,02/10/1968,17,9,0,INDETERMINADO,2,1,10,0,0,0,120,0,0,0,0
1968281720,45,02/10/1968,16,28,0,INDETERMINADO,5,1,0,0,0,0,60,0,0,0,0
1968341830,45,02/10/1968,17,34,0,INDETERMINADO,2,1,10,0,0,0,180,0,0,0,0
1968362007,"1,8E+016",02/10/1968,3,36,0,INDETERMINADO,2,1,30,0,0,0,180,0,0,0,0
1968391709,70,02/10/1968,6,39,0,INDETERMINADO,4,1,99,0,0,0,540,0,0,0,0
1968411866,650,02/10/1968,4,41,0,INDETERMINADO,5,1,0,0,0,0,240,5,0,0,0
1968091853,80,03/10/1968,17,9,0,INDETERMINADO,2,1,10,0,0,0,240,20,0,0,3
1968091854,130,03/10/1968,17,9,0,INDETERMINADO,2,1,10,0,0,0,300,12,0,0,4
1968321878,50,03/10/1968,3,32,0,INDETERMINADO,5,1,0,0,0,0,360,0,0,0,0
1968341730,100,03/10/1968,17,34,0,INDETERMINADO,2,1,10,0,0,0,7680,0,0,0,0
1968462010,12590,03/10/1968,9,46,0,INDETERMINADO,2,1,10,0,0,0,1920,755,3,0,396
1968061744,30,04/10/1968,14,6,0,INDETERMINADO,2,1,20,0,0,0,360,0,0,0,0
1968061939,60,04/10/1968,14,6,0,INDETERMINADO,2,1,30,0,0,0,120,0,0,0,0
1968081653,61,04/10/1968,2,8,0,INDETERMINADO,2,1,90,0,0,0,240,0,0,0,0
1968081990,15,04/10/1968,2,8,0,INDETERMINADO,2,1,40,0,0,0,360,0,0,0,0
1968091806,120,04/10/1968,17,9,0,INDETERMINADO,2,1,10,0,0,0,120,0,0,0,0
1968091807,45,04/10/1968,17,9,0,INDETERMINADO,2,1,10,0,0,0,60,0,0,0,0
1968091826,20,04/10/1968,17,9,0,INDETERMINADO,2,1,50,0,0,0,60,0,0,0,0
1968091855,70,04/10/1968,17,9,0,INDETERMINADO,2,1,10,0,0,0,180,22,0,0,1
1968321704,30,04/10/1968,3,32,0,INDETERMINADO,4,1,99,0,0,0,120,0,0,0,0
1968341640,250,04/10/1968,17,34,0,INDETERMINADO,2,1,10,0,0,0,180,0,0,0,0
1968371681,120,04/10/1968,17,37,0,INDETERMINADO,2,1,20,0,0,0,300,5,0,0,0
1968411962,50,04/10/1968,4,41,0,INDETERMINADO,2,1,50,0,0,0,300,0,0,0,0
1968472011,80,04/10/1968,17,47,0,INDETERMINADO,2,1,10,0,0,0,180,40,0,0,0
1968091657,70,05/10/1968,17,9,0,INDETERMINADO,2,1,10,0,0,0,480,0,0,0,0
1968101779,200,05/10/1968,14,10,0,INDETERMINADO,2,1,50,0,0,0,300,0,0,0,0
1968151913,30,05/10/1968,3,15,0,INDETERMINADO,2,1,30,0,0,0,420,0,0,0,0
1968181745,450,05/10/1968,4,18,0,INDETERMINADO,2,1,10,0,0,0,360,41,0,0,0
1968321677,60,05/10/1968,3,32,0,INDETERMINADO,4,1,99,0,0,0,120,30,0,0,5
1968341706,20,05/10/1968,17,34,0,INDETERMINADO,2,1,10,0,0,0,80,0,0,0,0
1968341731,30,05/10/1968,17,34,0,INDETERMINADO,2,1,10,0,0,0,360,0,0,0,0
1968391710,10,05/10/1968,6,39,0,INDETERMINADO,4,1,99,0,0,0,120,0,0,0,0
1968471851,40,05/10/1968,17,47,0,INDETERMINADO,2,1,10,0,0,0,180,0,0,0,0
1968091658,14,06/10/1968,17,9,0,INDETERMINADO,2,1,10,0,0,0,300,0,0,0,0
1968211970,160,06/10/1968,4,21,0,INDETERMINADO,2,1,50,0,0,0,240,22,2,0,0
1968281781,1100,06/10/1968,16,28,0,INDETERMINADO,5,1,0,0,0,0,240,92,1,0,0
1968282020,250,06/10/1968,16,28,0,INDETERMINADO,2,1,50,0,0,0,180,0,0,0,0
1968391823,60,06/10/1968,6,39,0,INDETERMINADO,4,1,99,0,0,0,960,0,0,0,0
1968471872,20,06/10/1968,17,47,0,INDETERMINADO,2,1,50,0,0,0,240,0,0,0,0
1968471873,15,06/10/1968,17,47,0,INDETERMINADO,2,1,10,0,0,0,660,0,0,0,0
1968472012,70,06/10/1968,17,47,0,INDETERMINADO,2,1,50,0,0,0,120,48,0,0,5
1968031761,300,07/10/1968,9,3,0,INDETERMINADO,2,1,40,0,0,0,1140,0,0,0,0
1968091698,12,07/10/1968,17,9,0,INDETERMINADO,2,1,10,0,0,0,80,0,0,0,0
1968091836,350,07/10/1968,17,9,0,INDETERMINADO,5,1,0,0,0,0,1380,0,0,0,0
1968261799,470,07/10/1968,7,26,0,INDETERMINADO,3,1,40,0,0,0,480,0,0,0,0
1968281782,200,07/10/1968,16,28,0,INDETERMINADO,5,1,0,0,0,0,180,0,0,0,0
1968391824,40,07/10/1968,6,39,0,INDETERMINADO,4,1,99,0,0,0,959,0,0,0,0
1968441831,10,07/10/1968,10,44,0,INDETERMINADO,1,1,0,0,0,0,240,0,0,0,0
1968031762,20,08/10/1968,9,3,0,INDETERMINADO,2,1,10,0,0,0,240,0,0,0,0
1968031763,100,08/10/1968,9,3,0,INDETERMINADO,2,1,40,0,0,0,300,0,0,0,0
1968091904,60,08/10/1968,17,9,0,INDETERMINADO,5,1,0,0,0,0,180,0,0,0,0
1968131912,450,08/10/1968,11,13,0,INDETERMINADO,5,1,0,0,0,0,480,20,0,0,0
1968341732,150,08/10/1968,17,34,0,INDETERMINADO,2,1,10,0,0,0,420,0,0,0,0
1968091770,10,09/10/1968,17,9,0,INDETERMINADO,5,1,0,0,0,0,240,0,0,0,0
1968092014,120,09/10/1968,17,9,0,INDETERMINADO,2,1,10,0,0,0,540,0,0,0,0
1968391838,30,09/10/1968,6,39,0,INDETERMINADO,2,1,40,0,0,0,180,0,0,0,0
1968091771,350,10/10/1968,17,9,0,INDETERMINADO,5,1,0,0,0,0,540,0,0,0,0
1968241916,500,10/10/1968,17,24,0,INDETERMINADO,2,1,10,0,0,0,240,62,7,0,8
1968341733,50,10/10/1968,17,34,0,INDETERMINADO,2,1,10,0,0,0,240,0,0,0,0
1968341734,480,10/10/1968,17,34,0,INDETERMINADO,2,1,10,0,0,0,300,0,0,0,0
1968391755,10,10/10/1968,6,39,0,INDETERMINADO,4,1,99,0,0,0,239,0,0,0,0
1968391947,595,10/10/1968,6,39,0,INDETERMINADO,4,1,99,0,0,0,660,40,1,0,1
1968411867,20,10/10/1968,4,41,0,INDETERMINADO,5,1,0,0,0,0,120,0,0,0,0
1968421737,40,10/10/1968,17,42,0,INDETERMINADO,2,1,90,0,0,0,60,0,0,0,0
1968091827,30,11/10/1968,17,9,0,INDETERMINADO,5,1,0,0,0,0,240,0,0,0,0
1968091856,60,11/10/1968,17,9,0,INDETERMINADO,2,1,10,0,0,0,120,16,0,0,0
1968091997,30,11/10/1968,17,9,0,INDETERMINADO,2,1,10,0,0,0,120,0,0,0,0
1968091998,160,11/10/1968,17,9,0,INDETERMINADO,2,1,10,0,0,0,1800,0,0,0,0
1968121837,90,11/10/1968,9,12,0,INDETERMINADO,2,1,50,0,0,0,480,0,0,0,0
1968341735,30,11/10/1968,17,34,0,INDETERMINADO,2,1,10,0,0,0,360,0,0,0,0
1968371708,25,11/10/1968,17,37,0,INDETERMINADO,2,1,20,0,0,0,180,0,0,0,0
1968391840,200,11/10/1968,6,39,0,INDETERMINADO,4,1,99,0,0,0,1020,47,0,0,2
1968391888,90,11/10/1968,6,39,0,INDETERMINADO,2,1,50,0,0,0,300,0,0,0,0
1968421929,30,11/10/1968,17,42,0,INDETERMINADO,4,1,99,0,0,0,120,0,0,0,0
1968451756,120,11/10/1968,11,45,0,INDETERMINADO,2,1,10,0,0,0,120,0,0,0,0
1968472035,58,11/10/1968,17,47,0,INDETERMINADO,2,1,50,0,0,0,120,0,0,0,0
1968031765,40,12/10/1968,9,3,0,INDETERMINADO,2,1,40,0,0,0,720,0,0,0,0
1968081798,350,12/10/1968,2,8,0,INDETERMINADO,2,1,90,0,0,0,420,98,0,0,4
1968091773,450,12/10/1968,17,9,0,INDETERMINADO,2,1,10,0,0,0,3000,0,0,0,0
1968261800,18,12/10/1968,7,26,0,INDETERMINADO,2,1,20,0,0,0,300,0,0,0,0
1968371736,10,12/10/1968,17,37,0,INDETERMINADO,2,1,40,0,0,0,120,0,0,0,0
1968391841,30,12/10/1968,6,39,0,INDETERMINADO,4,1,99,0,0,0,659,0,0,0,0
1968391948,1060,12/10/1968,6,39,0,INDETERMINADO,4,1,99,0,0,0,480,45,2,0,10
1968391949,1920,12/10/1968,6,39,0,INDETERMINADO,4,1,99,0,0,0,1740,40,1,0,7
1968391959,400,12/10/1968,6,39,0,INDETERMINADO,4,1,99,0,0,0,50,0,0,0,0
1968391984,66,12/10/1968,6,39,0,INDETERMINADO,4,1,99,0,0,0,600,0,0,0,0
1968031766,150,13/10/1968,9,3,0,INDETERMINADO,2,1,40,0,0,0,780,0,0,0,0
1968091775,20,13/10/1968,17,9,0,INDETERMINADO,4,1,99,0,0,0,600,0,0,0,0
1968091776,180,13/10/1968,17,9,0,INDETERMINADO,4,1,99,0,0,0,420,0,0,0,0
1968091777,50,13/10/1968,17,9,0,INDETERMINADO,4,1,99,0,0,0,300,0,0,0,0
1968091857,70,13/10/1968,17,9,0,INDETERMINADO,2,1,10,0,0,0,360,0,0,0,0
1968211914,15,13/10/1968,4,21,0,INDETERMINADO,2,1,50,0,0,0,120,0,0,0,0
1968231887,100,13/10/1968,4,23,0,INDETERMINADO,2,1,50,0,0,0,360,82,1,0,1
1968261993,2980,13/10/1968,7,26,0,INDETERMINADO,5,1,0,0,0,0,1500,53,0,0,0
1968281784,79,13/10/1968,16,28,0,INDETERMINADO,2,1,50,0,0,0,60,0,0,0,0
1968281785,300,13/10/1968,16,28,0,INDETERMINADO,2,1,10,0,0,0,60,0,0,0,0
1968281786,500,13/10/1968,16,28,0,INDETERMINADO,5,1,0,0,0,0,120,0,0,0,0
1968371945,4180,13/10/1968,17,37,0,INDETERMINADO,2,1,40,0,0,0,600,56,3,0,4
1968391960,600,13/10/1968,6,39,0,INDETERMINADO,4,1,99,0,0,0,1020,30,0,0,5
1968431935,200,13/10/1968,2,43,0,INDETERMINADO,2,1,50,0,0,0,1020,18,1,0,0
1968091858,15,14/10/1968,17,9,0,INDETERMINADO,4,1,99,0,0,0,360,0,0,0,0
1968091859,20,14/10/1968,17,9,0,INDETERMINADO,4,1,99,0,0,0,300,0,0,0,0
1968192000,60,14/10/1968,11,19,0,INDETERMINADO,5,1,0,0,0,0,240,60,0,0,0
1968232033,25,14/10/1968,4,23,0,INDETERMINADO,2,1,10,0,0,0,120,0,0,0,0
1968281810,120,14/10/1968,16,28,0,INDETERMINADO,2,1,50,0,0,0,180,0,0,0,0
1968391839,80,14/10/1968,6,39,0,INDETERMINADO,4,1,99,0,0,0,240,0,0,0,0
1968431936,650,14/10/1968,2,43,0,INDETERMINADO,2,1,10,0,0,0,360,53,3,0,2
1968021738,20,15/10/1968,11,2,0,INDETERMINADO,2,1,50,0,0,0,180,0,0,0,0
1968411868,25,15/10/1968,4,41,0,INDETERMINADO,4,1,99,0,0,0,120,0,0,0,0
1968091828,30,16/10/1968,17,9,0,INDETERMINADO,4,1,99,0,0,0,180,0,0,0,0
1968421930,60,16/10/1968,17,42,0,INDETERMINADO,2,1,20,0,0,0,300,0,0,0,0
1968471875,10,16/10/1968,17,47,0,INDETERMINADO,2,1,10,0,0,0,120,0,0,0,0
1968091861,15,17/10/1968,17,9,0,INDETERMINADO,4,1,99,0,0,0,120,0,0,0,0
1968091905,600,17/10/1968,17,9,0,INDETERMINADO,2,1,10,0,0,0,780,48,0,0,0
1968181999,120,17/10/1968,4,18,0,INDETERMINADO,5,1,0,0,0,0,180,57,0,0,2
1968241971,360,17/10/1968,17,24,0,INDETERMINADO,5,1,0,0,0,0,1620,0,0,0,0
1968341811,20,17/10/1968,17,34,0,INDETERMINADO,4,1,99,0,0,0,240,0,0,0,0
1968401842,13,17/10/1968,17,40,0,INDETERMINADO,3,1,20,0,0,0,60,0,0,0,2
1968031894,250,18/10/1968,9,3,0,INDETERMINADO,2,1,10,0,0,0,420,0,0,0,0
1968391922,20,18/10/1968,6,39,0,INDETERMINADO,4,1,99,0,0,0,180,0,0,0,0
1968391923,20,18/10/1968,6,39,0,INDETERMINADO,4,1,99,0,0,0,360,0,0,0,0
1968091906,35,19/10/1968,17,9,0,INDETERMINADO,4,1,99,0,0,0,660,0,0,0,0
1968091907,40,19/10/1968,17,9,0,INDETERMINADO,2,1,20,0,0,0,180,0,0,0,0
1968091956,200,19/10/1968,17,9,0,INDETERMINADO,5,1,0,0,0,0,1260,0,0,0,0
1968092015,305,19/10/1968,17,9,0,INDETERMINADO,2,1,10,0,0,0,420,24,0,0,22
1968261994,66,19/10/1968,7,26,0,INDETERMINADO,2,1,10,0,0,0,479,42,0,0,0
1968461931,30,19/10/1968,9,46,0,INDETERMINADO,2,1,50,0,0,0,300,0,0,0,0
1968051988,10,20/10/1968,17,5,0,INDETERMINADO,2,1,20,0,0,0,839,0,0,0,0
1968091908,30,20/10/1968,17,9,0,INDETERMINADO,5,1,0,0,0,0,1020,0,0,0,0
1968092022,220,20/10/1968,17,9,0,INDETERMINADO,5,1,0,0,0,0,240,0,0,0,0
1968101862,40,20/10/1968,14,10,0,INDETERMINADO,2,1,50,0,0,0,180,0,0,0,0
1968331880,24,20/10/1968,5,33,0,INDETERMINADO,5,1,0,0,0,0,659,0,0,0,0
1968391925,40,20/10/1968,6,39,0,INDETERMINADO,4,1,99,0,0,0,300,0,0,0,0
1968391950,2840,20/10/1968,6,39,0,INDETERMINADO,4,1,99,0,0,0,2159,31,1,0,15
1968472043,310,20/10/1968,17,47,0,INDETERMINADO,2,1,10,0,0,0,240,0,0,0,5
1968491845,90,20/10/1968,17,49,0,INDETERMINADO,5,1,0,0,0,0,180,0,0,0,0
1968211915,15,21/10/1968,4,21,0,INDETERMINADO,2,1,90,0,0,0,60,0,0,0,0
1968341981,10,21/10/1968,17,34,0,INDETERMINADO,2,1,10,0,0,0,120,0,0,0,0
1968371921,55,21/10/1968,17,37,0,INDETERMINADO,4,1,99,0,0,0,60,0,0,0,0
1968391926,20,21/10/1968,6,39,0,INDETERMINADO,4,1,99,0,0,0,480,0,0,0,0
1968391951,3030,21/10/1968,6,39,0,INDETERMINADO,4,1,99,0,0,0,1320,37,1,0,9
1968401961,10,21/10/1968,17,40,0,INDETERMINADO,2,1,90,0,0,0,240,0,0,0,0
1968491852,40,21/10/1968,17,49,0,INDETERMINADO,5,1,0,0,0,0,60,0,0,0,0
1968032065,1000,22/10/1968,9,3,0,INDETERMINADO,2,1,10,0,0,0,1620,55,1,0,2
1968091957,1900,22/10/1968,17,9,0,INDETERMINADO,2,1,10,0,0,0,2220,131,0,0,14
1968091958,30,22/10/1968,17,9,0,INDETERMINADO,2,1,30,0,0,0,180,0,0,0,0
1968391927,20,22/10/1968,6,39,0,INDETERMINADO,4,1,99,0,0,0,240,0,0,0,0
1968391928,60,22/10/1968,6,39,0,INDETERMINADO,4,1,99,0,0,0,780,28,0,0,0
1968391952,10,22/10/1968,6,39,0,INDETERMINADO,4,1,99,0,0,0,240,0,0,0,0
1968031895,10,23/10/1968,9,3,0,INDETERMINADO,2,1,40,0,0,0,60,0,0,0,0
1968091911,750,23/10/1968,17,9,0,INDETERMINADO,4,1,99,0,0,0,780,24,0,0,0
1968092016,65,23/10/1968,17,9,0,INDETERMINADO,2,1,50,0,0,0,120,40,0,0,1
1968092017,120,23/10/1968,17,9,0,INDETERMINADO,5,1,0,0,0,0,660,12,0,0,2
1968281942,93,23/10/1968,16,28,0,INDETERMINADO,2,1,40,0,0,0,180,54,1,0,2
1968282024,25,23/10/1968,16,28,0,INDETERMINADO,2,1,50,0,0,0,360,0,0,0,0
1968321943,40,23/10/1968,3,32,0,INDETERMINADO,4,1,99,0,0,0,240,0,0,0,1
1968341920,120,23/10/1968,17,34,0,INDETERMINADO,4,1,99,0,0,0,420,0,0,0,0
1968341982,145,23/10/1968,17,34,0,INDETERMINADO,2,1,10,0,0,0,180,42,4,0,2
1968392008,15,23/10/1968,6,39,0,INDETERMINADO,4,1,99,0,0,0,120,0,0,0,0
1968472044,340,23/10/1968,17,47,0,INDETERMINADO,3,1,30,0,0,0,300,0,0,0,0
1968282104,90,24/10/1968,16,28,0,INDETERMINADO,2,1,50,0,0,0,180,0,0,0,0
1968121954,200,25/10/1968,9,12,0,INDETERMINADO,2,1,50,0,0,0,660,15,1,0,3
1968032066,1000,26/10/1968,9,3,0,INDETERMINADO,5,1,0,0,0,0,600,17,0,0,0
1968071964,20,26/10/1968,15,7,0,INDETERMINADO,2,1,50,0,0,0,120,0,0,0,0
1968281919,30,26/10/1968,16,28,0,INDETERMINADO,5,1,0,0,0,0,120,0,0,0,0
1968432025,30,26/10/1968,2,43,0,INDETERMINADO,5,1,0,0,0,0,360,0,0,0,0
1968071965,40,27/10/1968,15,7,0,INDETERMINADO,2,1,90,0,0,0,240,0,0,0,0
1968071966,400,27/10/1968,15,7,0,INDETERMINADO,2,1,50,0,0,0,840,0,0,0,0
1968171969,120,27/10/1968,2,17,0,INDETERMINADO,5,1,0,0,0,0,240,19,1,0,3
1968231991,80,28/10/1968,4,23,0,INDETERMINADO,5,1,0,0,0,0,240,0,0,0,0
1968222059,60,29/10/1968,10,22,0,INDETERMINADO,5,1,0,0,0,0,480,12,0,0,0
1968231992,10,29/10/1968,4,23,0,INDETERMINADO,2,1,10,0,0,0,60,0,0,0,0
1968331979,40,29/10/1968,5,33,0,INDETERMINADO,5,1,0,0,0,0,180,0,0,0,0
1968032067,10,30/10/1968,9,3,0,INDETERMINADO,2,1,50,0,0,0,180,0,0,0,0
1968092018,25,30/10/1968,17,9,0,INDETERMINADO,2,1,10,0,0,0,120,0,0,0,0
1968162040,20,30/10/1968,11,16,0,INDETERMINADO,2,1,90,0,0,0,60,0,0,0,0
1968262023,100,30/10/1968,7,26,0,INDETERMINADO,5,1,0,0,0,0,360,0,0,0,0
1968282021,90,30/10/1968,16,28,0,INDETERMINADO,2,1,50,0,0,0,60,0,0,0,0
1968331980,30,30/10/1968,5,33,0,INDETERMINADO,5,1,0,0,0,0,120,0,0,0,0
1968392009,10,30/10/1968,6,39,0,INDETERMINADO,4,1,99,0,0,0,60,0,0,0,0
1968462083,180,30/10/1968,9,46,0,INDETERMINADO,2,1,50,0,0,0,1020,75,0,0,4
1968032076,400,31/10/1968,9,3,0,INDETERMINADO,2,1,10,0,0,0,539,0,0,0,0
1968261995,10,31/10/1968,7,26,0,INDETERMINADO,2,1,10,0,0,0,240,0,0,0,0
1968032068,100,01/11/1968,9,3,0,INDETERMINADO,2,1,10,0,0,0,60,1,0,0,9
1968032077,600,03/11/1968,9,3,0,INDETERMINADO,2,1,90,0,0,0,840,35,1,0,13
1968121955,10,03/11/1968,9,12,0,INDETERMINADO,3,1,20,0,0,0,180,0,0,0,0
1968462107,50,07/11/1968,9,46,0,INDETERMINADO,4,1,99,0,0,0,540,0,0,0,0
1968392051,300,14/11/1968,6,39,0,INDETERMINADO,2,1,40,0,0,0,300,0,0,0,0
1968392060,35,14/11/1968,6,39,0,INDETERMINADO,4,1,99,0,0,0,180,0,0,0,0
1968032069,10,16/11/1968,9,3,0,INDETERMINADO,2,1,10,0,0,0,180,0,0,0,0
1968382050,20,16/11/1968,12,38,0,INDETERMINADO,2,1,50,0,0,0,720,0,0,0,0
1968152048,30,17/11/1968,3,15,0,INDETERMINADO,2,1,40,0,0,0,300,0,0,0,0
1968272085,115,20/11/1968,3,27,0,INDETERMINADO,5,1,0,0,0,0,120,15,0,0,3
1968392073,90,21/11/1968,6,39,0,INDETERMINADO,2,1,90,0,0,0,300,19,0,0,1
1968332072,100,22/11/1968,5,33,0,INDETERMINADO,2,1,20,0,0,0,300,0,0,0,0
1968392052,15,22/11/1968,6,39,0,INDETERMINADO,2,1,20,0,0,0,360,0,0,0,0
1968092047,10,23/11/1968,17,9,0,INDETERMINADO,2,1,20,0,0,0,60,0,0,0,0
1968032071,40,24/11/1968,9,3,0,INDETERMINADO,2,1,10,0,0,0,240,0,0,0,0
1968322057,20,24/11/1968,3,32,0,INDETERMINADO,4,1,99,0,0,0,120,0,0,0,0
1968092080,60,25/11/1968,17,9,0,INDETERMINADO,4,1,99,0,0,0,360,0,0,0,0
1968332088,40,25/11/1968,5,33,0,INDETERMINADO,5,1,0,0,0,0,40,0,0,0,0
1968392089,360,25/11/1968,6,39,0,INDETERMINADO,4,1,99,0,0,0,1920,46,0,0,12
1968392061,80,26/11/1968,6,39,0,INDETERMINADO,4,1,99,0,0,0,180,0,0,0,0
1968262084,30,27/11/1968,7,26,0,INDETERMINADO,2,1,20,0,0,0,180,0,0,0,0
1968332058,50,27/11/1968,5,33,0,INDETERMINADO,5,1,0,0,0,0,420,0,0,0,0
1968392062,50,27/11/1968,6,39,0,INDETERMINADO,4,1,99,0,0,0,360,0,0,0,0
1968392081,15,27/11/1968,6,39,0,INDETERMINADO,2,1,90,0,0,0,240,0,0,0,0
1968392082,201,27/11/1968,6,39,0,INDETERMINADO,4,1,99,0,0,0,900,31,0,0,4
1968392074,100,28/11/1968,6,39,0,INDETERMINADO,4,1,99,0,0,0,360,0,0,0,0
1968392090,40,04/12/1968,6,39,0,INDETERMINADO,4,1,99,0,0,0,240,0,0,0,0
1968392091,20,05/12/1968,6,39,0,INDETERMINADO,4,1,99,0,0,0,180,0,0,0,0
1968392092,40,06/12/1968,6,39,0,INDETERMINADO,4,1,99,0,0,0,240,0,0,0,3
1968392093,40,06/12/1968,6,39,0,INDETERMINADO,4,1,99,0,0,0,120,0,0,0,0
1968392094,20,07/12/1968,6,39,0,INDETERMINADO,4,1,99,0,0,0,120,0,0,0,0
1968392095,45,07/12/1968,6,39,0,INDETERMINADO,2,1,50,0,0,0,180,0,0,0,0
1968392096,100,08/12/1968,6,39,0,INDETERMINADO,4,1,99,0,0,0,480,0,0,0,0
1968082109,20,24/12/1968,2,8,0,INDETERMINADO,3,1,20,0,0,0,240,0,0,0,0
1968082099,10,26/12/1968,2,8,0,INDETERMINADO,2,1,40,0,0,0,300,0,0,0,0
1968242103,90,26/12/1968,17,24,0,INDETERMINADO,2,1,40,0,0,0,180,0,0,0,0
1968162102,10,31/12/1968,11,16,0,INDETERMINADO,2,1,40,0,0,0,60,0,0,0,0
1968172108,20,31/12/1968,2,17,0,INDETERMINADO,5,1,0,0,0,0,120,0,0,0,0
1969360017,820,01/01/1969,3,36,0,INDETERMINADO,2,1,20,0,0,0,180,10,0,0,3
1969080001,20,02/01/1969,2,8,0,INDETERMINADO,2,1,40,0,0,0,240,0,0,0,0
1969120005,20,03/01/1969,9,12,0,INDETERMINADO,2,1,20,0,0,0,300,0,0,0,0
1969320008,100,03/01/1969,3,32,0,INDETERMINADO,5,1,0,0,0,0,180,0,0,0,0
1969360927,120,03/01/1969,3,36,0,INDETERMINADO,5,1,0,0,0,0,420,47,0,0,1
1969360928,50,03/01/1969,3,36,0,INDETERMINADO,5,1,0,0,0,0,300,0,0,0,0
1969360012,20,04/01/1969,3,36,0,INDETERMINADO,5,1,0,0,0,0,120,0,0,0,0
1969360929,50,04/01/1969,3,36,0,INDETERMINADO,5,1,0,0,0,0,360,0,0,0,0
1969090002,250,07/01/1969,17,9,0,INDETERMINADO,4,1,99,0,0,0,300,0,0,0,0
1969330009,20,08/01/1969,5,33,0,INDETERMINADO,2,1,20,0,0,0,180,0,0,0,0
1969090004,100,09/01/1969,17,9,0,INDETERMINADO,4,1,99,0,0,0,420,0,0,0,0
1969200033,560,09/01/1969,1,20,0,INDETERMINADO,5,1,0,0,0,0,240,140,3,0,29
1969200034,4720,09/01/1969,1,20,0,INDETERMINADO,2,1,20,0,0,0,720,350,3,0,229
1969200035,20,09/01/1969,1,20,0,INDETERMINADO,5,1,0,0,0,0,60,0,0,0,0
1969330010,40,09/01/1969,5,33,0,INDETERMINADO,5,1,0,0,0,0,600,0,0,0,0
1969390013,100,09/01/1969,6,39,0,INDETERMINADO,4,1,99,0,0,0,420,0,0,0,0
1969390014,10,09/01/1969,6,39,0,INDETERMINADO,4,1,99,0,0,0,60,0,0,0,0
1969390133,500,09/01/1969,6,39,0,INDETERMINADO,5,1,0,0,0,0,1080,23,0,0,8
1969390024,70,11/01/1969,6,39,0,INDETERMINADO,4,1,99,0,0,0,180,46,0,0,6
1969390015,50,12/01/1969,6,39,0,INDETERMINADO,4,1,99,0,0,0,180,0,0,0,0
1969390043,120,12/01/1969,6,39,0,INDETERMINADO,4,1,99,0,0,0,240,41,0,0,8
1969200036,19,13/01/1969,1,20,0,INDETERMINADO,5,1,0,0,0,0,180,0,0,0,0
1969330023,10,13/01/1969,5,33,0,INDETERMINADO,5,1,0,0,0,0,120,0,0,0,0
1969390016,10,13/01/1969,6,39,0,INDETERMINADO,4,1,99,0,0,0,60,0,0,0,0
1969170022,30,18/01/1969,2,17,0,INDETERMINADO,3,1,10,0,0,0,120,0,0,0,0
1969390026,20,21/01/1969,6,39,0,INDETERMINADO,4,1,99,0,0,0,60,0,0,0,0
1969390044,80,21/01/1969,6,39,0,INDETERMINADO,4,1,99,0,0,0,300,0,0,0,0
1969390027,50,22/01/1969,6,39,0,INDETERMINADO,4,1,99,0,0,0,480,0,0,0,0
1969050029,120,24/01/1969,17,5,0,INDETERMINADO,2,1,20,0,0,0,120,0,0,0,0
1969260038,35,25/01/1969,7,26,0,INDETERMINADO,2,1,20,0,0,0,240,0,0,0,0
1969330028,50,25/01/1969,5,33,0,INDETERMINADO,5,1,0,0,0,0,120,0,0,0,0
1969390046,120,25/01/1969,6,39,0,INDETERMINADO,4,1,99,0,0,0,540,0,0,0,0
1969390047,110,25/01/1969,6,39,0,INDETERMINADO,4,1,99,0,0,0,360,0,0,0,0
1969390045,50,26/01/1969,6,39,0,INDETERMINADO,4,1,99,0,0,0,359,0,0,0,0
1969390049,50,26/01/1969,6,39,0,INDETERMINADO,4,1,99,0,0,0,600,0,0,0,0
1969390050,270,26/01/1969,6,39,0,INDETERMINADO,4,1,99,0,0,0,540,0,0,0,0
1969390051,60,26/01/1969,6,39,0,INDETERMINADO,4,1,99,0,0,0,1140,0,0,0,0
1969390068,30,26/01/1969,6,39,0,INDETERMINADO,4,1,99,0,0,0,720,0,0,0,0
1969200037,25,27/01/1969,1,20,0,INDETERMINADO,5,1,0,0,0,0,120,0,0,0,0
1969270227,80,27/01/1969,3,27,0,INDETERMINADO,5,1,0,0,0,0,480,0,0,0,0
1969390052,50,27/01/1969,6,39,0,INDETERMINADO,4,1,99,0,0,0,240,0,0,0,0
1969390053,80,27/01/1969,6,39,0,INDETERMINADO,4,1,99,0,0,0,1020,0,0,0,0
1969390054,120,27/01/1969,6,39,0,INDETERMINADO,4,1,99,0,0,0,1020,0,0,0,0
1969390055,100,27/01/1969,6,39,0,INDETERMINADO,4,1,99,0,0,0,780,0,0,0,0
1969390070,100,27/01/1969,6,39,0,INDETERMINADO,4,1,99,0,0,0,540,0,0,0,0
1969390134,200,27/01/1969,6,39,0,INDETERMINADO,5,1,0,0,0,0,1080,31,0,0,3
1969390056,100,01/02/1969,6,39,0,INDETERMINADO,4,1,99,0,0,0,420,0,0,0,0
1969080031,50,04/02/1969,2,8,0,INDETERMINADO,3,1,20,0,0,0,120,0,0,0,0
1969080032,10,04/02/1969,2,8,0,INDETERMINADO,1,1,0,0,0,0,180,0,0,0,0
1969170057,30,04/02/1969,2,17,0,INDETERMINADO,5,1,0,0,0,0,120,0,0,0,0
1969270222,710,04/02/1969,3,27,0,INDETERMINADO,2,1,20,0,0,0,1140,24,0,0,5
1969360091,300,04/02/1969,3,36,0,INDETERMINADO,4,1,99,0,0,0,420,27,0,0,1
1969150081,20,05/02/1969,3,15,0,INDETERMINADO,4,1,99,0,0,0,120,0,0,0,0
1969460096,20,05/02/1969,9,46,0,INDETERMINADO,2,1,40,0,0,0,120,0,0,0,0
1969150082,10,06/02/1969,3,15,0,INDETERMINADO,5,1,0,0,0,0,179,0,0,0,0
1969150083,10,06/02/1969,3,15,0,INDETERMINADO,5,1,0,0,0,0,120,0,0,0,0
1969170058,10,06/02/1969,2,17,0,INDETERMINADO,2,1,30,0,0,0,60,0,0,0,0
1969320039,40,06/02/1969,3,32,0,INDETERMINADO,2,1,40,0,0,0,120,0,0,0,0
1969320040,10,06/02/1969,3,32,0,INDETERMINADO,2,1,20,0,0,0,60,0,0,0,0
1969360930,240,06/02/1969,3,36,0,INDETERMINADO,5,1,0,0,0,0,480,0,0,0,0
1969360931,20,06/02/1969,3,36,0,INDETERMINADO,5,1,0,0,0,0,120,0,0,0,0
1969360932,1610,06/02/1969,3,36,0,INDETERMINADO,4,1,99,0,0,0,540,74,0,0,27
1969360933,40,07/02/1969,3,36,0,INDETERMINADO,5,1,0,0,0,0,60,0,0,0,0
1969360934,2235,07/02/1969,3,36,0,INDETERMINADO,5,1,0,0,0,0,1380,54,0,0,1
1969360935,50,07/02/1969,3,36,0,INDETERMINADO,5,1,0,0,0,0,120,0,0,0,0
1969270285,780,08/02/1969,3,27,0,INDETERMINADO,5,1,0,0,0,0,300,62,0,0,1
1969370062,25,08/02/1969,17,37,0,INDETERMINADO,2,1,40,0,0,0,120,0,0,0,0
1969090064,50,09/02/1969,17,9,0,INDETERMINADO,2,1,40,0,0,0,120,0,0,0,0
1969150084,350,09/02/1969,3,15,0,INDETERMINADO,3,1,20,0,0,0,540,100,0,0,4
1969150085,90,09/02/1969,3,15,0,INDETERMINADO,5,1,0,0,0,0,120,20,0,0,3
1969270109,590,09/02/1969,3,27,0,INDETERMINADO,5,1,0,0,0,0,350,40,0,1,23
1969270195,570,09/02/1969,3,27,0,INDETERMINADO,4,1,99,0,0,0,720,51,0,0,8
1969320087,350,09/02/1969,3,32,0,INDETERMINADO,2,1,20,0,0,0,600,0,0,0,0
1969360092,20,09/02/1969,3,36,0,INDETERMINADO,4,1,99,0,0,0,120,0,0,0,0
1969360123,90,09/02/1969,3,36,0,INDETERMINADO,4,1,99,0,0,0,119,11,0,0,5
1969150086,40,10/02/1969,3,15,0,INDETERMINADO,5,1,0,0,0,0,480,0,0,0,1
1969270228,80,10/02/1969,3,27,0,INDETERMINADO,2,1,30,0,0,0,180,0,0,0,2
1969270229,180,10/02/1969,3,27,0,INDETERMINADO,5,1,0,0,0,0,300,0,0,0,0
1969320088,70,10/02/1969,3,32,0,INDETERMINADO,2,1,20,0,0,0,240,0,0,0,0
1969320089,500,10/02/1969,3,32,0,INDETERMINADO,2,1,20,0,0,0,780,0,0,0,0
1969320090,20,10/02/1969,3,32,0,INDETERMINADO,2,1,20,0,0,0,119,0,0,0,0
1969320110,20,10/02/1969,3,32,0,INDETERMINADO,5,1,0,0,0,0,120,0,0,0,0
1969360124,400,10/02/1969,3,36,0,INDETERMINADO,4,1,99,0,0,0,360,27,0,0,7
1969360936,180,10/02/1969,3,36,0,INDETERMINADO,5,1,0,0,0,0,360,0,0,0,0
1969360937,400,10/02/1969,3,36,0,INDETERMINADO,5,1,0,0,0,0,600,23,0,0,5
1969170066,20,11/02/1969,2,17,0,INDETERMINADO,5,1,0,0,0,0,180,0,0,0,0
1969270230,100,11/02/1969,3,27,0,INDETERMINADO,2,1,30,0,0,0,240,0,0,0,0
1969360098,25,11/02/1969,3,36,0,INDETERMINADO,4,1,99,0,0,0,179,0,0,0,0
1969360938,100,11/02/1969,3,36,0,INDETERMINADO,5,1,0,0,0,0,360,68,0,0,3
1969170067,50,12/02/1969,2,17,0,INDETERMINADO,5,1,0,0,0,0,480,0,0,0,0
1969240595,130,12/02/1969,17,24,0,INDETERMINADO,2,1,20,0,0,0,780,7,0,0,0
1969080080,47,16/02/1969,2,8,0,INDETERMINADO,5,1,0,0,0,0,180,0,0,0,0
1969430111,10,16/02/1969,2,43,0,INDETERMINADO,2,1,30,0,0,0,240,0,0,0,0
1969390142,370,19/02/1969,6,39,0,INDETERMINADO,2,1,10,0,0,0,600,39,0,0,9
1969200117,45,20/02/1969,1,20,0,INDETERMINADO,5,1,0,0,0,0,120,0,0,0,1
1969220115,110,21/02/1969,10,22,0,INDETERMINADO,2,1,20,0,0,0,240,18,0,0,2
1969390102,50,21/02/1969,6,39,0,INDETERMINADO,4,1,99,0,0,0,240,0,0,0,0
1969390103,100,21/02/1969,6,39,0,INDETERMINADO,4,1,99,0,0,0,300,0,0,0,0
1969390107,20,21/02/1969,6,39,0,INDETERMINADO,4,1,99,0,0,0,60,0,0,0,0
1969390135,350,21/02/1969,6,39,0,INDETERMINADO,5,1,0,0,0,0,600,46,0,0,14
1969200120,30,22/02/1969,1,20,0,INDETERMINADO,5,1,0,0,0,0,180,0,0,0,1
1969390104,50,22/02/1969,6,39,0,INDETERMINADO,4,1,99,0,0,0,120,0,0,0,0
1969390105,70,22/02/1969,6,39,0,INDETERMINADO,4,1,99,0,0,0,240,0,0,0,0
1969080106,25,25/02/1969,2,8,0,INDETERMINADO,2,1,10,0,0,0,120,0,0,0,0
1969260112,10,25/02/1969,7,26,0,INDETERMINADO,2,1,10,0,0,0,60,0,0,0,0
1969260151,240,27/02/1969,7,26,0,INDETERMINADO,2,1,40,0,0,0,420,23,0,0,6
1969390108,40,01/03/1969,6,39,0,INDETERMINADO,4,1,99,0,0,0,300,0,0,0,0
1969320113,40,10/03/1969,3,32,0,INDETERMINADO,2,1,20,0,0,0,60,0,0,0,0
1969260138,25,11/03/1969,7,26,0,INDETERMINADO,5,1,0,0,0,0,180,0,0,0,0
1969330132,30,11/03/1969,5,33,0,INDETERMINADO,2,1,90,0,0,0,300,0,0,0,0
1969390126,40,11/03/1969,6,39,0,INDETERMINADO,4,1,99,0,0,0,300,0,0,0,0
1969390127,20,11/03/1969,6,39,0,INDETERMINADO,4,1,99,0,0,0,180,0,0,0,0
1969390128,35,11/03/1969,6,39,0,INDETERMINADO,4,1,99,0,0,0,120,0,0,0,0
1969390139,30,11/03/1969,6,39,0,INDETERMINADO,4,1,99,0,0,0,240,0,0,0,0
1969390263,200,11/03/1969,6,39,0,INDETERMINADO,5,1,0,0,0,0,300,31,0,0,9
1969090114,19,12/03/1969,17,9,0,INDETERMINADO,5,1,0,0,0,0,120,0,0,0,0
1969390129,20,12/03/1969,6,39,0,INDETERMINADO,4,1,99,0,0,0,120,0,0,0,0
1969390141,30,12/03/1969,6,39,0,INDETERMINADO,4,1,99,0,0,0,30,0,0,0,0
1969200175,22,15/03/1969,1,20,0,INDETERMINADO,2,1,30,0,0,0,179,0,0,0,0
1969380169,4000,17/03/1969,12,38,0,INDETERMINADO,2,1,30,0,0,0,3240,159,0,0,0
1969390154,300,18/03/1969,6,39,0,INDETERMINADO,5,1,0,0,0,0,240,30,0,0,10
1969030146,500,19/03/1969,9,3,0,INDETERMINADO,2,1,10,0,0,0,1140,27,0,0,0
1969080136,10,19/03/1969,2,8,0,INDETERMINADO,3,1,20,0,0,0,240,0,0,0,0
1969080165,50,19/03/1969,2,8,0,INDETERMINADO,2,1,50,0,0,0,120,0,0,0,0
1969030147,10,20/03/1969,9,3,0,INDETERMINADO,2,1,10,0,0,0,360,0,0,0,0
1969120150,25,20/03/1969,9,12,0,INDETERMINADO,5,1,0,0,0,0,300,0,0,0,0
1969390155,60,20/03/1969,6,39,0,INDETERMINADO,4,1,99,0,0,0,900,0,0,0,0
1969030148,10,21/03/1969,9,3,0,INDETERMINADO,2,1,10,0,0,0,480,0,0,0,0
1969200176,300,21/03/1969,1,20,0,INDETERMINADO,3,1,20,0,0,0,240,35,0,0,24
1969390156,20,21/03/1969,6,39,0,INDETERMINADO,2,1,10,0,0,0,180,0,0,0,0
1969390157,30,21/03/1969,6,39,0,INDETERMINADO,2,1,50,0,0,0,659,0,0,0,0
1969070137,245,22/03/1969,15,7,0,INDETERMINADO,2,1,40,0,0,0,960,0,0,0,0
1969320167,250,25/03/1969,3,32,0,INDETERMINADO,2,1,40,0,0,0,180,0,0,0,0
1969080166,26,28/03/1969,2,8,0,INDETERMINADO,5,1,0,0,0,0,180,0,0,0,0
1969080180,10,28/03/1969,2,8,0,INDETERMINADO,5,1,0,0,0,0,120,0,0,0,0
1969490172,150,28/03/1969,17,49,0,INDETERMINADO,2,1,50,0,0,0,120,77,1,0,7
1969320168,20,30/03/1969,3,32,0,INDETERMINADO,2,1,20,0,0,0,180,0,0,0,0
1969320178,150,30/03/1969,3,32,0,INDETERMINADO,2,1,10,0,0,0,180,0,0,0,0
1969360181,20,30/03/1969,3,36,0,INDETERMINADO,5,1,0,0,0,0,120,0,0,0,0
1969360281,1200,30/03/1969,3,36,0,INDETERMINADO,2,1,20,0,0,0,300,130,0,0,17
1969360939,30,30/03/1969,3,36,0,INDETERMINADO,5,1,0,0,0,0,180,0,0,0,0
1969390182,90,31/03/1969,6,39,0,INDETERMINADO,2,1,40,0,0,0,240,0,0,0,0
1969080173,13,01/04/1969,2,8,0,INDETERMINADO,5,1,0,0,0,0,60,0,0,0,0
1969360185,30,01/04/1969,3,36,0,INDETERMINADO,4,1,99,0,0,0,120,0,0,0,0
1969360940,80,01/04/1969,3,36,0,INDETERMINADO,5,1,0,0,0,0,240,24,0,0,1
1969370152,80,01/04/1969,17,37,0,INDETERMINADO,2,1,20,0,0,0,300,0,0,0,0
1969150193,110,03/04/1969,3,15,0,INDETERMINADO,4,1,99,0,0,0,240,24,0,0,7
1969360941,220,03/04/1969,3,36,0,INDETERMINADO,5,1,0,0,0,0,360,19,0,0,6
1969270239,92,09/04/1969,3,27,0,INDETERMINADO,3,1,40,0,0,0,300,100,0,0,6
1969270231,220,10/04/1969,3,27,0,INDETERMINADO,5,1,0,0,0,0,1500,0,0,0,0
1969270232,220,11/04/1969,3,27,0,INDETERMINADO,2,1,30,0,0,0,540,0,0,0,0
1969460259,20,11/04/1969,9,46,0,INDETERMINADO,2,1,40,0,0,0,60,0,0,0,0
1969070184,200,13/04/1969,15,7,0,INDETERMINADO,5,1,0,0,0,0,300,12,0,0,2
1969120196,40,13/04/1969,9,12,0,INDETERMINADO,2,1,30,0,0,0,300,0,0,0,0
1969180190,20,13/04/1969,4,18,0,INDETERMINADO,5,1,0,0,0,0,180,0,0,0,0
1969430210,160,13/04/1969,2,43,0,INDETERMINADO,2,1,10,0,0,0,360,27,0,0,3
1969080191,15,14/04/1969,2,8,0,INDETERMINADO,2,1,30,0,0,0,120,0,0,0,0
1969240197,400,15/04/1969,17,24,0,INDETERMINADO,2,1,20,0,0,0,600,0,0,0,0
1969360942,45,16/04/1969,3,36,0,INDETERMINADO,4,1,99,0,0,0,240,0,0,0,1
1969320206,30,17/04/1969,3,32,0,INDETERMINADO,2,1,20,0,0,0,240,0,0,0,0
1969330216,15,17/04/1969,5,33,0,INDETERMINADO,2,1,90,0,0,0,120,0,0,0,0
1969340208,50,17/04/1969,17,34,0,INDETERMINADO,2,1,40,0,0,0,180,0,0,0,0
1969380235,55,17/04/1969,12,38,0,INDETERMINADO,5,1,0,0,0,0,600,0,0,0,0
1969090202,40,18/04/1969,17,9,0,INDETERMINADO,5,1,0,0,0,0,300,0,0,0,0
1969370188,30,18/04/1969,17,37,0,INDETERMINADO,2,1,20,0,0,0,360,0,0,0,0
1969390217,15,18/04/1969,6,39,0,INDETERMINADO,4,1,99,0,0,0,360,0,0,0,0
1969240214,230,19/04/1969,17,24,0,INDETERMINADO,2,1,40,0,0,0,180,0,0,0,0
1969270233,60,19/04/1969,3,27,0,INDETERMINADO,2,1,30,0,0,0,60,0,0,0,0
1969090203,15,20/04/1969,17,9,0,INDETERMINADO,4,1,99,0,0,0,360,0,0,0,0
1969090204,90,20/04/1969,17,9,0,INDETERMINADO,2,1,40,0,0,0,420,0,0,0,0
1969260198,30,20/04/1969,7,26,0,INDETERMINADO,4,1,99,0,0,0,120,0,0,0,0
1969270240,490,20/04/1969,3,27,0,INDETERMINADO,2,1,40,0,0,0,240,39,0,0,15
1969290199,50,20/04/1969,4,29,0,INDETERMINADO,5,1,0,0,0,0,420,0,0,0,1
1969330242,20,20/04/1969,5,33,0,INDETERMINADO,5,1,0,0,0,0,840,0,0,0,0
1969260194,30,21/04/1969,7,26,0,INDETERMINADO,5,1,0,0,0,0,420,0,0,0,0
1969390264,120,21/04/1969,6,39,0,INDETERMINADO,5,1,0,0,0,0,120,14,0,0,2
1969020226,150,22/04/1969,11,2,0,INDETERMINADO,5,1,0,0,0,0,300,50,3,0,2
1969090205,50,22/04/1969,17,9,0,INDETERMINADO,4,1,99,0,0,0,120,0,0,0,0
1969320215,20,24/04/1969,3,32,0,INDETERMINADO,5,1,0,0,0,0,120,0,0,0,0
1969250253,15,25/04/1969,2,25,0,INDETERMINADO,2,1,20,0,0,0,120,0,0,0,0
1969270268,60,25/04/1969,3,27,0,INDETERMINADO,5,1,0,0,0,0,120,28,0,0,6
1969240220,4500,27/04/1969,17,24,0,INDETERMINADO,4,1,99,0,0,0,1440,107,3,0,0
1969240221,160,28/04/1969,17,24,0,INDETERMINADO,4,1,99,0,0,0,420,0,0,0,0
1969360943,130,29/04/1969,3,36,0,INDETERMINADO,5,1,0,0,0,0,540,0,0,0,0
1969320223,10,30/04/1969,3,32,0,INDETERMINADO,2,1,20,0,0,0,60,0,0,0,0
1969390234,75,01/05/1969,6,39,0,INDETERMINADO,2,1,40,0,0,0,240,25,0,0,4
1969390265,1400,02/05/1969,6,39,0,INDETERMINADO,4,1,99,0,0,0,1740,41,0,0,5
1969250254,30,09/05/1969,2,25,0,INDETERMINADO,2,1,20,0,0,0,180,0,0,0,0
1969270277,40,10/05/1969,3,27,0,INDETERMINADO,2,1,30,0,0,0,300,0,0,0,0
1969270298,170,10/05/1969,3,27,0,INDETERMINADO,3,1,20,0,0,0,180,30,0,0,5
1969390246,50,10/05/1969,6,39,0,INDETERMINADO,4,1,99,0,0,0,420,0,0,0,0
1969260241,10,11/05/1969,7,26,0,INDETERMINADO,5,1,0,0,0,0,120,0,0,0,0
1969270286,35,11/05/1969,3,27,0,INDETERMINADO,5,1,0,0,0,0,60,0,0,0,0
1969330243,60,11/05/1969,5,33,0,INDETERMINADO,2,1,20,0,0,0,600,0,0,0,0
1969240262,20,12/05/1969,17,24,0,INDETERMINADO,5,1,0,0,0,0,300,0,0,0,0
1969330271,40,12/05/1969,5,33,0,INDETERMINADO,5,1,0,0,0,0,299,0,0,0,0
1969390247,45,12/05/1969,6,39,0,INDETERMINADO,4,1,99,0,0,0,420,0,0,0,0
1969390248,40,12/05/1969,6,39,0,INDETERMINADO,4,1,99,0,0,0,300,0,0,0,0
1969090252,20,13/05/1969,17,9,0,INDETERMINADO,5,1,0,0,0,0,240,0,0,0,6
1969200260,46,13/05/1969,1,20,0,INDETERMINADO,5,1,0,0,0,0,180,0,0,0,1
1969270278,21,13/05/1969,3,27,0,INDETERMINADO,5,1,0,0,0,0,240,0,0,0,0
1969330244,45,13/05/1969,5,33,0,INDETERMINADO,5,1,0,0,0,0,540,0,0,0,0
1969330272,600,13/05/1969,5,33,0,INDETERMINADO,5,1,0,0,0,0,180,30,0,0,0
1969390249,10,13/05/1969,6,39,0,INDETERMINADO,4,1,99,0,0,0,240,0,0,0,0
1969390250,190,13/05/1969,6,39,0,INDETERMINADO,4,1,99,0,0,0,300,0,0,0,0
1969430267,350,13/05/1969,2,43,0,INDETERMINADO,2,1,10,0,0,0,360,32,0,0,5
1969440273,10,13/05/1969,10,44,0,INDETERMINADO,5,1,0,0,0,0,360,0,0,0,0
1969030266,20,14/05/1969,9,3,0,INDETERMINADO,2,1,50,0,0,0,240,0,0,0,0
1969270279,30,14/05/1969,3,27,0,INDETERMINADO,2,1,90,0,0,0,240,0,0,0,0
1969360309,60,16/05/1969,3,36,0,INDETERMINADO,2,1,50,0,0,0,900,0,0,0,0
1969490275,120,16/05/1969,17,49,0,INDETERMINADO,5,1,0,0,0,0,420,0,0,0,0
1969490274,10,18/05/1969,17,49,0,INDETERMINADO,5,1,0,0,0,0,120,0,0,0,0
1969340283,20,19/05/1969,17,34,0,INDETERMINADO,2,1,40,0,0,0,240,0,0,0,0
1969080276,10,22/05/1969,2,8,0,INDETERMINADO,5,1,0,0,0,0,120,0,0,0,0
1969270280,526,22/05/1969,3,27,0,INDETERMINADO,1,1,0,0,0,0,480,0,0,0,0
1969170291,20,23/05/1969,2,17,0,INDETERMINADO,5,1,0,0,0,0,180,0,0,0,0
1969080289,200,29/05/1969,2,8,0,INDETERMINADO,2,1,30,0,0,0,300,0,0,0,0
1969170292,150,29/05/1969,2,17,0,INDETERMINADO,5,1,0,0,0,0,480,39,1,0,4
1969170293,360,29/05/1969,2,17,0,INDETERMINADO,2,1,30,0,0,0,420,40,1,0,3
1969330299,43,03/06/1969,5,33,0,INDETERMINADO,5,1,0,0,0,0,240,0,0,0,0
1969090284,45,04/06/1969,17,9,0,INDETERMINADO,5,1,0,0,0,0,240,0,0,0,0
1969220306,15,04/06/1969,10,22,0,INDETERMINADO,3,1,20,0,0,0,300,0,0,0,0
1969270317,2050,04/06/1969,3,27,0,INDETERMINADO,3,1,40,0,0,0,660,255,1,0,80
1969030296,10,05/06/1969,9,3,0,INDETERMINADO,2,1,50,0,0,0,60,0,0,0,0
1969270310,765,05/06/1969,3,27,0,INDETERMINADO,5,1,0,0,0,0,420,60,0,0,5
1969070297,10,06/06/1969,15,7,0,INDETERMINADO,2,1,90,0,0,0,120,0,0,0,0
1969330300,50,06/06/1969,5,33,0,INDETERMINADO,3,1,20,0,0,0,420,0,0,0,0
1969330319,10,06/06/1969,5,33,0,INDETERMINADO,2,1,30,0,0,0,180,0,0,0,0
1969340308,80,06/06/1969,17,34,0,INDETERMINADO,2,1,40,0,0,0,480,0,0,0,0
1969220398,40,07/06/1969,10,22,0,INDETERMINADO,2,1,40,0,0,0,1080,0,0,0,0
1969361354,10,07/06/1969,3,36,0,INDETERMINADO,5,1,0,0,0,0,120,0,0,0,0
1969210304,60,08/06/1969,4,21,0,INDETERMINADO,5,1,0,0,0,0,60,0,0,0,0
1969080311,33,09/06/1969,2,8,0,INDETERMINADO,3,1,20,0,0,0,360,0,0,0,0
1969130340,30,17/06/1969,11,13,0,INDETERMINADO,3,1,30,0,0,0,60,0,0,0,0
1969460692,15,17/06/1969,9,46,0,INDETERMINADO,3,1,20,0,0,0,120,0,0,0,0
1969030492,180,25/06/1969,9,3,0,INDETERMINADO,3,1,10,0,0,0,1440,140,1,0,3
1969230331,280,25/06/1969,4,23,0,INDETERMINADO,5,1,0,0,0,0,240,0,0,0,0
1969060405,900,26/06/1969,14,6,0,INDETERMINADO,2,1,50,0,0,0,240,455,0,0,0
1969140365,100,26/06/1969,4,14,0,INDETERMINADO,3,1,20,0,0,0,120,0,0,0,0
1969080322,30,27/06/1969,2,8,0,INDETERMINADO,5,1,0,0,0,0,60,0,0,0,0
1969290344,840,27/06/1969,4,29,0,INDETERMINADO,2,1,50,0,0,0,540,43,0,0,0
1969320369,20,27/06/1969,3,32,0,INDETERMINADO,5,1,0,0,0,0,180,0,0,0,4
1969380327,500,27/06/1969,12,38,0,INDETERMINADO,2,1,40,0,0,0,1080,66,1,0,0
1969280334,80,28/06/1969,16,28,0,INDETERMINADO,2,1,40,0,0,0,180,63,2,3,2
1969360315,35,28/06/1969,3,36,0,INDETERMINADO,4,1,99,0,0,0,180,0,0,0,0
1969360326,20,28/06/1969,3,36,0,INDETERMINADO,4,1,99,0,0,0,180,0,0,0,0
1969030430,145,29/06/1969,9,3,0,INDETERMINADO,5,1,0,0,0,0,420,24,0,0,1
1969150153,10,29/06/1969,3,15,0,INDETERMINADO,5,1,0,0,0,0,120,0,0,0,0
1969280343,130,29/06/1969,16,28,0,INDETERMINADO,2,1,50,0,0,0,120,46,3,3,5
1969410359,400,29/06/1969,4,41,0,INDETERMINADO,3,1,20,0,0,0,420,0,0,0,0
1969230325,240,30/06/1969,4,23,0,INDETERMINADO,2,1,20,0,0,0,360,119,1,0,2
1969380362,120,30/06/1969,12,38,0,INDETERMINADO,2,1,40,0,0,0,300,0,0,0,0
1969080323,40,01/07/1969,2,8,0,INDETERMINADO,3,1,20,0,0,0,180,0,0,0,0
1969100324,190,01/07/1969,14,10,0,INDETERMINADO,2,1,10,0,0,0,300,232,3,0,3
1969070321,180,02/07/1969,15,7,0,INDETERMINADO,2,1,50,0,0,0,960,182,1,0,2
1969120389,20,03/07/1969,9,12,0,INDETERMINADO,2,1,10,0,0,0,180,0,0,0,0
1969130407,200,03/07/1969,11,13,0,INDETERMINADO,2,1,50,0,0,0,60,0,0,0,0
1969150472,10,03/07/1969,3,15,0,INDETERMINADO,5,1,0,0,0,0,60,0,0,0,0
1969140329,15,04/07/1969,4,14,0,INDETERMINADO,2,1,50,0,0,0,420,0,0,0,0
1969290573,80,04/07/1969,4,29,0,INDETERMINADO,3,1,20,0,0,0,360,0,0,0,0
1969360512,60,04/07/1969,3,36,0,INDETERMINADO,4,1,99,0,0,0,240,0,0,0,3
1969130408,100,05/07/1969,11,13,0,INDETERMINADO,4,1,99,0,0,0,840,0,0,0,0
1969230342,220,05/07/1969,4,23,0,INDETERMINADO,1,1,0,0,0,0,180,0,0,0,0
1969240649,70,05/07/1969,17,24,0,INDETERMINADO,5,1,0,0,0,0,180,11,0,0,2
1969080337,16,06/07/1969,2,8,0,INDETERMINADO,5,1,0,0,0,0,180,0,0,0,0
1969080339,21,06/07/1969,2,8,0,INDETERMINADO,2,1,40,0,0,0,300,0,0,0,0
1969150473,10,06/07/1969,3,15,0,INDETERMINADO,4,1,99,0,0,0,120,0,0,0,0
1969280371,320,06/07/1969,16,28,0,INDETERMINADO,2,1,40,0,0,0,300,0,0,0,1
1969410401,1500,06/07/1969,4,41,0,INDETERMINADO,5,1,0,0,0,0,360,46,1,0,0
1969360357,20,07/07/1969,3,36,0,INDETERMINADO,4,1,99,0,0,0,840,0,0,0,0
1969100437,300,08/07/1969,14,10,0,INDETERMINADO,2,1,50,0,0,0,120,0,0,0,0
1969270533,85,08/07/1969,3,27,0,INDETERMINADO,4,1,99,0,0,0,300,10,0,0,10
1969050347,15,09/07/1969,17,5,0,INDETERMINADO,2,1,50,0,0,0,120,0,0,0,0
1969280424,180,09/07/1969,16,28,0,INDETERMINADO,5,1,0,0,0,0,60,0,0,0,0
1969110397,20,10/07/1969,4,11,0,INDETERMINADO,5,1,0,0,0,0,120,0,0,0,0
1969130409,110,10/07/1969,11,13,0,INDETERMINADO,5,1,0,0,0,0,120,0,0,0,0
1969280350,27,10/07/1969,16,28,0,INDETERMINADO,2,1,50,0,0,0,180,0,0,0,0
1969320370,30,10/07/1969,3,32,0,INDETERMINADO,2,1,20,0,0,0,300,0,0,0,0
1969150475,10,11/07/1969,3,15,0,INDETERMINADO,5,1,0,0,0,0,540,0,0,0,0
1969150476,30,11/07/1969,3,15,0,INDETERMINADO,5,1,0,0,0,0,120,0,0,0,0
1969150727,3000,11/07/1969,3,15,0,INDETERMINADO,2,1,90,0,0,0,1500,220,2,0,21
1969230392,20,11/07/1969,4,23,0,INDETERMINADO,2,1,10,0,0,0,480,0,0,0,0
1969320366,40,11/07/1969,3,32,0,INDETERMINADO,2,1,20,0,0,0,539,0,0,0,0
1969330353,210,11/07/1969,5,33,0,INDETERMINADO,5,1,0,0,0,0,1140,60,0,0,11
1969330354,80,11/07/1969,5,33,0,INDETERMINADO,5,1,0,0,0,0,300,22,0,0,5
1969360514,10,11/07/1969,3,36,0,INDETERMINADO,2,1,50,0,0,0,120,0,0,0,0
1969410447,1700,11/07/1969,4,41,0,INDETERMINADO,5,1,0,0,0,0,240,19,0,0,0
1969140448,2790,12/07/1969,4,14,0,INDETERMINADO,3,1,20,0,0,0,600,90,1,0,6
1969180384,10,12/07/1969,4,18,0,INDETERMINADO,5,1,0,0,0,0,60,0,0,0,0
1969360515,50,12/07/1969,3,36,0,INDETERMINADO,5,1,0,0,0,0,960,0,0,0,0
1969460713,300,12/07/1969,9,46,0,INDETERMINADO,5,1,0,0,0,0,240,58,1,0,2
1969030593,50,13/07/1969,9,3,0,INDETERMINADO,2,1,10,0,0,0,480,0,0,0,0
1969080376,13,13/07/1969,2,8,0,INDETERMINADO,2,1,40,0,0,0,120,0,0,0,0
1969090364,120,13/07/1969,17,9,0,INDETERMINADO,4,1,99,0,0,0,840,0,0,0,0
1969130410,250,13/07/1969,11,13,0,INDETERMINADO,3,1,20,0,0,0,120,0,0,0,0
1969280351,20,13/07/1969,16,28,0,INDETERMINADO,2,1,50,0,0,0,60,0,0,0,0
1969280373,10,13/07/1969,16,28,0,INDETERMINADO,3,1,20,0,0,0,120,0,0,0,0
1969280374,35,13/07/1969,16,28,0,INDETERMINADO,5,1,0,0,0,0,60,0,0,0,0
1969280400,20,13/07/1969,16,28,0,INDETERMINADO,2,1,90,0,0,0,60,0,0,0,0
1969360516,10,13/07/1969,3,36,0,INDETERMINADO,5,1,0,0,0,0,180,0,0,0,0
1969360519,40,13/07/1969,3,36,0,INDETERMINADO,2,1,50,0,0,0,300,0,0,0,1
1969360520,40,13/07/1969,3,36,0,INDETERMINADO,5,1,0,0,0,0,120,0,0,0,1
1969360521,20,13/07/1969,3,36,0,INDETERMINADO,5,1,0,0,0,0,120,0,0,0,0
1969360522,23,13/07/1969,3,36,0,INDETERMINADO,5,1,0,0,0,0,120,0,0,0,0
1969360523,30,13/07/1969,3,36,0,INDETERMINADO,5,1,0,0,0,0,540,0,0,0,0
1969361355,210,13/07/1969,3,36,0,INDETERMINADO,4,1,99,0,0,0,300,0,0,0,7
1969461069,80,13/07/1969,9,46,0,INDETERMINADO,2,1,50,0,0,0,840,70,1,0,0
1969060540,350,14/07/1969,14,6,0,INDETERMINADO,3,1,30,0,0,0,120,0,0,0,0
1969140367,15,14/07/1969,4,14,0,INDETERMINADO,2,1,50,0,0,0,59,0,0,0,0
1969140416,1500,14/07/1969,4,14,0,INDETERMINADO,5,1,0,0,0,0,600,137,2,0,1
1969150477,18,14/07/1969,3,15,0,INDETERMINADO,5,1,0,0,0,0,120,0,0,0,0
1969150478,1750,14/07/1969,3,15,0,INDETERMINADO,1,1,0,0,0,0,960,211,0,0,72
1969290399,54,14/07/1969,4,29,0,INDETERMINADO,2,1,50,0,0,0,60,0,0,0,0
1969290450,30,14/07/1969,4,29,0,INDETERMINADO,2,1,50,0,0,0,120,0,0,0,0
1969361356,30,14/07/1969,3,36,0,INDETERMINADO,4,1,99,0,0,0,540,0,0,0,0
1969090382,10,15/07/1969,17,9,0,INDETERMINADO,5,1,0,0,0,0,240,0,0,0,0
1969130411,700,15/07/1969,11,13,0,INDETERMINADO,3,1,30,0,0,0,240,10,0,0,0
1969140417,1350,15/07/1969,4,14,0,INDETERMINADO,5,1,0,0,0,0,660,132,2,0,1
1969170383,10,15/07/1969,2,17,0,INDETERMINADO,5,1,0,0,0,0,180,0,0,0,0
1969200390,19,15/07/1969,1,20,0,INDETERMINADO,5,1,0,0,0,0,240,0,0,0,0
1969290574,15,15/07/1969,4,29,0,INDETERMINADO,5,1,0,0,0,0,480,0,0,0,0
1969461070,700,15/07/1969,9,46,0,INDETERMINADO,2,1,50,0,0,0,960,280,1,0,7
1969020538,50,16/07/1969,11,2,0,INDETERMINADO,5,1,0,0,0,0,120,0,0,1,0
1969030525,50,16/07/1969,9,3,0,INDETERMINADO,5,1,0,0,0,0,600,0,0,0,0
1969100439,20,16/07/1969,14,10,0,INDETERMINADO,3,1,30,0,0,0,60,0,0,0,0
1969170570,80,16/07/1969,2,17,0,INDETERMINADO,3,1,40,0,0,0,120,0,0,0,0
1969230532,500,16/07/1969,4,23,0,INDETERMINADO,5,1,0,0,0,0,300,0,0,0,0
1969270394,40,16/07/1969,3,27,0,INDETERMINADO,2,1,30,0,0,0,240,0,0,0,0
1969410451,600,16/07/1969,4,41,0,INDETERMINADO,5,1,0,0,0,0,540,13,1,0,0
1969450402,2100,16/07/1969,11,45,0,INDETERMINADO,2,1,50,0,0,0,240,109,4,0,0
1969080378,31,17/07/1969,2,8,0,INDETERMINADO,2,1,90,0,0,0,120,0,0,0,0
1969080610,20,17/07/1969,2,8,0,INDETERMINADO,5,1,0,0,0,0,240,0,0,0,0
1969080611,30,17/07/1969,2,8,0,INDETERMINADO,2,1,40,0,0,0,180,0,0,0,0
1969120452,60,17/07/1969,9,12,0,INDETERMINADO,2,1,20,0,0,0,300,0,0,0,1
1969210419,120,17/07/1969,4,21,0,INDETERMINADO,4,1,99,0,0,0,120,42,2,0,5
1969230640,40,17/07/1969,4,23,0,INDETERMINADO,2,1,50,0,0,0,600,0,0,0,0
1969280485,50,17/07/1969,16,28,0,INDETERMINADO,5,1,0,0,0,0,60,0,0,0,0
1969361357,105,17/07/1969,3,36,0,INDETERMINADO,4,1,99,0,0,0,480,45,0,0,3
1969050454,37,18/07/1969,17,5,0,INDETERMINADO,2,1,50,0,0,0,60,0,0,0,0
1969080379,10,18/07/1969,2,8,0,INDETERMINADO,3,1,10,0,0,0,120,0,0,0,0
1969080561,41,18/07/1969,2,8,0,INDETERMINADO,2,1,40,0,0,0,240,0,0,0,0
1969080612,20,18/07/1969,2,8,0,INDETERMINADO,5,1,0,0,0,0,180,0,0,0,0
1969100440,70,18/07/1969,14,10,0,INDETERMINADO,2,1,50,0,0,0,180,0,0,0,0
1969120455,10,18/07/1969,9,12,0,INDETERMINADO,2,1,20,0,0,0,120,0,0,0,0
1969210420,320,18/07/1969,4,21,0,INDETERMINADO,4,1,99,0,0,0,120,48,2,0,5
1969240594,50,18/07/1969,17,24,0,INDETERMINADO,5,1,0,0,0,0,300,0,0,1,0
1969270395,60,18/07/1969,3,27,0,INDETERMINADO,2,1,20,0,0,0,419,0,0,0,0
1969280426,50,18/07/1969,16,28,0,INDETERMINADO,2,1,50,0,0,0,60,0,0,0,0
1969280443,180,18/07/1969,16,28,0,INDETERMINADO,2,1,50,0,0,0,120,29,3,2,2
1969280740,120,18/07/1969,16,28,0,INDETERMINADO,2,1,50,0,0,0,180,0,0,0,0
1969410456,250,18/07/1969,4,41,0,INDETERMINADO,5,1,0,0,0,0,480,15,0,0,6
1969440489,20,18/07/1969,10,44,0,INDETERMINADO,5,1,0,0,0,0,420,0,0,0,4
1969030826,800,19/07/1969,9,3,0,INDETERMINADO,2,1,50,0,0,0,300,25,0,0,2
1969060541,200,19/07/1969,14,6,0,INDETERMINADO,2,1,50,0,0,0,120,0,0,0,0
1969100528,150,19/07/1969,14,10,0,INDETERMINADO,2,1,20,0,0,0,180,50,1,0,6
1969100529,1500,19/07/1969,14,10,0,INDETERMINADO,2,1,50,0,0,0,300,83,0,0,0
1969100530,30,19/07/1969,14,10,0,INDETERMINADO,2,1,90,0,0,0,120,0,0,0,0
1969100543,14750,19/07/1969,14,10,0,INDETERMINADO,3,1,30,0,0,0,300,100,4,0,0
1969130412,5000,19/07/1969,11,13,0,INDETERMINADO,5,1,0,0,0,0,480,15,1,0,0
1969130619,700,19/07/1969,11,13,0,INDETERMINADO,3,1,30,0,0,0,180,34,1,0,0
1969150728,255,19/07/1969,3,15,0,INDETERMINADO,5,1,0,0,0,0,360,0,0,0,0
1969210421,40,19/07/1969,4,21,0,INDETERMINADO,2,1,30,0,0,0,180,0,0,0,1
1969230641,4780,19/07/1969,4,23,0,INDETERMINADO,5,1,0,0,0,0,660,25,0,0,0
1969280444,10,19/07/1969,16,28,0,INDETERMINADO,2,1,20,0,0,0,60,0,0,0,0
1969280445,300,19/07/1969,16,28,0,INDETERMINADO,3,1,30,0,0,0,120,0,0,0,0
1969290708,12000,19/07/1969,4,29,0,INDETERMINADO,2,1,10,0,0,0,4620,700,2,0,128
1969410360,50,19/07/1969,4,41,0,INDETERMINADO,2,1,90,0,0,0,120,0,0,0,0
1969410577,2160,19/07/1969,4,41,0,INDETERMINADO,5,1,0,0,0,0,420,38,0,0,0
1969450403,780,19/07/1969,11,45,0,INDETERMINADO,2,1,40,0,0,0,240,114,1,1,2
1969460714,240,19/07/1969,9,46,0,INDETERMINADO,2,1,50,0,0,0,600,140,2,0,6
1969030526,25,20/07/1969,9,3,0,INDETERMINADO,2,1,50,0,0,0,300,0,0,0,0
1969070457,160,20/07/1969,15,7,0,INDETERMINADO,2,1,50,0,0,0,420,0,0,0,0
1969080380,45,20/07/1969,2,8,0,INDETERMINADO,2,1,40,0,0,0,420,0,0,0,0
1969080381,10,20/07/1969,2,8,0,INDETERMINADO,3,1,20,0,0,0,180,0,0,0,0
1969080496,10,20/07/1969,2,8,0,INDETERMINADO,5,1,0,0,0,0,120,0,0,0,0
1969080499,30,20/07/1969,2,8,0,INDETERMINADO,5,1,0,0,0,0,120,0,0,0,0
1969090616,655,20/07/1969,17,9,0,INDETERMINADO,1,1,0,0,0,0,1800,67,0,0,5
1969120458,10,20/07/1969,9,12,0,INDETERMINADO,3,1,20,0,0,0,240,0,0,0,0
1969130413,2700,20/07/1969,11,13,0,INDETERMINADO,2,1,90,0,0,0,300,23,0,0,0
1969130620,12000,20/07/1969,11,13,0,INDETERMINADO,3,1,30,0,0,0,600,304,10,1,0
1969130621,6500,20/07/1969,11,13,0,INDETERMINADO,3,1,30,0,0,0,480,62,0,0,0
1969140418,210,20/07/1969,4,14,0,INDETERMINADO,3,1,30,0,0,0,180,81,0,0,0
1969210422,400,20/07/1969,4,21,0,INDETERMINADO,5,1,0,0,0,0,360,20,0,0,3
1969210481,65,20/07/1969,4,21,0,INDETERMINADO,4,1,99,0,0,0,120,39,2,0,1
1969361358,115,20/07/1969,3,36,0,INDETERMINADO,4,1,99,0,0,0,300,76,0,0,4
1969501099,10,20/07/1969,10,50,0,INDETERMINADO,5,1,0,0,0,0,60,0,0,0,0
1969060557,1080,21/07/1969,14,6,0,INDETERMINADO,3,1,30,0,0,0,360,26,1,1,0
1969120460,10,21/07/1969,9,12,0,INDETERMINADO,1,1,0,0,0,0,180,0,0,0,0
1969130414,300,21/07/1969,11,13,0,INDETERMINADO,3,1,30,0,0,0,480,0,0,0,0
1969130415,450,21/07/1969,11,13,0,INDETERMINADO,3,1,30,0,0,0,480,20,1,0,7
1969130622,500,21/07/1969,11,13,0,INDETERMINADO,2,1,50,0,0,0,300,0,0,0,0
1969130623,150,21/07/1969,11,13,0,INDETERMINADO,2,1,50,0,0,0,60,0,0,0,0
1969130761,300,21/07/1969,11,13,0,INDETERMINADO,3,1,30,0,0,0,480,0,0,0,0
1969150479,30,21/07/1969,3,15,0,INDETERMINADO,2,1,50,0,0,0,720,0,0,0,0
1969180583,45,21/07/1969,4,18,0,INDETERMINADO,2,1,40,0,0,0,300,0,0,0,0
1969180882,15,21/07/1969,4,18,0,INDETERMINADO,2,1,40,0,0,0,300,0,0,0,0
1969180883,1000,21/07/1969,4,18,0,INDETERMINADO,2,1,40,0,0,0,1140,207,0,0,26
1969180884,30,21/07/1969,4,18,0,INDETERMINADO,2,1,40,0,0,0,300,0,0,0,0
1969210482,250,21/07/1969,4,21,0,INDETERMINADO,4,1,99,0,0,0,180,53,3,0,1
1969250461,73,21/07/1969,2,25,0,INDETERMINADO,2,1,90,0,0,0,1020,0,0,0,0
1969380687,180,21/07/1969,12,38,0,INDETERMINADO,5,1,0,0,0,0,360,0,0,0,0
1969460950,100,21/07/1969,9,46,0,INDETERMINADO,1,1,0,0,0,0,540,53,1,0,4
1969461219,40,21/07/1969,9,46,0,INDETERMINADO,1,1,0,0,0,0,300,0,0,0,0
1969470665,300,21/07/1969,17,47,0,INDETERMINADO,3,1,30,0,0,0,180,31,3,0,2
1969030827,1000,22/07/1969,9,3,0,INDETERMINADO,4,1,99,0,0,0,780,229,1,0,15
1969100531,100,22/07/1969,14,10,0,INDETERMINADO,3,1,30,0,0,0,120,0,0,0,0
1969230423,100,22/07/1969,4,23,0,INDETERMINADO,5,1,0,0,0,0,60,0,0,0,0
1969280464,20,22/07/1969,16,28,0,INDETERMINADO,5,1,0,0,0,0,60,0,0,0,0
1969330996,50,22/07/1969,5,33,0,INDETERMINADO,5,1,0,0,0,0,180,0,0,0,0
1969430465,20,22/07/1969,2,43,0,INDETERMINADO,2,1,10,0,0,0,180,0,0,0,0
1969470556,30,22/07/1969,17,47,0,INDETERMINADO,1,1,0,0,0,0,60,0,0,0,0
1969030988,300,23/07/1969,9,3,0,INDETERMINADO,4,1,99,0,0,0,2820,65,0,0,7
1969030989,600,23/07/1969,9,3,0,INDETERMINADO,4,1,99,0,0,0,3059,180,1,0,16
1969130762,1000,23/07/1969,11,13,0,INDETERMINADO,3,1,30,0,0,0,1200,20,0,0,0
1969130763,140,23/07/1969,11,13,0,INDETERMINADO,3,1,30,0,0,0,120,0,0,0,0
1969171071,80,23/07/1969,2,17,0,INDETERMINADO,2,1,90,0,0,0,180,0,0,0,0
1969360658,50,23/07/1969,3,36,0,INDETERMINADO,5,1,0,0,0,0,240,0,0,0,1
1969050470,360,24/07/1969,17,5,0,INDETERMINADO,2,1,50,0,0,0,300,154,1,0,35
1969080563,15,24/07/1969,2,8,0,INDETERMINADO,2,1,50,0,0,0,120,0,0,0,0
1969090468,95,24/07/1969,17,9,0,INDETERMINADO,1,1,0,0,0,0,360,33,0,0,3
1969100502,11050,24/07/1969,14,10,0,INDETERMINADO,2,1,50,0,0,0,480,1406,8,0,0
1969220504,40,24/07/1969,10,22,0,INDETERMINADO,1,1,0,0,0,0,360,0,0,0,0
1969230441,80,24/07/1969,4,23,0,INDETERMINADO,5,1,0,0,0,0,300,0,0,0,0
1969270775,15,24/07/1969,3,27,0,INDETERMINADO,5,1,0,0,0,0,120,0,0,0,0
1969360795,20,24/07/1969,3,36,0,INDETERMINADO,2,1,40,0,0,0,420,0,0,0,0
1969430551,50,24/07/1969,2,43,0,INDETERMINADO,1,1,0,0,0,0,420,0,0,0,1
1969430552,20,24/07/1969,2,43,0,INDETERMINADO,2,1,50,0,0,0,240,0,0,0,0
1969060542,320,25/07/1969,14,6,0,INDETERMINADO,5,1,0,0,0,0,120,0,0,0,0
1969100501,2000,25/07/1969,14,10,0,INDETERMINADO,3,1,10,0,0,0,239,149,2,0,8
1969160626,2370,25/07/1969,11,16,0,INDETERMINADO,2,1,50,0,0,0,600,75,5,0,11
1969230642,10,25/07/1969,4,23,0,INDETERMINADO,2,1,50,0,0,0,60,0,0,0,0
1969270776,1055,25/07/1969,3,27,0,INDETERMINADO,4,1,99,0,0,0,1020,42,0,0,14
1969280506,10,25/07/1969,16,28,0,INDETERMINADO,2,1,50,0,0,0,60,0,0,0,0
1969330487,20,25/07/1969,5,33,0,INDETERMINADO,5,1,0,0,0,0,240,0,0,0,0
1969080675,80,26/07/1969,2,8,0,INDETERMINADO,5,1,0,0,0,0,180,35,3,0,1
1969100544,700,26/07/1969,14,10,0,INDETERMINADO,3,1,30,0,0,0,180,62,2,0,0
1969130764,5000,26/07/1969,11,13,0,INDETERMINADO,3,1,30,0,0,0,300,15,0,0,0
1969170503,10,26/07/1969,2,17,0,INDETERMINADO,5,1,0,0,0,0,120,0,0,0,0
1969171072,10,26/07/1969,2,17,0,INDETERMINADO,2,1,90,0,0,0,120,0,0,0,0
1969290510,30,26/07/1969,4,29,0,INDETERMINADO,2,1,50,0,0,0,60,0,0,0,0
1969410661,9700,26/07/1969,4,41,0,INDETERMINADO,4,1,99,0,0,0,540,48,0,0,20
1969030828,1000,27/07/1969,9,3,0,INDETERMINADO,5,1,0,0,0,0,900,44,0,0,0
1969070558,30,27/07/1969,15,7,0,INDETERMINADO,2,1,50,0,0,0,420,0,0,0,0
1969080565,10,27/07/1969,2,8,0,INDETERMINADO,2,1,50,0,0,0,180,0,0,0,0
1969130765,1400,27/07/1969,11,13,0,INDETERMINADO,5,1,0,0,0,0,240,10,0,0,0
1969150729,62,27/07/1969,3,15,0,INDETERMINADO,5,1,0,0,0,0,1980,0,0,0,0
1969280508,50,27/07/1969,16,28,0,INDETERMINADO,5,1,0,0,0,0,60,0,0,0,0
1969330511,400,27/07/1969,5,33,0,INDETERMINADO,5,1,0,0,0,0,1680,30,1,0,17
1969360824,40,27/07/1969,3,36,0,INDETERMINADO,5,1,0,0,0,0,180,0,0,0,1
1969361361,35,27/07/1969,3,36,0,INDETERMINADO,4,1,99,0,0,0,360,0,0,0,0
1969130766,4000,28/07/1969,11,13,0,INDETERMINADO,3,1,10,0,0,0,540,20,0,0,0
1969320604,80,28/07/1969,3,32,0,INDETERMINADO,2,1,50,0,0,0,180,61,0,0,0
1969330488,10,28/07/1969,5,33,0,INDETERMINADO,3,1,30,0,0,0,120,0,0,0,0
1969100545,2000,29/07/1969,14,10,0,INDETERMINADO,3,1,30,0,0,0,540,66,0,0,0
1969130767,6000,29/07/1969,11,13,0,INDETERMINADO,5,1,0,0,0,0,1860,0,0,0,0
1969380688,40,29/07/1969,12,38,0,INDETERMINADO,5,1,0,0,0,0,180,0,0,0,0
1969240650,11,30/07/1969,17,24,0,INDETERMINADO,5,1,0,0,0,0,120,0,0,0,0
1969280550,15,30/07/1969,16,28,0,INDETERMINADO,3,1,20,0,0,0,60,0,0,0,0
1969361362,10,30/07/1969,3,36,0,INDETERMINADO,4,1,99,0,0,0,120,0,0,0,0
1969361363,40,30/07/1969,3,36,0,INDETERMINADO,4,1,99,0,0,0,180,0,0,0,0
1969380689,80,30/07/1969,12,38,0,INDETERMINADO,2,1,50,0,0,0,360,25,1,0,0
1969380690,100,30/07/1969,12,38,0,INDETERMINADO,5,1,0,0,0,0,420,0,0,0,0
1969390660,35,30/07/1969,6,39,0,INDETERMINADO,2,1,50,0,0,0,60,0,0,0,0
1969450554,25,30/07/1969,11,45,0,INDETERMINADO,2,1,50,0,0,0,60,0,0,0,1
1969450555,20,30/07/1969,11,45,0,INDETERMINADO,3,1,20,0,0,0,120,0,0,0,0
1969490719,250,30/07/1969,17,49,0,INDETERMINADO,5,1,0,0,0,0,360,0,0,0,0
1969080676,"1,8E+016",31/07/1969,2,8,0,INDETERMINADO,2,1,90,0,0,0,300,0,0,0,0
1969200584,10,31/07/1969,1,20,0,INDETERMINADO,2,1,40,0,0,0,120,0,0,0,0
1969270777,100,31/07/1969,3,27,0,INDETERMINADO,2,1,50,0,0,0,180,0,0,0,0
1969280572,60,31/07/1969,16,28,0,INDETERMINADO,2,1,50,0,0,0,60,0,0,0,0
1969320605,10,31/07/1969,3,32,0,INDETERMINADO,4,1,99,0,0,0,120,0,0,0,0
1969131014,50,01/08/1969,11,13,0,INDETERMINADO,5,1,0,0,0,0,60,0,0,0,0
1969240597,40,01/08/1969,17,24,0,INDETERMINADO,2,1,50,0,0,0,180,0,0,0,0
1969270778,145,01/08/1969,3,27,0,INDETERMINADO,5,1,0,0,0,0,1140,0,0,0,0
1969140624,180,02/08/1969,4,14,0,INDETERMINADO,2,1,30,0,0,0,120,0,0,0,0
1969150730,20,02/08/1969,3,15,0,INDETERMINADO,5,1,0,0,0,0,180,0,0,0,0
1969150731,20,02/08/1969,3,15,0,INDETERMINADO,5,1,0,0,0,0,120,0,0,0,0
1969240598,30,02/08/1969,17,24,0,INDETERMINADO,3,1,30,0,0,0,180,0,0,0,0
1969290821,780,02/08/1969,4,29,0,INDETERMINADO,2,1,90,0,0,0,660,66,0,0,6
1969320907,"1,9E+016",02/08/1969,3,32,0,INDETERMINADO,2,1,50,0,0,0,1680,0,0,0,0
1969490579,10,02/08/1969,17,49,0,INDETERMINADO,5,1,0,0,0,0,180,0,0,0,0
1969060693,1040,03/08/1969,14,6,0,INDETERMINADO,2,1,50,0,0,0,120,84,0,0,0
1969070559,10,03/08/1969,15,7,0,INDETERMINADO,2,1,10,0,0,0,180,0,0,0,0
1969080568,600,03/08/1969,2,8,0,INDETERMINADO,2,1,40,0,0,0,1080,149,9,0,9
1969130818,180,03/08/1969,11,13,0,INDETERMINADO,3,1,30,0,0,0,360,0,0,0,0
1969160681,10,03/08/1969,11,16,0,INDETERMINADO,2,1,50,0,0,0,120,0,0,0,0
1969170631,10,03/08/1969,2,17,0,INDETERMINADO,2,1,90,0,0,0,120,0,0,0,0
1969280585,150,03/08/1969,16,28,0,INDETERMINADO,2,1,20,0,0,0,120,0,0,0,0
1969280899,35,03/08/1969,16,28,0,INDETERMINADO,2,1,50,0,0,0,59,0,0,0,0
1969040851,700,04/08/1969,4,4,0,INDETERMINADO,2,1,20,0,0,0,359,238,0,0,0
1969100696,3000,04/08/1969,14,10,0,INDETERMINADO,2,1,50,0,0,0,300,60,3,0,0
1969140625,740,04/08/1969,4,14,0,INDETERMINADO,2,1,40,0,0,0,360,165,3,0,5
1969230643,40,04/08/1969,4,23,0,INDETERMINADO,5,1,0,0,0,0,179,0,0,0,0
1969320908,40,04/08/1969,3,32,0,INDETERMINADO,5,1,0,0,0,0,180,0,0,0,0
1969080615,21,05/08/1969,2,8,0,INDETERMINADO,2,1,50,0,0,0,420,0,0,0,0
1969170632,40,05/08/1969,2,17,0,INDETERMINADO,5,1,0,0,0,0,120,0,0,0,0
1969170634,10,05/08/1969,2,17,0,INDETERMINADO,5,1,0,0,0,0,60,0,0,0,0
1969320657,50,05/08/1969,3,32,0,INDETERMINADO,4,1,99,0,0,0,180,30,0,0,4
1969460717,5000,05/08/1969,9,46,0,INDETERMINADO,5,1,0,0,0,0,2520,906,4,0,27
1969130819,1700,06/08/1969,11,13,0,INDETERMINADO,5,1,0,0,0,0,420,0,0,0,0
1969130820,60,06/08/1969,11,13,0,INDETERMINADO,3,1,30,0,0,0,300,0,0,0,0
1969150732,983,06/08/1969,3,15,0,INDETERMINADO,4,1,99,0,0,0,2820,117,1,0,68
1969150861,33,06/08/1969,3,15,0,INDETERMINADO,5,1,0,0,0,0,119,0,0,0,0
1969170843,30,06/08/1969,2,17,0,INDETERMINADO,5,1,0,0,0,0,240,0,0,0,2
1969230645,230,06/08/1969,4,23,0,INDETERMINADO,1,1,0,0,0,0,120,0,0,0,0
1969240599,35,06/08/1969,17,24,0,INDETERMINADO,4,1,99,0,0,0,420,0,0,0,0
1969280587,41,06/08/1969,16,28,0,INDETERMINADO,2,1,50,0,0,0,120,0,0,0,1
1969290653,20,06/08/1969,4,29,0,INDETERMINADO,2,1,90,0,0,0,600,0,0,0,0
1969320909,30,06/08/1969,3,32,0,INDETERMINADO,5,1,0,0,0,0,240,0,0,0,0
1969361365,40,06/08/1969,3,36,0,INDETERMINADO,5,1,0,0,0,0,360,0,0,0,0
1969361366,30,06/08/1969,3,36,0,INDETERMINADO,5,1,0,0,0,0,180,0,0,0,0
1969370810,700,06/08/1969,17,37,0,INDETERMINADO,5,1,0,0,0,0,900,92,1,0,5
1969200702,95,07/08/1969,1,20,0,INDETERMINADO,3,1,10,0,0,0,240,0,0,0,1
1969210639,30,07/08/1969,4,21,0,INDETERMINADO,2,1,50,0,0,0,60,0,0,0,0
1969230647,750,07/08/1969,4,23,0,INDETERMINADO,5,1,0,0,0,0,180,16,0,0,0
1969230705,300,07/08/1969,4,23,0,INDETERMINADO,5,1,0,0,0,0,480,0,0,0,0
1969240600,20,07/08/1969,17,24,0,INDETERMINADO,4,1,99,0,0,0,240,0,0,0,0
1969240707,60,07/08/1969,17,24,0,INDETERMINADO,2,1,20,0,0,0,240,0,0,0,0
1969391008,1380,07/08/1969,6,39,0,INDETERMINADO,2,1,10,0,0,0,1440,78,1,0,0
1969430646,40,07/08/1969,2,43,0,INDETERMINADO,5,1,0,0,0,0,300,0,0,0,0
1969080678,20,08/08/1969,2,8,0,INDETERMINADO,2,1,90,0,0,0,180,0,0,0,0
1969090831,100,08/08/1969,17,9,0,INDETERMINADO,3,1,10,0,0,0,240,0,0,0,0
1969200703,30,08/08/1969,1,20,0,INDETERMINADO,2,1,50,0,0,0,120,0,0,0,0
1969290654,10,08/08/1969,4,29,0,INDETERMINADO,2,1,50,0,0,0,120,0,0,0,0
1969410662,70,08/08/1969,4,41,0,INDETERMINADO,2,1,50,0,0,0,60,22,1,0,5
1969460718,50,08/08/1969,9,46,0,INDETERMINADO,4,1,99,0,0,0,300,62,0,0,3
1969490669,70,08/08/1969,17,49,0,INDETERMINADO,5,1,0,0,0,0,240,0,0,0,0
1969050607,500,09/08/1969,17,5,0,INDETERMINADO,1,1,0,0,0,0,540,0,0,0,0
1969051144,100,09/08/1969,17,5,0,INDETERMINADO,1,1,0,0,0,0,120,22,1,0,2
1969150862,400,09/08/1969,3,15,0,INDETERMINADO,5,1,0,0,0,0,2040,0,0,0,2
1969151033,10,09/08/1969,3,15,0,INDETERMINADO,4,1,99,0,0,0,60,0,0,0,1
1969160628,60,09/08/1969,11,16,0,INDETERMINADO,3,1,10,0,0,0,240,0,0,0,0
1969170637,40,09/08/1969,2,17,0,INDETERMINADO,5,1,0,0,0,0,300,0,0,0,0
1969171073,220,09/08/1969,2,17,0,INDETERMINADO,2,1,10,0,0,0,659,0,0,0,0
1969361460,15,09/08/1969,3,36,0,INDETERMINADO,5,1,0,0,0,0,119,0,0,0,0
1969471188,20,09/08/1969,17,47,0,INDETERMINADO,1,1,0,0,0,0,60,0,0,18,0
1969070609,10,10/08/1969,15,7,0,INDETERMINADO,2,1,50,0,0,0,420,0,0,0,0
1969130858,1200,10/08/1969,11,13,0,INDETERMINADO,2,1,40,0,0,0,300,0,0,0,0
1969140833,1300,10/08/1969,4,14,0,INDETERMINADO,3,1,30,0,0,0,300,30,2,0,0
1969180700,150,10/08/1969,4,18,0,INDETERMINADO,5,1,0,0,0,0,300,0,0,0,0
1969210735,35,10/08/1969,4,21,0,INDETERMINADO,5,1,0,0,0,0,60,0,0,0,0
1969230648,100,10/08/1969,4,23,0,INDETERMINADO,5,1,0,0,0,0,180,0,0,0,0
1969270782,200,10/08/1969,3,27,0,INDETERMINADO,5,1,0,0,0,0,1320,0,0,0,0
1969280741,40,10/08/1969,16,28,0,INDETERMINADO,2,1,50,0,0,0,240,0,0,0,0
1969280742,4000,10/08/1969,16,28,0,INDETERMINADO,2,1,50,0,0,0,300,23,1,0,0
1969300906,840,10/08/1969,8,30,0,INDETERMINADO,5,1,0,0,0,0,300,53,1,0,0
1969361316,500,10/08/1969,3,36,0,INDETERMINADO,5,1,0,0,0,0,420,59,1,0,16
1969361322,35,10/08/1969,3,36,0,INDETERMINADO,4,1,99,0,0,0,180,0,0,0,0
1969361368,80,10/08/1969,3,36,0,INDETERMINADO,5,1,0,0,0,0,420,0,0,0,0
1969410663,50,10/08/1969,4,41,0,INDETERMINADO,5,1,0,0,0,0,60,0,0,0,0
1969450664,10,10/08/1969,11,45,0,INDETERMINADO,2,1,50,0,0,0,60,0,0,0,0
1969080759,30,11/08/1969,2,8,0,INDETERMINADO,5,1,0,0,0,0,300,0,0,0,0
1969270783,160,11/08/1969,3,27,0,INDETERMINADO,2,1,10,0,0,0,420,0,0,0,0
1969360796,15,11/08/1969,3,36,0,INDETERMINADO,5,1,0,0,0,0,240,0,0,0,0
1969360797,40,11/08/1969,3,36,0,INDETERMINADO,2,1,90,0,0,0,240,0,0,0,0
1969360798,12,11/08/1969,3,36,0,INDETERMINADO,2,1,50,0,0,0,240,0,0,0,0
1969130859,4880,12/08/1969,11,13,0,INDETERMINADO,5,1,0,0,0,0,660,304,2,0,0
1969131184,4760,12/08/1969,11,13,0,INDETERMINADO,5,1,0,0,0,0,660,326,3,0,0
1969140962,1000,12/08/1969,4,14,0,INDETERMINADO,5,1,0,0,0,0,3000,58,1,0,0
1969211020,35,12/08/1969,4,21,0,INDETERMINADO,2,1,50,0,0,0,300,0,0,0,0
1969240651,60,12/08/1969,17,24,0,INDETERMINADO,5,1,0,0,0,0,1380,0,0,0,0
1969280652,150,12/08/1969,16,28,0,INDETERMINADO,2,1,30,0,0,0,60,0,0,0,0
1969280743,100,12/08/1969,16,28,0,INDETERMINADO,3,1,20,0,0,0,120,0,0,0,0
1969280744,1570,12/08/1969,16,28,0,INDETERMINADO,2,1,50,0,0,0,180,169,2,0,0
1969360799,20,12/08/1969,3,36,0,INDETERMINADO,5,1,0,0,0,0,480,0,0,0,0
1969361370,20,12/08/1969,3,36,0,INDETERMINADO,4,1,99,0,0,0,180,0,0,0,0
1969361371,20,12/08/1969,3,36,0,INDETERMINADO,5,1,0,0,0,0,120,0,0,0,0
1969361372,25,12/08/1969,3,36,0,INDETERMINADO,5,1,0,0,0,0,300,0,0,0,0
1969361472,200,12/08/1969,3,36,0,INDETERMINADO,5,1,0,0,0,0,300,0,0,0,0
1969051147,920,13/08/1969,17,5,0,INDETERMINADO,5,1,0,0,0,0,1260,496,0,0,17
1969150733,20,13/08/1969,3,15,0,INDETERMINADO,5,1,0,0,0,0,180,0,0,0,0
1969240739,110,13/08/1969,17,24,0,INDETERMINADO,4,1,99,0,0,0,300,0,0,0,0
1969240890,10,13/08/1969,17,24,0,INDETERMINADO,2,1,20,0,0,0,120,0,0,0,0
1969270784,30,13/08/1969,3,27,0,INDETERMINADO,5,1,0,0,0,0,180,0,0,0,0
1969280745,160,13/08/1969,16,28,0,INDETERMINADO,2,1,50,0,0,0,120,0,0,0,0
1969280746,10,13/08/1969,16,28,0,INDETERMINADO,2,1,50,0,0,0,120,0,0,0,0
1969361369,50,13/08/1969,3,36,0,INDETERMINADO,5,1,0,0,0,0,359,0,0,0,0
1969361373,20,13/08/1969,3,36,0,INDETERMINADO,5,1,0,0,0,0,180,0,0,0,0
1969361461,50,13/08/1969,3,36,0,INDETERMINADO,4,1,99,0,0,0,359,0,0,0,0
1969140993,440,14/08/1969,4,14,0,INDETERMINADO,3,1,30,0,0,0,1440,25,3,0,0
1969271157,355,14/08/1969,3,27,0,INDETERMINADO,5,1,0,0,0,0,1979,0,0,0,0
1969280747,100,14/08/1969,16,28,0,INDETERMINADO,2,1,50,0,0,0,60,0,0,0,0
1969461183,30,14/08/1969,9,46,0,INDETERMINADO,1,1,0,0,0,0,120,0,0,0,0
1969461234,3690,14/08/1969,9,46,0,INDETERMINADO,1,1,0,0,0,0,3900,477,3,0,4
1969470840,35,14/08/1969,17,47,0,INDETERMINADO,2,1,50,0,0,0,300,0,0,0,0
1969490670,10,14/08/1969,17,49,0,INDETERMINADO,2,1,50,0,0,0,60,0,0,0,0
1969501456,14,14/08/1969,10,50,0,INDETERMINADO,5,1,0,0,0,0,660,0,0,0,0
1969030722,200,15/08/1969,9,3,0,INDETERMINADO,3,1,20,0,0,0,480,0,0,0,0
1969070694,200,15/08/1969,15,7,0,INDETERMINADO,2,1,50,0,0,0,300,0,0,0,0
1969070695,10,15/08/1969,15,7,0,INDETERMINADO,2,1,50,0,0,0,240,0,0,0,0
1969101084,2000,15/08/1969,14,10,0,INDETERMINADO,2,1,50,0,0,0,480,20,0,0,0
1969130860,400,15/08/1969,11,13,0,INDETERMINADO,2,1,30,0,0,0,420,11,0,0,0
1969180701,200,15/08/1969,4,18,0,INDETERMINADO,5,1,0,0,0,0,420,12,0,0,0
1969230706,100,15/08/1969,4,23,0,INDETERMINADO,5,1,0,0,0,0,120,0,0,0,0
1969330997,10,15/08/1969,5,33,0,INDETERMINADO,5,1,0,0,0,0,60,0,0,0,0
1969501457,20,15/08/1969,10,50,0,INDETERMINADO,5,1,0,0,0,0,180,0,0,0,0
1969120698,120,16/08/1969,9,12,0,INDETERMINADO,2,1,10,0,0,0,540,0,0,0,0
1969120699,20,16/08/1969,9,12,0,INDETERMINADO,5,1,0,0,0,0,180,0,0,0,0
1969181154,1720,16/08/1969,4,18,0,INDETERMINADO,2,1,50,0,0,0,480,38,0,0,0
1969240891,160,16/08/1969,17,24,0,INDETERMINADO,4,1,99,0,0,0,540,0,0,0,0
1969280749,230,16/08/1969,16,28,0,INDETERMINADO,2,1,50,0,0,0,240,0,0,0,1
1969290822,120,16/08/1969,4,29,0,INDETERMINADO,2,1,50,0,0,0,480,60,0,0,5
1969320785,150,16/08/1969,3,32,0,INDETERMINADO,4,1,99,0,0,0,359,42,1,0,4
1969330998,20,16/08/1969,5,33,0,INDETERMINADO,5,1,0,0,0,0,300,0,0,0,0
1969461235,6020,16/08/1969,9,46,0,INDETERMINADO,5,1,0,0,0,0,4440,580,2,0,24
1969020983,20,17/08/1969,11,2,0,INDETERMINADO,2,1,30,0,0,0,180,0,0,0,0
1969030723,20,17/08/1969,9,3,0,INDETERMINADO,2,1,50,0,0,0,179,0,0,0,0
1969120802,400,17/08/1969,9,12,0,INDETERMINADO,2,1,10,0,0,0,600,0,0,0,0
1969140726,380,17/08/1969,4,14,0,INDETERMINADO,2,1,40,0,0,0,360,0,0,0,0
1969160684,25,17/08/1969,11,16,0,INDETERMINADO,2,1,50,0,0,0,300,0,0,0,0
1969171074,1500,17/08/1969,2,17,0,INDETERMINADO,4,1,99,0,0,0,540,135,0,0,0
1969171075,200,17/08/1969,2,17,0,INDETERMINADO,4,1,99,0,0,0,240,69,0,0,0
1969230738,20,17/08/1969,4,23,0,INDETERMINADO,5,1,0,0,0,0,240,0,0,0,0
1969240892,300,17/08/1969,17,24,0,INDETERMINADO,4,1,99,0,0,0,420,0,0,0,0
1969280750,10,17/08/1969,16,28,0,INDETERMINADO,2,1,50,0,0,0,119,0,0,0,0
1969280751,13,17/08/1969,16,28,0,INDETERMINADO,2,1,50,0,0,0,60,0,0,0,0
1969320786,220,17/08/1969,3,32,0,INDETERMINADO,4,1,99,0,0,0,600,48,1,0,6
1969320910,30,17/08/1969,3,32,0,INDETERMINADO,5,1,0,0,0,0,300,0,0,0,0
1969320911,70,17/08/1969,3,32,0,INDETERMINADO,2,1,90,0,0,0,60,23,0,0,7
1969361374,80,17/08/1969,3,36,0,INDETERMINADO,5,1,0,0,0,0,180,0,0,0,0
1969361375,120,17/08/1969,3,36,0,INDETERMINADO,5,1,0,0,0,0,420,0,0,0,0
1969380944,20,17/08/1969,12,38,0,INDETERMINADO,5,1,0,0,0,0,1140,0,0,0,0
1969490721,40,17/08/1969,17,49,0,INDETERMINADO,5,1,0,0,0,0,300,0,0,0,0
1969070725,20,18/08/1969,15,7,0,INDETERMINADO,2,1,50,0,0,0,420,0,0,0,0
1969101085,2500,18/08/1969,14,10,0,INDETERMINADO,2,1,50,0,0,0,1020,22,0,0,0
1969121092,300,18/08/1969,9,12,0,INDETERMINADO,2,1,50,0,0,0,1980,69,1,0,6
1969150803,80,18/08/1969,3,15,0,INDETERMINADO,2,1,40,0,0,0,540,0,0,0,0
1969150834,200,18/08/1969,3,15,0,INDETERMINADO,4,1,99,0,0,0,840,0,0,0,0
1969150836,40,18/08/1969,3,15,0,INDETERMINADO,2,1,50,0,0,0,180,0,0,0,0
1969150863,100,18/08/1969,3,15,0,INDETERMINADO,2,1,50,0,0,0,660,0,0,0,0
1969171076,400,18/08/1969,2,17,0,INDETERMINADO,4,1,99,0,0,0,480,0,0,0,0
1969240893,50,18/08/1969,17,24,0,INDETERMINADO,2,1,20,0,0,0,240,0,0,0,0
1969240894,50,18/08/1969,17,24,0,INDETERMINADO,3,1,10,0,0,0,299,0,0,0,0
1969240963,204,18/08/1969,17,24,0,INDETERMINADO,2,1,90,0,0,0,240,31,2,0,1
1969240964,50,18/08/1969,17,24,0,INDETERMINADO,5,1,0,0,0,0,3060,0,0,0,0
1969240994,160,18/08/1969,17,24,0,INDETERMINADO,5,1,0,0,0,0,1680,0,0,0,0
1969271158,40,18/08/1969,3,27,0,INDETERMINADO,5,1,0,0,0,0,180,0,0,0,0
1969320787,100,18/08/1969,3,32,0,INDETERMINADO,2,1,10,0,0,0,180,0,0,0,0
1969320788,90,18/08/1969,3,32,0,INDETERMINADO,4,1,99,0,0,0,300,0,0,0,0
1969320912,40,18/08/1969,3,32,0,INDETERMINADO,5,1,0,0,0,0,300,0,0,0,0
1969320913,1500,18/08/1969,3,32,0,INDETERMINADO,5,1,0,0,0,0,1560,72,1,0,39
1969320914,25,18/08/1969,3,32,0,INDETERMINADO,5,1,0,0,0,0,480,0,0,0,0
1969330999,20,18/08/1969,5,33,0,INDETERMINADO,2,1,30,0,0,0,240,0,0,0,0
1969331000,50,18/08/1969,5,33,0,INDETERMINADO,2,1,30,0,0,0,1380,20,0,0,4
1969331001,10,18/08/1969,5,33,0,INDETERMINADO,5,1,0,0,0,0,180,0,0,0,0
1969340837,1000,18/08/1969,17,34,0,INDETERMINADO,2,1,40,0,0,0,3360,30,0,0,0
1969361309,1230,18/08/1969,3,36,0,INDETERMINADO,5,1,0,0,0,0,2280,109,0,0,26
1969361317,117,18/08/1969,3,36,0,INDETERMINADO,5,1,0,0,0,0,1800,40,0,0,7
1969440768,150,18/08/1969,10,44,0,INDETERMINADO,2,1,10,0,0,0,240,0,0,0,0
1969051148,25,19/08/1969,17,5,0,INDETERMINADO,5,1,0,0,0,0,180,0,0,0,0
1969101086,1000,19/08/1969,14,10,0,INDETERMINADO,2,1,50,0,0,0,360,17,0,0,0
1969110854,750,19/08/1969,4,11,0,INDETERMINADO,5,1,0,0,0,0,240,171,1,0,1
1969150804,90,19/08/1969,3,15,0,INDETERMINADO,5,1,0,0,0,0,840,0,0,0,0
1969151105,1000,19/08/1969,3,15,0,INDETERMINADO,4,1,99,0,0,0,1560,46,0,0,7
1969171077,800,19/08/1969,2,17,0,INDETERMINADO,4,1,99,0,0,0,300,20,0,0,0
1969171078,250,19/08/1969,2,17,0,INDETERMINADO,4,1,99,0,0,0,360,0,0,0,0
1969230844,12000,19/08/1969,4,23,0,INDETERMINADO,5,1,0,0,0,0,660,113,0,0,0
1969241201,1390,19/08/1969,17,24,0,INDETERMINADO,5,1,0,0,0,0,2760,76,0,0,11
1969271159,204,19/08/1969,3,27,0,INDETERMINADO,2,1,10,0,0,0,360,0,0,0,0
1969320790,700,19/08/1969,3,32,0,INDETERMINADO,2,1,10,0,0,0,1500,43,0,0,0
1969320791,43,19/08/1969,3,32,0,INDETERMINADO,5,1,0,0,0,0,240,0,0,0,0
1969320916,40,19/08/1969,3,32,0,INDETERMINADO,5,1,0,0,0,0,480,0,0,0,0
1969361310,9170,19/08/1969,3,36,0,INDETERMINADO,4,1,99,0,0,0,2400,190,0,0,177
1969361311,15,19/08/1969,3,36,0,INDETERMINADO,4,1,99,0,0,0,120,0,0,0,0
1969361376,10,19/08/1969,3,36,0,INDETERMINADO,5,1,0,0,0,0,420,0,0,0,0
1969361378,30,19/08/1969,3,36,0,INDETERMINADO,5,1,0,0,0,0,420,0,0,0,0
1969390846,20,19/08/1969,6,39,0,INDETERMINADO,2,1,50,0,0,0,300,0,0,0,0
1969490800,280,19/08/1969,17,49,0,INDETERMINADO,5,1,0,0,0,0,600,0,0,0,0
1969490801,10,19/08/1969,17,49,0,INDETERMINADO,2,1,90,0,0,0,60,0,0,0,0
1969020984,110,20/08/1969,11,2,0,INDETERMINADO,3,1,20,0,0,0,240,64,0,0,5
1969051149,10,20/08/1969,17,5,0,INDETERMINADO,2,1,50,0,0,0,120,0,0,0,0
1969051150,15,20/08/1969,17,5,0,INDETERMINADO,5,1,0,0,0,0,70,0,0,0,0
1969080812,230,20/08/1969,2,8,0,INDETERMINADO,2,1,40,0,0,0,420,51,6,0,5
1969101087,10,20/08/1969,14,10,0,INDETERMINADO,2,1,50,0,0,0,60,0,0,0,0
1969150805,40,20/08/1969,3,15,0,INDETERMINADO,2,1,50,0,0,0,240,0,0,0,0
1969150806,40,20/08/1969,3,15,0,INDETERMINADO,5,1,0,0,0,0,240,0,0,0,1
1969150865,20,20/08/1969,3,15,0,INDETERMINADO,5,1,0,0,0,0,660,0,0,0,0
1969171079,800,20/08/1969,2,17,0,INDETERMINADO,4,1,99,0,0,0,480,75,0,0,0
1969171080,250,20/08/1969,2,17,0,INDETERMINADO,5,1,0,0,0,0,1920,0,0,0,0
1969230886,10,20/08/1969,4,23,0,INDETERMINADO,2,1,10,0,0,0,60,0,0,0,0
1969241202,360,20/08/1969,17,24,0,INDETERMINADO,5,1,0,0,0,0,3480,94,0,0,1
1969250809,20,20/08/1969,2,25,0,INDETERMINADO,5,1,0,0,0,0,239,0,0,0,0
1969270845,20,20/08/1969,3,27,0,INDETERMINADO,5,1,0,0,0,0,300,0,0,0,0
1969320917,20,20/08/1969,3,32,0,INDETERMINADO,5,1,0,0,0,0,120,0,0,0,0
1969320918,40,20/08/1969,3,32,0,INDETERMINADO,5,1,0,0,0,0,300,0,0,0,0
1969361312,350,20/08/1969,3,36,0,INDETERMINADO,4,1,99,0,0,0,4500,72,0,0,17
1969361379,30,20/08/1969,3,36,0,INDETERMINADO,2,1,40,0,0,0,240,0,0,0,0
1969361445,710,20/08/1969,3,36,0,INDETERMINADO,4,1,99,0,0,0,480,61,0,0,1
1969361462,100,20/08/1969,3,36,0,INDETERMINADO,5,1,0,0,0,0,540,65,0,0,1
1969361494,610,20/08/1969,3,36,0,INDETERMINADO,4,1,99,0,0,0,480,61,0,0,3
1969380945,10,20/08/1969,12,38,0,INDETERMINADO,2,1,50,0,0,0,300,0,0,0,0
1969411143,2180,20/08/1969,4,41,0,INDETERMINADO,2,1,50,0,0,0,360,48,0,0,0
1969450769,300,20/08/1969,11,45,0,INDETERMINADO,2,1,40,0,0,0,240,0,0,0,0
1969490848,120,20/08/1969,17,49,0,INDETERMINADO,3,1,30,0,0,0,180,0,0,0,0
1969080817,20,21/08/1969,2,8,0,INDETERMINADO,3,1,30,0,0,0,120,0,0,0,0
1969131137,180,21/08/1969,11,13,0,INDETERMINADO,4,1,99,0,0,0,120,164,0,0,16
1969150807,50,21/08/1969,3,15,0,INDETERMINADO,5,1,0,0,0,0,540,0,0,0,0
1969150866,40,21/08/1969,3,15,0,INDETERMINADO,2,1,40,0,0,0,300,0,0,0,0
1969150867,300,21/08/1969,3,15,0,INDETERMINADO,5,1,0,0,0,0,660,0,0,0,0
1969151106,200,21/08/1969,3,15,0,INDETERMINADO,4,1,99,0,0,0,540,29,0,0,7
1969151107,2300,21/08/1969,3,15,0,INDETERMINADO,4,1,99,0,0,0,1200,160,0,0,5
1969171081,1150,21/08/1969,2,17,0,INDETERMINADO,5,1,0,0,0,0,960,42,4,0,32
1969241203,765,21/08/1969,17,24,0,INDETERMINADO,5,1,0,0,0,0,300,15,0,0,10
1969271097,245,21/08/1969,3,27,0,INDETERMINADO,4,1,99,0,0,0,480,61,0,0,10
1969271160,745,21/08/1969,3,27,0,INDETERMINADO,4,1,99,0,0,0,1080,105,0,0,22
1969361324,18,21/08/1969,3,36,0,INDETERMINADO,4,1,99,0,0,0,840,0,0,0,0
1969361381,60,21/08/1969,3,36,0,INDETERMINADO,5,1,0,0,0,0,480,0,0,0,0
1969361382,10,21/08/1969,3,36,0,INDETERMINADO,5,1,0,0,0,0,180,0,0,0,0
1969361383,100,21/08/1969,3,36,0,INDETERMINADO,5,1,0,0,0,0,300,0,0,0,0
1969361464,1650,21/08/1969,3,36,0,INDETERMINADO,5,1,0,0,0,0,720,171,0,0,21
1969020985,900,22/08/1969,11,2,0,INDETERMINADO,2,1,50,0,0,0,240,161,0,0,0
1969030850,20,22/08/1969,9,3,0,INDETERMINADO,1,1,0,0,0,0,179,0,0,0,0
1969080830,15,22/08/1969,2,8,0,INDETERMINADO,2,1,90,0,0,0,120,0,0,0,0
1969130991,800,22/08/1969,11,13,0,INDETERMINADO,5,1,0,0,0,0,360,21,2,0,0
1969130992,400,22/08/1969,11,13,0,INDETERMINADO,5,1,0,0,0,0,360,0,0,0,0
1969151035,300,22/08/1969,3,15,0,INDETERMINADO,2,1,20,0,0,0,480,0,0,0,0
1969151108,460,22/08/1969,3,15,0,INDETERMINADO,5,1,0,0,0,0,2640,0,0,0,1
1969291026,10,22/08/1969,4,29,0,INDETERMINADO,2,1,50,0,0,0,120,0,0,0,0
1969300895,450,22/08/1969,8,30,0,INDETERMINADO,2,1,10,0,0,0,480,22,0,0,11
1969320793,30,22/08/1969,3,32,0,INDETERMINADO,2,1,90,0,0,0,180,0,0,0,0
1969320794,20,22/08/1969,3,32,0,INDETERMINADO,4,1,99,0,0,0,180,0,0,0,0
1969320919,120,22/08/1969,3,32,0,INDETERMINADO,2,1,50,0,0,0,480,68,0,0,5
1969331002,10,22/08/1969,5,33,0,INDETERMINADO,2,1,30,0,0,0,180,0,0,0,0
1969331003,200,22/08/1969,5,33,0,INDETERMINADO,3,1,30,0,0,0,480,0,0,0,0
1969361325,1910,22/08/1969,3,36,0,INDETERMINADO,5,1,0,0,0,0,720,79,0,0,33
1969361385,3180,22/08/1969,3,36,0,INDETERMINADO,4,1,99,0,0,0,2040,36,0,0,44
1969361386,40,22/08/1969,3,36,0,INDETERMINADO,5,1,0,0,0,0,420,0,0,0,0
1969361387,10,22/08/1969,3,36,0,INDETERMINADO,5,1,0,0,0,0,179,0,0,0,0
1969361388,8040,22/08/1969,3,36,0,INDETERMINADO,4,1,99,0,0,0,7140,33,2,0,104
1969361389,10,22/08/1969,3,36,0,INDETERMINADO,5,1,0,0,0,0,240,0,0,0,0
1969361463,60,22/08/1969,3,36,0,INDETERMINADO,5,1,0,0,0,0,1139,52,0,0,1
1969361480,4810,22/08/1969,3,36,0,INDETERMINADO,5,1,0,0,0,0,23220,63,0,0,94
1969380946,250,22/08/1969,12,38,0,INDETERMINADO,2,1,50,0,0,0,300,0,0,0,0
1969501238,40,22/08/1969,10,50,0,INDETERMINADO,2,1,20,0,0,0,239,0,0,0,0
1969020987,40,23/08/1969,11,2,0,INDETERMINADO,5,1,0,0,0,0,420,0,0,0,2
1969101088,3500,23/08/1969,14,10,0,INDETERMINADO,2,1,50,0,0,0,420,20,0,0,0
1969150808,10,23/08/1969,3,15,0,INDETERMINADO,2,1,20,0,0,0,120,0,0,0,0
1969151036,809,23/08/1969,3,15,0,INDETERMINADO,5,1,0,0,0,0,780,21,0,0,10
1969151037,60,23/08/1969,3,15,0,INDETERMINADO,4,1,99,0,0,0,1620,0,0,0,0
1969240965,40,23/08/1969,17,24,0,INDETERMINADO,2,1,20,0,0,0,180,0,0,0,0
1969271161,10,23/08/1969,3,27,0,INDETERMINADO,2,1,40,0,0,0,180,0,0,0,0
1969280901,25,23/08/1969,16,28,0,INDETERMINADO,2,1,90,0,0,0,60,0,0,0,0
1969361326,15,23/08/1969,3,36,0,INDETERMINADO,4,1,99,0,0,0,180,0,0,0,0
1969361390,140,23/08/1969,3,36,0,INDETERMINADO,5,1,0,0,0,0,420,19,0,0,2
1969361391,20,23/08/1969,3,36,0,INDETERMINADO,5,1,0,0,0,0,120,0,0,0,0
1969361392,120,23/08/1969,3,36,0,INDETERMINADO,5,1,0,0,0,0,180,0,0,0,0
1969361393,150,23/08/1969,3,36,0,INDETERMINADO,5,1,0,0,0,0,420,0,0,0,0
1969361394,100,23/08/1969,3,36,0,INDETERMINADO,5,1,0,0,0,0,1320,0,0,0,0
1969361395,90,23/08/1969,3,36,0,INDETERMINADO,4,1,99,0,0,0,960,40,0,0,4
1969361396,40,23/08/1969,3,36,0,INDETERMINADO,5,1,0,0,0,0,480,0,0,0,0
1969361465,500,23/08/1969,3,36,0,INDETERMINADO,5,1,0,0,0,0,360,53,0,0,6
1969361473,860,23/08/1969,3,36,0,INDETERMINADO,4,1,99,0,0,0,1200,121,0,0,35
1969361489,1800,23/08/1969,3,36,0,INDETERMINADO,4,1,99,0,0,0,600,134,0,0,55
1969361492,150,23/08/1969,3,36,0,INDETERMINADO,4,1,99,0,0,0,1440,0,0,0,0
1969380947,19,23/08/1969,12,38,0,INDETERMINADO,2,1,50,0,0,0,1140,0,0,0,0
1969391029,15,23/08/1969,6,39,0,INDETERMINADO,2,1,10,0,0,0,60,0,0,0,0
1969490953,90,23/08/1969,17,49,0,INDETERMINADO,2,1,50,0,0,0,120,0,0,0,0
1969150870,200,24/08/1969,3,15,0,INDETERMINADO,5,1,0,0,0,0,480,15,0,0,9
1969150871,100,24/08/1969,3,15,0,INDETERMINADO,5,1,0,0,0,0,1140,0,0,0,0
1969150872,20,24/08/1969,3,15,0,INDETERMINADO,2,1,20,0,0,0,180,0,0,0,0
1969150874,20,24/08/1969,3,15,0,INDETERMINADO,5,1,0,0,0,0,240,0,0,0,0
1969151038,1000,24/08/1969,3,15,0,INDETERMINADO,4,1,99,0,0,0,1320,79,1,0,21
1969151039,30,24/08/1969,3,15,0,INDETERMINADO,2,1,20,0,0,0,120,0,0,0,0
1969151040,30,24/08/1969,3,15,0,INDETERMINADO,5,1,0,0,0,0,540,0,0,0,0
1969240896,470,24/08/1969,17,24,0,INDETERMINADO,2,1,40,0,0,0,1800,58,0,0,3
1969271162,20,24/08/1969,3,27,0,INDETERMINADO,5,1,0,0,0,0,60,0,0,0,0
1969271185,315,24/08/1969,3,27,0,INDETERMINADO,2,1,10,0,0,0,1320,18,0,1,0
1969291027,1104,24/08/1969,4,29,0,INDETERMINADO,2,1,40,0,0,0,420,275,1,0,61
1969320920,10,24/08/1969,3,32,0,INDETERMINADO,5,1,0,0,0,0,180,0,0,0,0
1969320921,15,24/08/1969,3,32,0,INDETERMINADO,5,1,0,0,0,0,240,0,0,0,0
1969320922,20,24/08/1969,3,32,0,INDETERMINADO,2,1,50,0,0,0,120,0,0,0,0
1969321168,20,24/08/1969,3,32,0,INDETERMINADO,2,1,50,0,0,0,120,0,0,0,1
1969321169,70,24/08/1969,3,32,0,INDETERMINADO,5,1,0,0,0,0,240,35,0,0,5
1969321170,20,24/08/1969,3,32,0,INDETERMINADO,5,1,0,0,0,0,60,0,0,0,0
1969361339,40,24/08/1969,3,36,0,INDETERMINADO,5,1,0,0,0,0,1500,0,0,0,0
1969361397,70,24/08/1969,3,36,0,INDETERMINADO,5,1,0,0,0,0,60,0,0,0,0
1969361398,15,24/08/1969,3,36,0,INDETERMINADO,4,1,99,0,0,0,540,0,0,0,0
1969361399,1500,24/08/1969,3,36,0,INDETERMINADO,5,1,0,0,0,0,1380,38,0,0,0
1969361400,130,24/08/1969,3,36,0,INDETERMINADO,5,1,0,0,0,0,240,86,0,0,5
1969361401,2060,24/08/1969,3,36,0,INDETERMINADO,5,1,0,0,0,0,780,87,0,0,43
1969361402,2910,24/08/1969,3,36,0,INDETERMINADO,4,1,99,0,0,0,5760,30,0,0,45
1969361403,60,24/08/1969,3,36,0,INDETERMINADO,5,1,0,0,0,0,600,0,0,0,0
1969361466,650,24/08/1969,3,36,0,INDETERMINADO,5,1,0,0,0,0,780,45,1,0,10
1969361474,5170,24/08/1969,3,36,0,INDETERMINADO,4,1,99,0,0,0,2760,233,4,0,79
1969361481,250,24/08/1969,3,36,0,INDETERMINADO,4,1,99,0,0,0,360,54,0,0,4
1969450948,80,24/08/1969,11,45,0,INDETERMINADO,2,1,50,0,0,0,60,0,0,0,0
1969501100,2900,24/08/1969,10,50,0,INDETERMINADO,3,1,10,0,0,0,540,243,10,0,41
1969061010,3500,25/08/1969,14,6,0,INDETERMINADO,2,1,90,0,0,0,300,192,0,3,0
1969120855,100,25/08/1969,9,12,0,INDETERMINADO,2,1,10,0,0,0,360,0,0,0,0
1969151041,15,25/08/1969,3,15,0,INDETERMINADO,5,1,0,0,0,0,180,0,0,0,0
1969271163,10,25/08/1969,3,27,0,INDETERMINADO,2,1,10,0,0,0,420,0,0,0,0
1969271164,40,25/08/1969,3,27,0,INDETERMINADO,2,1,10,0,0,0,420,0,0,0,0
1969271165,30,25/08/1969,3,27,0,INDETERMINADO,5,1,0,0,0,0,360,0,0,0,0
1969271166,300,25/08/1969,3,27,0,INDETERMINADO,2,1,10,0,0,0,360,0,0,0,0
1969271197,1120,25/08/1969,3,27,0,INDETERMINADO,4,1,99,0,0,0,840,116,0,0,56
1969320923,20,25/08/1969,3,32,0,INDETERMINADO,5,1,0,0,0,0,180,0,0,0,0
1969320924,20,25/08/1969,3,32,0,INDETERMINADO,4,1,99,0,0,0,120,0,0,0,0
1969321171,70,25/08/1969,3,32,0,INDETERMINADO,5,1,0,0,0,0,540,0,0,0,0
1969361340,2000,25/08/1969,3,36,0,INDETERMINADO,5,1,0,0,0,0,5580,101,1,0,11
1969361407,300,25/08/1969,3,36,0,INDETERMINADO,5,1,0,0,0,0,720,0,0,0,0
1969361467,30,25/08/1969,3,36,0,INDETERMINADO,4,1,99,0,0,0,360,0,0,0,0
1969361475,3540,25/08/1969,3,36,0,INDETERMINADO,5,1,0,0,0,0,1739,40,0,0,68
1969361488,2550,25/08/1969,3,36,0,INDETERMINADO,4,1,99,0,0,0,8820,77,1,0,52
1969430847,10,25/08/1969,2,43,0,INDETERMINADO,5,1,0,0,0,0,240,0,0,0,0
1969431031,80,25/08/1969,2,43,0,INDETERMINADO,2,1,10,0,0,0,660,0,0,0,0
1969070841,20,26/08/1969,15,7,0,INDETERMINADO,2,1,90,0,0,0,120,0,0,0,0
1969120856,25,26/08/1969,9,12,0,INDETERMINADO,2,1,90,0,0,0,240,0,0,0,0
1969120857,200,26/08/1969,9,12,0,INDETERMINADO,5,1,0,0,0,0,240,0,0,0,0
1969151042,20,26/08/1969,3,15,0,INDETERMINADO,5,1,0,0,0,0,660,0,0,0,0
1969161063,60,26/08/1969,11,16,0,INDETERMINADO,2,1,50,0,0,0,120,0,0,0,0
1969171152,100,26/08/1969,2,17,0,INDETERMINADO,5,1,0,0,0,0,480,35,1,0,5
1969240897,400,26/08/1969,17,24,0,INDETERMINADO,2,1,50,0,0,0,300,0,0,0,0
1969241156,100,26/08/1969,17,24,0,INDETERMINADO,5,1,0,0,0,0,480,0,0,0,0
1969251065,20,26/08/1969,2,25,0,INDETERMINADO,2,1,50,0,0,0,360,0,0,0,0
1969271348,50,26/08/1969,3,27,0,INDETERMINADO,5,1,0,0,0,0,1260,0,0,0,0
1969280904,15,26/08/1969,16,28,0,INDETERMINADO,2,1,50,0,0,0,60,0,0,0,0
1969280905,105,26/08/1969,16,28,0,INDETERMINADO,2,1,50,0,0,0,60,0,0,0,0
1969290966,40,26/08/1969,4,29,0,INDETERMINADO,2,1,50,0,0,0,179,0,0,0,0
1969320925,20,26/08/1969,3,32,0,INDETERMINADO,4,1,99,0,0,0,300,0,0,0,0
1969320926,10,26/08/1969,3,32,0,INDETERMINADO,5,1,0,0,0,0,60,0,0,0,0
1969321172,1200,26/08/1969,3,32,0,INDETERMINADO,5,1,0,0,0,0,600,34,0,0,0
1969361409,20,26/08/1969,3,36,0,INDETERMINADO,5,1,0,0,0,0,60,0,0,0,0
1969361476,40,26/08/1969,3,36,0,INDETERMINADO,4,1,99,0,0,0,840,0,0,0,0
1969361486,16005,26/08/1969,3,36,0,INDETERMINADO,2,1,20,0,0,0,3900,178,2,0,165
1969361487,20,26/08/1969,3,36,0,INDETERMINADO,4,1,99,0,0,0,420,0,0,0,0
1969361490,200,26/08/1969,3,36,0,INDETERMINADO,4,1,99,0,0,0,360,30,0,0,3
1969361491,340,26/08/1969,3,36,0,INDETERMINADO,4,1,99,0,0,0,660,51,0,0,9
1969401030,25,26/08/1969,17,40,0,INDETERMINADO,2,1,40,0,0,0,120,0,0,6,5
1969410974,200,26/08/1969,4,41,0,INDETERMINADO,2,1,50,0,0,0,240,36,0,0,0
1969411009,50,26/08/1969,4,41,0,INDETERMINADO,2,1,50,0,0,0,240,0,0,0,0
1969440825,30,26/08/1969,10,44,0,INDETERMINADO,2,1,50,0,0,0,120,0,0,0,0
1969490849,100,26/08/1969,17,49,0,INDETERMINADO,5,1,0,0,0,0,60,0,0,0,0
1969501239,1500,26/08/1969,10,50,0,INDETERMINADO,2,1,40,0,0,0,840,56,0,0,3
1969060960,50,27/08/1969,14,6,0,INDETERMINADO,2,1,10,0,0,0,180,0,0,0,0
1969131015,4000,27/08/1969,11,13,0,INDETERMINADO,3,1,10,0,0,0,600,56,0,0,0
1969131016,600,27/08/1969,11,13,0,INDETERMINADO,3,1,10,0,0,0,300,44,0,0,0
1969131017,150,27/08/1969,11,13,0,INDETERMINADO,2,1,30,0,0,0,540,0,0,0,0
1969151044,250,27/08/1969,3,15,0,INDETERMINADO,5,1,0,0,0,0,420,0,0,0,0
1969230888,10,27/08/1969,4,23,0,INDETERMINADO,2,1,90,0,0,0,120,0,0,0,0
1969230889,850,27/08/1969,4,23,0,INDETERMINADO,2,1,10,0,0,0,240,201,1,0,3
1969320969,1000,27/08/1969,3,32,0,INDETERMINADO,2,1,20,0,0,0,3000,11,0,0,0
1969320970,3000,27/08/1969,3,32,0,INDETERMINADO,4,1,99,0,0,0,899,54,1,0,4
1969321173,100,27/08/1969,3,32,0,INDETERMINADO,5,1,0,0,0,0,360,33,0,0,3
1969321174,90,27/08/1969,3,32,0,INDETERMINADO,5,1,0,0,0,0,1080,84,0,0,3
1969361341,20,27/08/1969,3,36,0,INDETERMINADO,5,1,0,0,0,0,240,0,0,0,0
1969361342,70,27/08/1969,3,36,0,INDETERMINADO,5,1,0,0,0,0,240,0,0,0,0
1969361413,30,27/08/1969,3,36,0,INDETERMINADO,5,1,0,0,0,0,180,0,0,0,0
1969431032,10,27/08/1969,2,43,0,INDETERMINADO,2,1,50,0,0,0,60,0,0,0,0
1969451268,490,27/08/1969,11,45,0,INDETERMINADO,3,1,30,0,0,0,300,127,5,0,6
1969470976,480,27/08/1969,17,47,0,INDETERMINADO,5,1,0,0,0,0,180,212,9,0,1
1969061083,3300,28/08/1969,14,6,0,INDETERMINADO,5,1,0,0,0,0,720,230,0,0,4
1969101089,350,28/08/1969,14,10,0,INDETERMINADO,2,1,50,0,0,0,420,55,0,0,3
1969101292,240,28/08/1969,14,10,0,INDETERMINADO,2,1,10,0,0,0,360,57,0,0,3
1969131018,300,28/08/1969,11,13,0,INDETERMINADO,5,1,0,0,0,0,180,0,0,0,1
1969151043,80,28/08/1969,3,15,0,INDETERMINADO,5,1,0,0,0,0,180,73,1,0,9
1969151045,215,28/08/1969,3,15,0,INDETERMINADO,5,1,0,0,0,0,480,29,0,0,11
1969151109,50,28/08/1969,3,15,0,INDETERMINADO,5,1,0,0,0,0,240,0,0,0,0
1969151110,30,28/08/1969,3,15,0,INDETERMINADO,4,1,99,0,0,0,1020,0,0,0,0
1969151111,50,28/08/1969,3,15,0,INDETERMINADO,5,1,0,0,0,0,1800,0,0,0,0
1969151112,81,28/08/1969,3,15,0,INDETERMINADO,2,1,50,0,0,0,420,0,0,0,0
1969240967,40,28/08/1969,17,24,0,INDETERMINADO,2,1,40,0,0,0,420,0,0,0,0
1969240968,20,28/08/1969,17,24,0,INDETERMINADO,2,1,20,0,0,0,300,0,0,0,0
1969271198,310,28/08/1969,3,27,0,INDETERMINADO,4,1,99,0,0,0,360,46,0,0,8
1969271349,40,28/08/1969,3,27,0,INDETERMINADO,5,1,0,0,0,0,720,0,0,0,0
1969320977,500,28/08/1969,3,32,0,INDETERMINADO,4,1,99,0,0,0,1920,31,0,0,0
1969321175,10,28/08/1969,3,32,0,INDETERMINADO,4,1,99,0,0,0,60,0,0,0,0
1969331004,10,28/08/1969,5,33,0,INDETERMINADO,5,1,0,0,0,0,120,0,0,0,0
1969361415,30,28/08/1969,3,36,0,INDETERMINADO,5,1,0,0,0,0,240,0,0,0,0
1969361416,1360,28/08/1969,3,36,0,INDETERMINADO,2,1,10,0,0,0,1020,35,0,0,19
1969410975,100,28/08/1969,4,41,0,INDETERMINADO,5,1,0,0,0,0,180,0,0,0,0
1969450949,220,28/08/1969,11,45,0,INDETERMINADO,2,1,50,0,0,0,180,0,0,0,0
1969491191,3590,28/08/1969,17,49,0,INDETERMINADO,2,1,40,0,0,0,3600,200,1,0,76
1969100990,250,29/08/1969,14,10,0,INDETERMINADO,5,1,0,0,0,0,240,217,0,0,16
1969101090,18000,29/08/1969,14,10,0,INDETERMINADO,2,1,10,0,0,0,1440,158,3,0,0
1969150878,10,29/08/1969,3,15,0,INDETERMINADO,2,1,90,0,0,0,120,0,0,0,0
1969151046,300,29/08/1969,3,15,0,INDETERMINADO,5,1,0,0,0,0,900,83,0,0,10
1969151047,216,29/08/1969,3,15,0,INDETERMINADO,5,1,0,0,0,0,360,77,0,0,9
1969151048,50,29/08/1969,3,15,0,INDETERMINADO,5,1,0,0,0,0,240,0,0,0,0
1969151113,60,29/08/1969,3,15,0,INDETERMINADO,5,1,0,0,0,0,180,0,0,0,0
1969151114,70,29/08/1969,3,15,0,INDETERMINADO,2,1,50,0,0,0,840,0,0,0,1
1969151115,65,29/08/1969,3,15,0,INDETERMINADO,4,1,99,0,0,0,1560,0,0,0,0
1969151116,343,29/08/1969,3,15,0,INDETERMINADO,4,1,99,0,0,0,600,0,0,0,0
1969151220,158,29/08/1969,3,15,0,INDETERMINADO,4,1,99,0,0,0,1740,47,0,0,1
1969231023,5550,29/08/1969,4,23,0,INDETERMINADO,5,1,0,0,0,0,1080,75,0,0,0
1969340972,120,29/08/1969,17,34,0,INDETERMINADO,2,1,50,0,0,0,1560,0,0,0,0
1969361417,30,29/08/1969,3,36,0,INDETERMINADO,5,1,0,0,0,0,240,0,0,0,0
1969361418,9540,29/08/1969,3,36,0,INDETERMINADO,4,1,99,0,0,0,3660,48,1,0,41
1969361419,70,29/08/1969,3,36,0,INDETERMINADO,5,1,0,0,0,0,3660,0,0,0,0
1969361420,1050,29/08/1969,3,36,0,INDETERMINADO,4,1,99,0,0,0,2520,31,1,0,51
1969471189,35,29/08/1969,17,47,0,INDETERMINADO,2,1,50,0,0,0,180,0,0,0,0
1969490954,180,29/08/1969,17,49,0,INDETERMINADO,5,1,0,0,0,0,600,0,0,0,0
1969141019,70,30/08/1969,4,14,0,INDETERMINADO,2,1,40,0,0,0,240,0,0,0,0
1969151049,1500,30/08/1969,3,15,0,INDETERMINADO,5,1,0,0,0,0,660,117,0,0,23
1969151051,580,30/08/1969,3,15,0,INDETERMINADO,2,1,20,0,0,0,1080,48,0,0,19
1969151052,190,30/08/1969,3,15,0,INDETERMINADO,2,1,20,0,0,0,599,0,0,0,0
1969151053,70,30/08/1969,3,15,0,INDETERMINADO,2,1,40,0,0,0,120,0,0,0,0
1969151117,340,30/08/1969,3,15,0,INDETERMINADO,4,1,99,0,0,0,719,46,0,0,19
1969151118,20,30/08/1969,3,15,0,INDETERMINADO,5,1,0,0,0,0,360,0,0,0,0
1969151119,50,30/08/1969,3,15,0,INDETERMINADO,5,1,0,0,0,0,360,0,0,0,0
1969151120,1500,30/08/1969,3,15,0,INDETERMINADO,4,1,99,0,0,0,2820,190,0,0,32
1969151121,200,30/08/1969,3,15,0,INDETERMINADO,4,1,99,0,0,0,420,0,0,0,0
1969151122,100,30/08/1969,3,15,0,INDETERMINADO,4,1,99,0,0,0,1020,0,0,0,0
1969151123,140,30/08/1969,3,15,0,INDETERMINADO,2,1,20,0,0,0,240,44,0,0,7
1969151124,340,30/08/1969,3,15,0,INDETERMINADO,5,1,0,0,0,0,720,46,0,0,13
1969151125,500,30/08/1969,3,15,0,INDETERMINADO,5,1,0,0,0,0,660,54,0,0,6
1969151126,2270,30/08/1969,3,15,0,INDETERMINADO,4,1,99,0,0,0,480,98,1,0,46
1969151196,3030,30/08/1969,3,15,0,INDETERMINADO,2,1,20,0,0,0,1200,306,0,0,7
1969151221,200,30/08/1969,3,15,0,INDETERMINADO,2,1,90,0,0,0,1200,35,0,0,4
1969151222,900,30/08/1969,3,15,0,INDETERMINADO,3,1,20,0,0,0,420,116,1,0,3
1969151223,840,30/08/1969,3,15,0,INDETERMINADO,4,1,99,0,0,0,1200,15,0,0,1
1969240898,250,30/08/1969,17,24,0,INDETERMINADO,4,1,99,0,0,0,420,0,0,0,0
1969241024,180,30/08/1969,17,24,0,INDETERMINADO,5,1,0,0,0,0,660,0,0,0,0
1969241025,100,30/08/1969,17,24,0,INDETERMINADO,4,1,99,0,0,0,420,0,0,0,0
1969241095,40,30/08/1969,17,24,0,INDETERMINADO,2,1,30,0,0,0,480,0,0,0,0
1969241140,1590,30/08/1969,17,24,0,INDETERMINADO,4,1,99,0,0,0,2040,43,0,0,0
1969241141,1889,30/08/1969,17,24,0,INDETERMINADO,5,1,0,0,0,0,2580,106,0,0,53
1969241142,650,30/08/1969,17,24,0,INDETERMINADO,5,1,0,0,0,0,540,44,0,0,0
1969271350,500,30/08/1969,3,27,0,INDETERMINADO,5,1,0,0,0,0,1080,0,0,0,0
1969320971,50,30/08/1969,3,32,0,INDETERMINADO,4,1,99,0,0,0,420,0,0,0,0
1969320978,80,30/08/1969,3,32,0,INDETERMINADO,4,1,99,0,0,0,180,20,1,0,3
1969320979,10,30/08/1969,3,32,0,INDETERMINADO,4,1,99,0,0,0,60,0,0,0,0
1969321176,20,30/08/1969,3,32,0,INDETERMINADO,5,1,0,0,0,0,240,0,0,0,0
1969361320,8680,30/08/1969,3,36,0,INDETERMINADO,5,1,0,0,0,0,2400,195,4,0,70
1969361327,10,30/08/1969,3,36,0,INDETERMINADO,4,1,99,0,0,0,60,0,0,0,0
1969361337,40,30/08/1969,3,36,0,INDETERMINADO,5,1,0,0,0,0,780,0,0,0,0
1969361422,3340,30/08/1969,3,36,0,INDETERMINADO,5,1,0,0,0,0,1320,24,0,0,0
1969361468,1800,30/08/1969,3,36,0,INDETERMINADO,5,1,0,0,0,0,420,76,0,0,10
1969361469,120,30/08/1969,3,36,0,INDETERMINADO,5,1,0,0,0,0,119,10,0,0,1
1969361482,70,30/08/1969,3,36,0,INDETERMINADO,4,1,99,0,0,0,420,30,1,0,4
1969490956,25,30/08/1969,17,49,0,INDETERMINADO,5,1,0,0,0,0,659,0,0,0,0
1969070853,15,31/08/1969,15,7,0,INDETERMINADO,5,1,0,0,0,0,179,0,0,0,0
1969121094,30,31/08/1969,9,12,0,INDETERMINADO,2,1,20,0,0,0,300,0,0,0,0
1969151055,1630,31/08/1969,3,15,0,INDETERMINADO,5,1,0,0,0,0,660,86,0,0,53
1969151056,3500,31/08/1969,3,15,0,INDETERMINADO,2,1,20,0,0,0,1260,126,0,0,170
1969151057,350,31/08/1969,3,15,0,INDETERMINADO,5,1,0,0,0,0,840,25,0,0,15
1969151058,150,31/08/1969,3,15,0,INDETERMINADO,5,1,0,0,0,0,600,36,0,0,4
1969151059,20,31/08/1969,3,15,0,INDETERMINADO,5,1,0,0,0,0,120,0,0,0,0
1969151127,40,31/08/1969,3,15,0,INDETERMINADO,5,1,0,0,0,0,1080,0,0,0,0
1969151129,20,31/08/1969,3,15,0,INDETERMINADO,5,1,0,0,0,0,120,0,0,0,0
1969151130,410,31/08/1969,3,15,0,INDETERMINADO,5,1,0,0,0,0,600,0,0,0,0
1969151224,250,31/08/1969,3,15,0,INDETERMINADO,4,1,99,0,0,0,600,64,0,0,8
1969151243,405,31/08/1969,3,15,0,INDETERMINADO,2,1,20,0,0,0,1380,0,0,0,0
1969241096,40,31/08/1969,17,24,0,INDETERMINADO,5,1,0,0,0,0,120,0,0,0,0
1969271186,16,31/08/1969,3,27,0,INDETERMINADO,2,1,10,0,0,0,60,0,0,0,0
1969271187,45,31/08/1969,3,27,0,INDETERMINADO,5,1,0,0,0,0,480,0,0,0,0
1969271215,1552,31/08/1969,3,27,0,INDETERMINADO,4,1,99,0,0,0,660,70,0,0,115
1969320980,400,31/08/1969,3,32,0,INDETERMINADO,4,1,99,0,0,0,600,30,0,0,5
1969321067,501,31/08/1969,3,32,0,INDETERMINADO,4,1,99,0,0,0,480,0,0,0,0
1969321178,40,31/08/1969,3,32,0,INDETERMINADO,5,1,0,0,0,0,120,0,0,0,0
1969321179,25,31/08/1969,3,32,0,INDETERMINADO,2,1,50,0,0,0,240,0,0,0,6
1969321207,230,31/08/1969,3,32,0,INDETERMINADO,5,1,0,0,0,0,720,107,1,0,7
1969331005,30,31/08/1969,5,33,0,INDETERMINADO,5,1,0,0,0,0,300,0,0,0,0
1969331006,210,31/08/1969,5,33,0,INDETERMINADO,5,1,0,0,0,0,660,0,0,0,0
1969361313,7320,31/08/1969,3,36,0,INDETERMINADO,4,1,99,0,0,0,3420,124,3,0,139
1969361328,30,31/08/1969,3,36,0,INDETERMINADO,4,1,99,0,0,0,180,0,0,0,0
1969361421,15,31/08/1969,3,36,0,INDETERMINADO,5,1,0,0,0,0,119,0,0,0,0
1969361447,2550,31/08/1969,3,36,0,INDETERMINADO,5,1,0,0,0,0,300,37,0,0,104
1969361483,80,31/08/1969,3,36,0,INDETERMINADO,4,1,99,0,0,0,960,120,0,0,5
1969361484,50,31/08/1969,3,36,0,INDETERMINADO,5,1,0,0,0,0,1980,0,0,0,5
1969490958,100,31/08/1969,17,49,0,INDETERMINADO,5,1,0,0,0,0,480,0,0,0,0
1969151131,350,01/09/1969,3,15,0,INDETERMINADO,5,1,0,0,0,0,480,0,0,0,0
1969151132,20,01/09/1969,3,15,0,INDETERMINADO,5,1,0,0,0,0,480,0,0,0,0
1969151133,50,01/09/1969,3,15,0,INDETERMINADO,5,1,0,0,0,0,360,0,0,0,0
1969151134,270,01/09/1969,3,15,0,INDETERMINADO,4,1,99,0,0,0,720,0,0,0,0
1969151225,400,01/09/1969,3,15,0,INDETERMINADO,5,1,0,0,0,0,600,40,0,0,1
1969271351,100,01/09/1969,3,27,0,INDETERMINADO,5,1,0,0,0,0,300,0,0,0,0
1969321068,700,01/09/1969,3,32,0,INDETERMINADO,4,1,99,0,0,0,480,24,0,0,0
1969321180,60,01/09/1969,3,32,0,INDETERMINADO,4,1,99,0,0,0,119,0,0,0,0
1969361329,50,01/09/1969,3,36,0,INDETERMINADO,4,1,99,0,0,0,120,0,0,0,2
1969361424,80,01/09/1969,3,36,0,INDETERMINADO,5,1,0,0,0,0,300,63,0,0,2
1969361448,360,01/09/1969,3,36,0,INDETERMINADO,4,1,99,0,0,0,420,50,0,0,4
1969361470,10,01/09/1969,3,36,0,INDETERMINADO,4,1,99,0,0,0,120,0,0,0,0
1969361493,170,01/09/1969,3,36,0,INDETERMINADO,4,1,99,0,0,0,900,50,0,0,4
1969411098,40,01/09/1969,4,41,0,INDETERMINADO,5,1,0,0,0,0,60,0,0,0,5
1969151062,25,02/09/1969,3,15,0,INDETERMINADO,5,1,0,0,0,0,180,0,0,0,0
1969151135,15,02/09/1969,3,15,0,INDETERMINADO,2,1,50,0,0,0,120,0,0,0,0
1969271216,255,02/09/1969,3,27,0,INDETERMINADO,4,1,99,0,0,0,1140,24,0,0,7
1969321181,80,02/09/1969,3,32,0,INDETERMINADO,2,1,50,0,0,0,120,26,0,0,7
1969321182,20,02/09/1969,3,32,0,INDETERMINADO,5,1,0,0,0,0,120,0,0,0,0
1969361338,50,02/09/1969,3,36,0,INDETERMINADO,5,1,0,0,0,0,180,0,0,0,0
1969211212,1651,03/09/1969,4,21,0,INDETERMINADO,3,1,30,0,0,0,180,74,1,0,5
1969361425,10,03/09/1969,3,36,0,INDETERMINADO,5,1,0,0,0,0,60,0,0,0,0
1969211022,30,04/09/1969,4,21,0,INDETERMINADO,2,1,40,0,0,0,60,0,0,0,0
1969361330,25,04/09/1969,3,36,0,INDETERMINADO,5,1,0,0,0,0,120,0,0,0,0
1969461236,300,05/09/1969,9,46,0,INDETERMINADO,1,1,0,0,0,0,240,56,2,0,4
1969111193,700,07/09/1969,4,11,0,INDETERMINADO,5,1,0,0,0,0,180,25,0,0,0
1969111194,360,07/09/1969,4,11,0,INDETERMINADO,2,1,40,0,0,0,360,20,0,0,7
1969211064,150,07/09/1969,4,21,0,INDETERMINADO,5,1,0,0,0,0,180,0,0,0,0
1969361331,120,07/09/1969,3,36,0,INDETERMINADO,5,1,0,0,0,0,179,24,1,0,6
1969361477,135,07/09/1969,3,36,0,INDETERMINADO,4,1,99,0,0,0,1020,0,0,0,3
1969361485,40,07/09/1969,3,36,0,INDETERMINADO,4,1,99,0,0,0,240,0,0,0,3
1969381028,35,08/09/1969,12,38,0,INDETERMINADO,2,1,90,0,0,0,360,0,0,0,0
1969501227,15,08/09/1969,10,50,0,INDETERMINADO,2,1,10,0,0,0,180,0,0,0,0
1969101091,80,09/09/1969,14,10,0,INDETERMINADO,2,1,50,0,0,0,240,0,0,0,0
1969111195,1800,09/09/1969,4,11,0,INDETERMINADO,5,1,0,0,0,0,960,149,1,0,4
1969151136,40,09/09/1969,3,15,0,INDETERMINADO,5,1,0,0,0,0,300,0,0,0,0
1969061101,420,10/09/1969,14,6,0,INDETERMINADO,2,1,50,0,0,0,300,49,0,0,0
1969361426,70,10/09/1969,3,36,0,INDETERMINADO,2,1,10,0,0,0,420,4,0,0,0
1969401459,100,11/09/1969,17,40,0,INDETERMINADO,5,1,0,0,0,0,300,44,4,6,1
1969041210,700,18/09/1969,4,4,0,INDETERMINADO,2,1,40,0,0,0,480,105,0,0,16
1969231213,23,19/09/1969,4,23,0,INDETERMINADO,5,1,0,0,0,0,240,0,0,0,0
1969291217,700,19/09/1969,4,29,0,INDETERMINADO,2,1,50,0,0,0,240,32,1,0,1
1969501229,"1,4E+016",19/09/1969,10,50,0,INDETERMINADO,2,1,10,0,0,0,240,0,0,0,0
1969231214,50,20/09/1969,4,23,0,INDETERMINADO,2,1,50,0,0,0,360,0,0,0,0
1969121200,70,22/09/1969,9,12,0,INDETERMINADO,2,1,90,0,0,0,420,69,1,0,2
1969211138,40,22/09/1969,4,21,0,INDETERMINADO,5,1,0,0,0,0,120,0,0,0,0
1969291218,60,22/09/1969,4,29,0,INDETERMINADO,5,1,0,0,0,0,240,0,0,0,0
1969411233,140,22/09/1969,4,41,0,INDETERMINADO,2,1,10,0,0,0,240,0,0,0,0
1969231205,10,23/09/1969,4,23,0,INDETERMINADO,2,1,10,0,0,0,1620,0,0,0,0
1969361428,90,23/09/1969,3,36,0,INDETERMINADO,5,1,0,0,0,0,180,36,0,0,0
1969051211,10,24/09/1969,17,5,0,INDETERMINADO,2,1,30,0,0,0,300,0,0,6,0
1969151245,30,25/09/1969,3,15,0,INDETERMINADO,2,1,90,0,0,0,300,0,0,0,0
1969211252,120,25/09/1969,4,21,0,INDETERMINADO,2,1,50,0,0,0,360,53,5,0,3
1969491192,40,25/09/1969,17,49,0,INDETERMINADO,5,1,0,0,0,0,300,0,0,0,0
1969361449,15,26/09/1969,3,36,0,INDETERMINADO,4,1,99,0,0,0,119,0,0,0,0
1969361429,40,27/09/1969,3,36,0,INDETERMINADO,5,1,0,0,0,0,240,0,0,0,0
1969361430,16,27/09/1969,3,36,0,INDETERMINADO,5,1,0,0,0,0,120,0,0,0,0
1969151246,21,28/09/1969,3,15,0,INDETERMINADO,5,1,0,0,0,0,300,0,0,0,0
1969361332,60,28/09/1969,3,36,0,INDETERMINADO,5,1,0,0,0,0,120,20,1,0,4
1969361431,460,28/09/1969,3,36,0,INDETERMINADO,4,1,99,0,0,0,240,20,0,0,11
1969151247,830,30/09/1969,3,15,0,INDETERMINADO,1,1,0,0,0,0,780,123,0,0,20
1969361432,100,30/09/1969,3,36,0,INDETERMINADO,5,1,0,0,0,0,900,46,0,0,2
1969381257,20,30/09/1969,12,38,0,INDETERMINADO,4,1,99,0,0,0,720,0,0,0,0
1969361433,1380,01/10/1969,3,36,0,INDETERMINADO,4,1,99,0,0,0,540,86,0,0,27
1969241231,10,02/10/1969,17,24,0,INDETERMINADO,2,1,20,0,0,0,60,0,0,0,0
1969381258,30,02/10/1969,12,38,0,INDETERMINADO,4,1,99,0,0,0,660,0,0,0,0
1969151275,140,03/10/1969,3,15,0,INDETERMINADO,4,1,99,0,0,0,420,0,0,0,0
1969151250,120,04/10/1969,3,15,0,INDETERMINADO,5,1,0,0,0,0,480,0,0,0,0
1969501308,11,04/10/1969,10,50,0,INDETERMINADO,2,1,10,0,0,0,180,0,0,0,0
1969151276,30,05/10/1969,3,15,0,INDETERMINADO,5,1,0,0,0,0,240,0,0,0,0
1969361435,51,07/10/1969,3,36,0,INDETERMINADO,5,1,0,0,0,0,360,0,0,0,0
1969151277,30,08/10/1969,3,15,0,INDETERMINADO,5,1,0,0,0,0,540,0,0,0,0
1969151293,850,08/10/1969,3,15,0,INDETERMINADO,4,1,99,0,0,0,1380,12,0,0,0
1969331232,20,08/10/1969,5,33,0,INDETERMINADO,5,1,0,0,0,0,300,0,0,0,0
1969331265,200,08/10/1969,5,33,0,INDETERMINADO,2,1,40,0,0,0,720,0,0,0,0
1969331266,100,09/10/1969,5,33,0,INDETERMINADO,5,1,0,0,0,0,360,47,0,0,6
1969151242,10,10/10/1969,3,15,0,INDETERMINADO,5,1,0,0,0,0,179,0,0,0,0
1969361333,250,10/10/1969,3,36,0,INDETERMINADO,5,1,0,0,0,0,359,32,1,0,11
1969391254,30,10/10/1969,6,39,0,INDETERMINADO,2,1,20,0,0,0,60,0,0,0,0
1969391255,90,11/10/1969,6,39,0,INDETERMINADO,2,1,20,0,0,0,360,0,0,0,0
1969151278,400,12/10/1969,3,15,0,INDETERMINADO,2,1,90,0,0,0,600,0,0,0,0
1969331267,50,12/10/1969,5,33,0,INDETERMINADO,5,1,0,0,0,0,240,0,0,0,0
1969391260,30,13/10/1969,6,39,0,INDETERMINADO,4,1,99,0,0,0,480,0,0,0,0
1969121240,100,14/10/1969,9,12,0,INDETERMINADO,3,1,20,0,0,0,300,0,0,0,0
1969121241,10,14/10/1969,9,12,0,INDETERMINADO,2,1,50,0,0,0,600,0,0,0,0
1969291251,250,15/10/1969,4,29,0,INDETERMINADO,5,1,0,0,0,0,480,0,0,0,0
1969301264,50,16/10/1969,8,30,0,INDETERMINADO,5,1,0,0,0,0,120,0,0,0,0
1969361436,20,16/10/1969,3,36,0,INDETERMINADO,4,1,99,0,0,0,60,0,0,0,0
1969091271,20,17/10/1969,17,9,0,INDETERMINADO,4,1,99,0,0,0,300,0,0,0,0
1969491256,20,17/10/1969,17,49,0,INDETERMINADO,2,1,90,0,0,0,120,0,0,0,0
1969391262,25,18/10/1969,6,39,0,INDETERMINADO,4,1,99,0,0,0,180,0,0,0,1
1969391263,15,18/10/1969,6,39,0,INDETERMINADO,2,1,10,0,0,0,120,0,0,0,0
1969151279,80,20/10/1969,3,15,0,INDETERMINADO,5,1,0,0,0,0,240,0,0,0,0
1969271295,10,20/10/1969,3,27,0,INDETERMINADO,5,1,0,0,0,0,60,0,0,0,0
1969271296,20,24/10/1969,3,27,0,INDETERMINADO,5,1,0,0,0,0,240,0,0,0,1
1969361437,700,25/10/1969,3,36,0,INDETERMINADO,4,1,99,0,0,0,660,28,0,0,10
1969241294,80,26/10/1969,17,24,0,INDETERMINADO,5,1,0,0,0,0,240,32,0,0,1
1969331281,50,26/10/1969,5,33,0,INDETERMINADO,5,1,0,0,0,0,420,0,0,0,0
1969361450,40,28/10/1969,3,36,0,INDETERMINADO,5,1,0,0,0,0,180,0,0,0,1
1969321280,15,30/10/1969,3,32,0,INDETERMINADO,4,1,99,0,0,0,180,0,0,0,0
1969361451,10,30/10/1969,3,36,0,INDETERMINADO,5,1,0,0,0,0,179,0,0,0,0
1969091274,90,31/10/1969,17,9,0,INDETERMINADO,4,1,99,0,0,0,420,8,0,0,0
1969241314,10,31/10/1969,17,24,0,INDETERMINADO,2,1,20,0,0,0,60,0,0,0,0
1969251283,30,31/10/1969,2,25,0,INDETERMINADO,2,1,50,0,0,0,540,0,0,0,0
1969251302,20,31/10/1969,2,25,0,INDETERMINADO,2,1,50,0,0,0,420,0,0,0,0
1969251315,26,31/10/1969,2,25,0,INDETERMINADO,2,1,50,0,0,0,420,0,0,0,0
1969361452,20,01/11/1969,3,36,0,INDETERMINADO,5,1,0,0,0,0,179,0,0,0,0
1969331285,20,02/11/1969,5,33,0,INDETERMINADO,4,1,99,0,0,0,60,0,0,0,0
1969331286,60,02/11/1969,5,33,0,INDETERMINADO,4,1,99,0,0,0,180,0,0,0,0
1969361454,30,05/11/1969,3,36,0,INDETERMINADO,5,1,0,0,0,0,840,0,0,0,0
1969331282,220,06/11/1969,5,33,0,INDETERMINADO,2,1,40,0,0,0,960,0,0,0,0
1969331297,100,06/11/1969,5,33,0,INDETERMINADO,5,1,0,0,0,0,420,0,0,0,0
1969361455,15,06/11/1969,3,36,0,INDETERMINADO,5,1,0,0,0,0,120,0,0,0,0
1969391289,10,06/11/1969,6,39,0,INDETERMINADO,4,1,99,0,0,0,120,0,0,0,0
1969331299,10,07/11/1969,5,33,0,INDETERMINADO,5,1,0,0,0,0,120,0,0,0,0
1969331287,18,09/11/1969,5,33,0,INDETERMINADO,2,1,30,0,0,0,1200,0,0,0,0
1969331300,230,09/11/1969,5,33,0,INDETERMINADO,2,1,30,0,0,0,840,38,0,0,3
1969331288,30,10/11/1969,5,33,0,INDETERMINADO,5,1,0,0,0,0,840,0,0,0,0
1969391334,60,11/11/1969,6,39,0,INDETERMINADO,4,1,99,0,0,0,240,0,0,0,5
1969331344,70,23/11/1969,5,33,0,INDETERMINADO,5,1,0,0,0,0,540,14,0,0,10
1969081442,1000,02/12/1969,2,8,0,INDETERMINADO,5,1,0,0,0,0,540,85,7,0,5
1969171347,800,02/12/1969,2,17,0,INDETERMINADO,3,1,20,0,0,0,1140,222,2,0,0
1969121345,20,08/12/1969,9,12,0,INDETERMINADO,2,1,10,0,0,0,300,0,0,0,0
1969121346,40,08/12/1969,9,12,0,INDETERMINADO,2,1,40,0,0,0,420,0,0,0,0
1969051441,15,14/12/1969,17,5,0,INDETERMINADO,5,1,0,0,0,0,240,0,0,0,0
1969081353,180,15/12/1969,2,8,0,INDETERMINADO,5,1,0,0,0,0,1200,0,0,0,0
1969221439,20,20/12/1969,10,22,0,INDETERMINADO,5,1,0,0,0,0,60,0,0,0,0
1969251443,20,27/12/1969,2,25,0,INDETERMINADO,4,1,99,0,0,0,180,0,0,0,0
1970200001,50,08/01/1970,1,20,0,INDETERMINADO,3,1,20,0,0,0,240,25,1,0,8
1970200002,22,10/01/1970,1,20,0,INDETERMINADO,2,1,90,0,0,0,180,0,0,0,0
1970330084,250,10/01/1970,5,33,0,INDETERMINADO,5,1,0,0,0,0,1260,0,0,0,0
1970330011,50,13/01/1970,5,33,0,INDETERMINADO,5,1,0,0,0,0,240,0,0,0,0
1970390007,20,14/01/1970,6,39,0,INDETERMINADO,2,1,20,0,0,0,180,0,0,0,0
1970390008,20,14/01/1970,6,39,0,INDETERMINADO,4,1,99,0,0,0,119,0,0,0,0
1970390009,150,14/01/1970,6,39,0,INDETERMINADO,4,1,99,0,0,0,300,0,0,0,0
1970330088,30,17/01/1970,5,33,0,INDETERMINADO,5,1,0,0,0,0,1140,0,0,0,0
1970330086,100,19/01/1970,5,33,0,INDETERMINADO,5,1,0,0,0,0,300,0,0,0,0
1970390013,90,19/01/1970,6,39,0,INDETERMINADO,2,1,10,0,0,0,239,0,0,0,0
1970390014,40,19/01/1970,6,39,0,INDETERMINADO,2,1,20,0,0,0,359,0,0,0,0
1970390015,40,19/01/1970,6,39,0,INDETERMINADO,2,1,90,0,0,0,300,0,0,0,0
1970390016,70,19/01/1970,6,39,0,INDETERMINADO,4,1,99,0,0,0,180,0,0,0,1
1970390017,80,19/01/1970,6,39,0,INDETERMINADO,2,1,90,0,0,0,420,0,0,0,0
1970390058,670,19/01/1970,6,39,0,INDETERMINADO,2,1,10,0,0,0,960,103,0,0,11
1970390059,675,19/01/1970,6,39,0,INDETERMINADO,2,1,10,0,0,0,1140,103,0,0,14
1970330087,33,20/01/1970,5,33,0,INDETERMINADO,5,1,0,0,0,0,240,0,0,0,0
1970390024,16,20/01/1970,6,39,0,INDETERMINADO,2,1,90,0,0,0,120,0,0,0,0
1970330026,30,21/01/1970,5,33,0,INDETERMINADO,5,1,0,0,0,0,120,0,0,0,0
1970390028,800,21/01/1970,6,39,0,INDETERMINADO,4,1,99,0,0,0,660,50,0,0,0
1970330089,180,22/01/1970,5,33,0,INDETERMINADO,5,1,0,0,0,0,720,0,0,0,0
1970390018,120,22/01/1970,6,39,0,INDETERMINADO,4,1,99,0,0,0,240,0,0,0,0
1970390029,500,28/01/1970,6,39,0,INDETERMINADO,4,1,99,0,0,0,1380,0,0,0,0
1970390030,260,28/01/1970,6,39,0,INDETERMINADO,4,1,99,0,0,0,1380,0,0,0,0
1970200032,22,30/01/1970,1,20,0,INDETERMINADO,5,1,0,0,0,0,180,0,0,0,0
1970250036,40,03/02/1970,2,25,0,INDETERMINADO,2,1,20,0,0,0,479,0,0,0,0
1970330133,170,03/02/1970,5,33,0,INDETERMINADO,5,1,0,0,0,0,1560,25,0,0,5
1970080033,36,05/02/1970,2,8,0,INDETERMINADO,2,1,10,0,0,0,300,0,0,0,0
1970090038,14,08/02/1970,17,9,0,INDETERMINADO,5,1,0,0,0,0,179,0,0,0,0
1970260035,40,09/02/1970,7,26,0,INDETERMINADO,2,1,40,0,0,0,180,0,0,0,0
1970330090,40,09/02/1970,5,33,0,INDETERMINADO,5,1,0,0,0,0,360,0,0,0,0
1970120039,300,11/02/1970,9,12,0,INDETERMINADO,2,1,40,0,0,0,480,0,0,0,0
1970180034,20,11/02/1970,4,18,0,INDETERMINADO,2,1,10,0,0,0,120,0,0,0,0
1970330135,14,12/02/1970,5,33,0,INDETERMINADO,2,1,30,0,0,0,120,0,0,0,0
1970430074,60,17/02/1970,2,43,0,INDETERMINADO,2,1,50,0,0,0,120,0,0,0,0
1970430119,30,17/02/1970,2,43,0,INDETERMINADO,2,1,10,0,0,0,480,0,0,0,0
1970080046,10,18/02/1970,2,8,0,INDETERMINADO,2,1,10,0,0,0,60,0,0,0,0
1970080047,10,19/02/1970,2,8,0,INDETERMINADO,5,1,0,0,0,0,180,0,0,0,0
1970080048,250,19/02/1970,2,8,0,INDETERMINADO,2,1,10,0,0,0,240,40,5,0,0
1970250053,30,19/02/1970,2,25,0,INDETERMINADO,5,1,0,0,0,0,1020,0,0,0,0
1970080049,10,20/02/1970,2,8,0,INDETERMINADO,2,1,40,0,0,0,60,0,0,0,0
1970250054,40,20/02/1970,2,25,0,INDETERMINADO,2,1,50,0,0,0,240,0,0,0,0
1970430075,10,20/02/1970,2,43,0,INDETERMINADO,2,1,10,0,0,0,300,0,0,0,0
1970460361,35,20/02/1970,9,46,0,INDETERMINADO,2,1,50,0,0,0,360,0,0,0,0
1970250051,200,22/02/1970,2,25,0,INDETERMINADO,2,1,10,0,0,0,480,0,0,0,0
1970250056,65,22/02/1970,2,25,0,INDETERMINADO,2,1,50,0,0,0,180,0,0,0,0
1970260092,45,22/02/1970,7,26,0,INDETERMINADO,5,1,0,0,0,0,120,0,0,0,0
1970330136,40,22/02/1970,5,33,0,INDETERMINADO,4,1,99,0,0,0,180,0,0,0,0
1970330137,350,22/02/1970,5,33,0,INDETERMINADO,5,1,0,0,0,0,420,0,0,0,0
1970330138,120,22/02/1970,5,33,0,INDETERMINADO,5,1,0,0,0,0,540,0,0,0,0
1970100106,20,23/02/1970,14,10,0,INDETERMINADO,2,1,30,0,0,0,120,0,0,0,0
1970330139,280,23/02/1970,5,33,0,INDETERMINADO,4,1,99,0,0,0,240,20,0,0,17
1970080062,50,24/02/1970,2,8,0,INDETERMINADO,5,1,0,0,0,0,300,0,0,0,0
1970080063,25,24/02/1970,2,8,0,INDETERMINADO,2,1,10,0,0,0,180,0,0,0,0
1970080064,11,24/02/1970,2,8,0,INDETERMINADO,5,1,0,0,0,0,120,0,0,0,0
1970250057,100,24/02/1970,2,25,0,INDETERMINADO,2,1,50,0,0,0,240,0,0,0,0
1970430077,350,25/02/1970,2,43,0,INDETERMINADO,2,1,20,0,0,0,480,0,0,0,0
1970080066,15,26/02/1970,2,8,0,INDETERMINADO,5,1,0,0,0,0,60,0,0,0,0
1970080067,18,26/02/1970,2,8,0,INDETERMINADO,2,1,50,0,0,0,120,0,0,0,0
1970080068,"5,4E+016",26/02/1970,2,8,0,INDETERMINADO,2,1,30,0,0,0,180,33,1,0,1
1970290093,120,26/02/1970,4,29,0,INDETERMINADO,2,1,50,0,0,0,300,36,0,0,1
1970430078,50,26/02/1970,2,43,0,INDETERMINADO,2,1,90,0,0,0,240,0,0,0,0
1970080069,30,27/02/1970,2,8,0,INDETERMINADO,5,1,0,0,0,0,240,0,0,0,0
1970080070,920,28/02/1970,2,8,0,INDETERMINADO,5,1,0,0,0,0,1500,93,6,0,2
1970430079,40,28/02/1970,2,43,0,INDETERMINADO,2,1,10,0,0,0,180,0,0,0,0
1970080071,10,01/03/1970,2,8,0,INDETERMINADO,5,1,0,0,0,0,180,0,0,0,0
1970430080,50,01/03/1970,2,43,0,INDETERMINADO,2,1,40,0,0,0,420,0,0,0,3
1970170111,80,02/03/1970,2,17,0,INDETERMINADO,2,1,20,0,0,0,240,22,0,0,0
1970270146,10,02/03/1970,3,27,0,INDETERMINADO,5,1,0,0,0,0,60,0,0,0,0
1970030073,40,03/03/1970,9,3,0,INDETERMINADO,5,1,0,0,0,0,360,0,0,0,0
1970080083,355,04/03/1970,2,8,0,INDETERMINADO,5,1,0,0,0,0,420,124,9,0,2
1970080095,85,04/03/1970,2,8,0,INDETERMINADO,2,1,10,0,0,0,300,0,0,0,0
1970080096,12,04/03/1970,2,8,0,INDETERMINADO,2,1,10,0,0,0,120,0,0,0,0
1970320107,50,04/03/1970,3,32,0,INDETERMINADO,2,1,20,0,0,0,240,0,0,0,0
1970360161,150,04/03/1970,3,36,0,INDETERMINADO,4,1,99,0,0,0,1740,30,0,0,11
1970080099,27,05/03/1970,2,8,0,INDETERMINADO,5,1,0,0,0,0,239,0,0,0,0
1970360541,25,05/03/1970,3,36,0,INDETERMINADO,5,1,0,0,0,0,180,0,0,0,0
1970361222,100,05/03/1970,3,36,0,INDETERMINADO,5,1,0,0,0,0,480,0,0,0,0
1970080100,30,06/03/1970,2,8,0,INDETERMINADO,5,1,0,0,0,0,180,0,0,0,0
1970100132,10,06/03/1970,14,10,0,INDETERMINADO,2,1,30,0,0,0,360,0,0,0,0
1970363056,40,06/03/1970,3,36,0,INDETERMINADO,5,1,0,0,0,0,120,0,0,0,0
1970080101,"1,2E+016",07/03/1970,2,8,0,INDETERMINADO,2,1,10,0,0,0,300,0,0,0,0
1970361223,10,07/03/1970,3,36,0,INDETERMINADO,5,1,0,0,0,0,360,0,0,0,0
1970490121,20,07/03/1970,17,49,0,INDETERMINADO,5,1,0,0,0,0,60,0,0,0,0
1970150152,20,08/03/1970,3,15,0,INDETERMINADO,5,1,0,0,0,0,120,0,0,0,2
1970320108,10,08/03/1970,3,32,0,INDETERMINADO,2,1,40,0,0,0,120,0,0,0,0
1970340102,10,08/03/1970,17,34,0,INDETERMINADO,2,1,40,0,0,0,420,0,0,0,0
1970361150,30,08/03/1970,3,36,0,INDETERMINADO,2,1,40,0,0,0,180,0,0,0,0
1970220262,140,09/03/1970,10,22,0,INDETERMINADO,2,1,90,0,0,0,240,15,0,0,1
1970250112,40,09/03/1970,2,25,0,INDETERMINADO,2,1,40,0,0,0,420,0,0,0,0
1970360602,200,09/03/1970,3,36,0,INDETERMINADO,4,1,99,0,0,0,660,12,0,0,6
1970361151,10,09/03/1970,3,36,0,INDETERMINADO,5,1,0,0,0,0,60,0,0,0,0
1970270122,220,10/03/1970,3,27,0,INDETERMINADO,5,1,0,0,0,0,1080,0,0,0,0
1970361224,140,10/03/1970,3,36,0,INDETERMINADO,5,1,0,0,0,0,240,0,0,0,0
1970361225,20,10/03/1970,3,36,0,INDETERMINADO,5,1,0,0,0,0,240,0,0,0,0
1970361226,30,10/03/1970,3,36,0,INDETERMINADO,5,1,0,0,0,0,300,0,0,0,0
1970362513,10,10/03/1970,3,36,0,INDETERMINADO,5,1,0,0,0,0,60,0,0,0,0
1970490104,150,10/03/1970,17,49,0,INDETERMINADO,5,1,0,0,0,0,299,0,0,0,0
1970050109,600,11/03/1970,17,5,0,INDETERMINADO,2,1,20,0,0,0,240,0,0,0,0
1970240341,146,11/03/1970,17,24,0,INDETERMINADO,2,1,20,0,0,0,420,0,0,0,0
1970330157,50,11/03/1970,5,33,0,INDETERMINADO,3,1,20,0,0,0,180,0,0,0,1
1970360350,92,11/03/1970,3,36,0,INDETERMINADO,5,1,0,0,0,0,180,24,0,0,5
1970360560,10,11/03/1970,3,36,0,INDETERMINADO,5,1,0,0,0,0,300,0,0,0,0
1970361227,120,11/03/1970,3,36,0,INDETERMINADO,3,1,20,0,0,0,900,26,0,0,1
1970361228,100,11/03/1970,3,36,0,INDETERMINADO,5,1,0,0,0,0,300,0,0,0,0
1970361229,50,11/03/1970,3,36,0,INDETERMINADO,2,1,20,0,0,0,960,0,0,0,0
1970363057,10,11/03/1970,3,36,0,INDETERMINADO,5,1,0,0,0,0,175,0,0,0,0
1970240248,190,12/03/1970,17,24,0,INDETERMINADO,2,1,40,0,0,0,600,15,0,0,2
1970361230,20,12/03/1970,3,36,0,INDETERMINADO,5,1,0,0,0,0,300,0,0,0,0
1970362514,120,12/03/1970,3,36,0,INDETERMINADO,5,1,0,0,0,0,179,0,0,0,0
1970370131,40,12/03/1970,17,37,0,INDETERMINADO,4,1,99,0,0,0,419,0,0,0,0
1970490105,50,12/03/1970,17,49,0,INDETERMINADO,2,1,20,0,0,0,240,0,0,0,0
1970360351,100,13/03/1970,3,36,0,INDETERMINADO,4,1,99,0,0,0,120,15,0,0,9
1970361231,25,13/03/1970,3,36,0,INDETERMINADO,5,1,0,0,0,0,240,0,0,0,0
1970320113,150,14/03/1970,3,32,0,INDETERMINADO,4,1,99,0,0,0,420,18,0,0,4
1970361232,30,14/03/1970,3,36,0,INDETERMINADO,3,1,20,0,0,0,120,0,0,0,0
1970363058,10,14/03/1970,3,36,0,INDETERMINADO,5,1,0,0,0,0,420,0,0,0,0
1970320114,250,15/03/1970,3,32,0,INDETERMINADO,4,1,99,0,0,0,300,20,0,0,7
1970320115,100,15/03/1970,3,32,0,INDETERMINADO,4,1,99,0,0,0,179,10,0,0,4
1970320123,100,15/03/1970,3,32,0,INDETERMINADO,4,1,99,0,0,0,360,0,0,0,0
1970360542,250,15/03/1970,3,36,0,INDETERMINADO,4,1,99,0,0,0,180,11,0,0,4
1970360714,2800,15/03/1970,3,36,0,INDETERMINADO,4,1,99,0,0,0,1619,87,2,0,67
1970361152,200,15/03/1970,3,36,0,INDETERMINADO,5,1,0,0,0,0,360,0,0,0,0
1970361233,30,15/03/1970,3,36,0,INDETERMINADO,5,1,0,0,0,0,360,0,0,0,0
1970362762,45,15/03/1970,3,36,0,INDETERMINADO,4,1,99,0,0,0,240,0,0,0,0
1970050396,20,16/03/1970,17,5,0,INDETERMINADO,2,1,40,0,0,0,360,0,0,0,0
1970120165,26,16/03/1970,9,12,0,INDETERMINADO,2,1,40,0,0,0,120,0,0,0,0
1970220153,70,16/03/1970,10,22,0,INDETERMINADO,2,1,10,0,0,0,480,0,0,0,0
1970220292,300,16/03/1970,10,22,0,INDETERMINADO,5,1,0,0,0,0,300,5,0,0,4
1970250154,40,16/03/1970,2,25,0,INDETERMINADO,5,1,0,0,0,0,300,0,0,0,0
1970270172,50,16/03/1970,3,27,0,INDETERMINADO,5,1,0,0,0,0,540,0,0,0,0
1970361235,40,16/03/1970,3,36,0,INDETERMINADO,5,1,0,0,0,0,1320,0,0,0,0
1970361236,280,16/03/1970,3,36,0,INDETERMINADO,5,1,0,0,0,0,660,0,0,0,0
1970361237,40,16/03/1970,3,36,0,INDETERMINADO,5,1,0,0,0,0,1320,0,0,0,0
1970361239,20,16/03/1970,3,36,0,INDETERMINADO,5,1,0,0,0,0,119,0,0,0,0
1970363060,1030,16/03/1970,3,36,0,INDETERMINADO,4,1,99,0,0,0,1620,52,0,0,17
1970363061,480,16/03/1970,3,36,0,INDETERMINADO,4,1,99,0,0,0,600,24,0,0,9
1970363062,50,16/03/1970,3,36,0,INDETERMINADO,5,1,0,0,0,0,600,0,0,0,0
1970363063,25,16/03/1970,3,36,0,INDETERMINADO,4,1,99,0,0,0,240,0,0,0,0
1970363064,60,16/03/1970,3,36,0,INDETERMINADO,5,1,0,0,0,0,240,19,0,0,3
1970430118,10,16/03/1970,2,43,0,INDETERMINADO,2,1,10,0,0,0,120,0,0,0,0
1970150245,30,17/03/1970,3,15,0,INDETERMINADO,5,1,0,0,0,0,120,0,0,0,0
1970220177,10,17/03/1970,10,22,0,INDETERMINADO,2,1,10,0,0,0,240,0,0,0,0
1970250155,20,17/03/1970,2,25,0,INDETERMINADO,2,1,40,0,0,0,240,0,0,0,0
1970320124,10,17/03/1970,3,32,0,INDETERMINADO,2,1,20,0,0,0,55,0,0,0,0
1970320125,30,17/03/1970,3,32,0,INDETERMINADO,2,1,20,0,0,0,180,0,0,0,0
1970320126,150,17/03/1970,3,32,0,INDETERMINADO,2,1,20,0,0,0,240,0,0,0,0
1970362515,180,17/03/1970,3,36,0,INDETERMINADO,5,1,0,0,0,0,420,0,0,0,0
1970363065,20,17/03/1970,3,36,0,INDETERMINADO,5,1,0,0,0,0,360,0,0,0,0
1970363066,10,17/03/1970,3,36,0,INDETERMINADO,5,1,0,0,0,0,180,0,0,0,0
1970050179,87,18/03/1970,17,5,0,INDETERMINADO,2,1,40,0,0,0,300,144,0,0,1
1970160171,25,18/03/1970,11,16,0,INDETERMINADO,2,1,10,0,0,0,120,0,0,0,0
1970320127,40,18/03/1970,3,32,0,INDETERMINADO,4,1,99,0,0,0,120,0,0,0,1
1970320128,85,18/03/1970,3,32,0,INDETERMINADO,4,1,99,0,0,0,180,0,0,0,0
1970320140,600,18/03/1970,3,32,0,INDETERMINADO,2,1,20,0,0,0,300,71,0,0,0
1970490159,780,18/03/1970,17,49,0,INDETERMINADO,2,1,20,0,0,0,480,30,0,0,2
1970031414,700,19/03/1970,9,3,0,INDETERMINADO,5,1,0,0,0,0,1260,69,0,0,5
1970050142,60,19/03/1970,17,5,0,INDETERMINADO,5,1,0,0,0,0,240,25,0,0,1
1970080148,40,19/03/1970,2,8,0,INDETERMINADO,2,1,10,0,0,0,300,0,0,0,0
1970080149,13,19/03/1970,2,8,0,INDETERMINADO,3,1,10,0,0,0,300,0,0,0,0
1970320129,183,19/03/1970,3,32,0,INDETERMINADO,4,1,99,0,0,0,180,69,1,0,15
1970320130,20,19/03/1970,3,32,0,INDETERMINADO,4,1,99,0,0,0,120,0,0,0,0
1970430120,15,19/03/1970,2,43,0,INDETERMINADO,2,1,10,0,0,0,240,0,0,0,0
1970490160,70,19/03/1970,17,49,0,INDETERMINADO,2,1,20,0,0,0,180,0,0,0,0
1970070143,35,20/03/1970,15,7,0,INDETERMINADO,2,1,20,0,0,0,360,0,0,0,0
1970320141,290,20/03/1970,3,32,0,INDETERMINADO,2,1,20,0,0,0,540,0,0,0,0
1970361240,10,20/03/1970,3,36,0,INDETERMINADO,5,1,0,0,0,0,59,0,0,0,0
1970361241,10,20/03/1970,3,36,0,INDETERMINADO,2,1,10,0,0,0,60,0,0,0,0
1970361242,10,20/03/1970,3,36,0,INDETERMINADO,5,1,0,0,0,0,120,0,0,0,0
1970090180,24,21/03/1970,17,9,0,INDETERMINADO,4,1,99,0,0,0,180,0,0,6,0
1970250144,10,21/03/1970,2,25,0,INDETERMINADO,2,1,40,0,0,0,180,0,0,0,0
1970250145,30,21/03/1970,2,25,0,INDETERMINADO,2,1,10,0,0,0,240,0,0,0,0
1970420174,180,21/03/1970,17,42,0,INDETERMINADO,5,1,0,0,0,0,240,0,0,0,0
1970430147,1000,21/03/1970,2,43,0,INDETERMINADO,5,1,0,0,0,0,1080,55,0,0,5
1970460395,200,21/03/1970,9,46,0,INDETERMINADO,2,1,20,0,0,0,180,27,0,0,4
1970110176,190,23/03/1970,4,11,0,INDETERMINADO,2,1,30,0,0,0,180,0,0,0,0
1970230221,70,23/03/1970,4,23,0,INDETERMINADO,2,1,10,0,0,0,120,0,0,0,0
1970210195,40,24/03/1970,4,21,0,INDETERMINADO,4,1,99,0,0,0,240,0,0,0,1
1970170218,20,25/03/1970,2,17,0,INDETERMINADO,5,1,0,0,0,0,120,0,0,0,0
1970170219,30,26/03/1970,2,17,0,INDETERMINADO,5,1,0,0,0,0,180,0,0,0,0
1970360352,40,26/03/1970,3,36,0,INDETERMINADO,4,1,99,0,0,0,120,0,0,0,1
1970122326,60,27/03/1970,9,12,0,INDETERMINADO,2,1,50,0,0,0,240,0,0,0,0
1970250251,95,28/03/1970,2,25,0,INDETERMINADO,5,1,0,0,0,0,480,0,0,0,1
1970330173,20,28/03/1970,5,33,0,INDETERMINADO,4,1,99,0,0,0,60,0,0,0,0
1970330216,10,28/03/1970,5,33,0,INDETERMINADO,5,1,0,0,0,0,60,0,0,0,0
1970361243,40,28/03/1970,3,36,0,INDETERMINADO,4,1,99,0,0,0,240,0,0,0,0
1970260222,15,29/03/1970,7,26,0,INDETERMINADO,2,1,50,0,0,0,120,0,0,0,0
1970270277,110,29/03/1970,3,27,0,INDETERMINADO,2,1,40,0,0,0,180,32,0,0,11
1970320168,30,29/03/1970,3,32,0,INDETERMINADO,4,1,99,0,0,0,600,0,0,0,0
1970330169,160,29/03/1970,5,33,0,INDETERMINADO,5,1,0,0,0,0,660,0,0,0,0
1970360353,10,29/03/1970,3,36,0,INDETERMINADO,4,1,99,0,0,0,60,0,0,0,0
1970363067,20,29/03/1970,3,36,0,INDETERMINADO,5,1,0,0,0,0,180,0,0,0,1
1970370158,30,29/03/1970,17,37,0,INDETERMINADO,5,1,0,0,0,0,120,0,0,0,0
1970420175,480,29/03/1970,17,42,0,INDETERMINADO,2,1,40,0,0,0,540,0,0,0,0
1970360354,60,30/03/1970,3,36,0,INDETERMINADO,4,1,99,0,0,0,60,27,0,0,3
1970390189,20,30/03/1970,6,39,0,INDETERMINADO,4,1,99,0,0,0,120,0,0,0,0
1970340170,20,01/04/1970,17,34,0,INDETERMINADO,2,1,40,0,0,0,60,0,0,0,0
1970080182,25,02/04/1970,2,8,0,INDETERMINADO,5,1,0,0,0,0,240,0,0,0,0
1970250178,50,02/04/1970,2,25,0,INDETERMINADO,2,1,30,0,0,0,780,0,0,0,0
1970250185,50,02/04/1970,2,25,0,INDETERMINADO,2,1,50,0,0,0,120,0,0,0,0
1970330346,200,02/04/1970,5,33,0,INDETERMINADO,5,1,0,0,0,0,900,0,0,0,0
1970363069,250,02/04/1970,3,36,0,INDETERMINADO,5,1,0,0,0,0,240,30,0,0,10
1970080183,80,03/04/1970,2,8,0,INDETERMINADO,5,1,0,0,0,0,240,0,0,0,0
1970270311,30,03/04/1970,3,27,0,INDETERMINADO,5,1,0,0,0,0,180,0,0,0,0
1970270312,160,03/04/1970,3,27,0,INDETERMINADO,5,1,0,0,0,0,240,0,0,0,0
1970320197,350,03/04/1970,3,32,0,INDETERMINADO,4,1,99,0,0,0,360,0,0,0,0
1970390199,15,03/04/1970,6,39,0,INDETERMINADO,2,1,20,0,0,0,180,0,0,0,0
1970390200,20,03/04/1970,6,39,0,INDETERMINADO,4,1,99,0,0,0,300,0,0,0,0
1970420202,25,03/04/1970,17,42,0,INDETERMINADO,2,1,10,0,0,0,180,0,0,0,0
1970420203,170,03/04/1970,17,42,0,INDETERMINADO,5,1,0,0,0,0,120,90,0,0,0
1970500206,30,03/04/1970,10,50,0,INDETERMINADO,2,1,10,0,0,0,240,0,0,0,0
1970100194,10,04/04/1970,14,10,0,INDETERMINADO,2,1,30,0,0,0,180,0,0,0,0
1970150246,30,04/04/1970,3,15,0,INDETERMINADO,5,1,0,0,0,0,300,0,0,0,0
1970240209,60,04/04/1970,17,24,0,INDETERMINADO,2,1,30,0,0,0,240,0,0,0,0
1970250186,10,04/04/1970,2,25,0,INDETERMINADO,2,1,40,0,0,0,180,0,0,0,0
1970050379,110,05/04/1970,17,5,0,INDETERMINADO,2,1,10,0,0,0,240,33,0,0,4
1970080191,70,05/04/1970,2,8,0,INDETERMINADO,2,1,30,0,0,0,240,0,0,0,0
1970150247,80,05/04/1970,3,15,0,INDETERMINADO,2,1,50,0,0,0,300,0,0,0,0
1970170220,10,05/04/1970,2,17,0,INDETERMINADO,5,1,0,0,0,0,120,0,0,0,0
1970240196,750,05/04/1970,17,24,0,INDETERMINADO,2,1,20,0,0,0,780,6,0,0,12
1970250187,40,05/04/1970,2,25,0,INDETERMINADO,2,1,20,0,0,0,480,0,0,0,0
1970270550,80,05/04/1970,3,27,0,INDETERMINADO,2,1,40,0,0,0,180,0,0,0,0
1970320198,800,05/04/1970,3,32,0,INDETERMINADO,2,1,20,0,0,0,960,0,0,0,0
1970330188,70,05/04/1970,5,33,0,INDETERMINADO,5,1,0,0,0,0,480,0,0,0,0
1970360355,10,05/04/1970,3,36,0,INDETERMINADO,2,1,90,0,0,0,180,0,0,0,0
1970360565,30,05/04/1970,3,36,0,INDETERMINADO,5,1,0,0,0,0,180,0,0,0,0
1970360715,20,05/04/1970,3,36,0,INDETERMINADO,5,1,0,0,0,0,180,0,0,0,0
1970361244,10,05/04/1970,3,36,0,INDETERMINADO,5,1,0,0,0,0,180,0,0,0,0
1970362765,15,05/04/1970,3,36,0,INDETERMINADO,4,1,99,0,0,0,240,0,0,0,0
1970363071,30,05/04/1970,3,36,0,INDETERMINADO,4,1,99,0,0,0,120,0,0,0,0
1970363072,25,05/04/1970,3,36,0,INDETERMINADO,5,1,0,0,0,0,60,0,0,0,0
1970390201,10,05/04/1970,6,39,0,INDETERMINADO,4,1,99,0,0,0,120,0,0,0,0
1970490190,300,05/04/1970,17,49,0,INDETERMINADO,5,1,0,0,0,0,240,0,0,0,0
1970080192,15,06/04/1970,2,8,0,INDETERMINADO,5,1,0,0,0,0,300,0,0,0,0
1970240210,80,06/04/1970,17,24,0,INDETERMINADO,2,1,50,0,0,0,300,0,0,0,0
1970240249,90,06/04/1970,17,24,0,INDETERMINADO,5,1,0,0,0,0,660,0,0,0,1
1970240366,100,06/04/1970,17,24,0,INDETERMINADO,3,1,40,0,0,0,420,0,0,0,0
1970320293,400,06/04/1970,3,32,0,INDETERMINADO,2,1,30,0,0,0,780,0,0,0,0
1970330212,35,06/04/1970,5,33,0,INDETERMINADO,5,1,0,0,0,0,120,0,0,0,0
1970361245,120,06/04/1970,3,36,0,INDETERMINADO,5,1,0,0,0,0,240,0,0,0,0
1970361246,10,06/04/1970,3,36,0,INDETERMINADO,5,1,0,0,0,0,120,0,0,0,0
1970362766,20,06/04/1970,3,36,0,INDETERMINADO,5,1,0,0,0,0,120,0,0,0,0
1970363073,15,06/04/1970,3,36,0,INDETERMINADO,5,1,0,0,0,0,60,0,0,0,0
1970240250,400,07/04/1970,17,24,0,INDETERMINADO,5,1,0,0,0,0,600,0,0,0,0
1970320211,180,07/04/1970,3,32,0,INDETERMINADO,2,1,20,0,0,0,540,62,0,0,6
1970361247,15,07/04/1970,3,36,0,INDETERMINADO,5,1,0,0,0,0,120,0,0,0,0
1970361248,20,07/04/1970,3,36,0,INDETERMINADO,2,1,40,0,0,0,240,0,0,0,0
1970100319,50,08/04/1970,14,10,0,INDETERMINADO,2,1,50,0,0,0,120,0,0,0,0
1970362516,10,08/04/1970,3,36,0,INDETERMINADO,5,1,0,0,0,0,180,0,0,0,0
1970420205,90,09/04/1970,17,42,0,INDETERMINADO,2,1,40,0,0,0,300,0,0,0,0
1970030519,400,11/04/1970,9,3,0,INDETERMINADO,2,1,50,0,0,0,360,57,1,0,11
1970440269,20,11/04/1970,10,44,0,INDETERMINADO,2,1,40,0,0,0,240,0,0,0,0
1970240231,15,12/04/1970,17,24,0,INDETERMINADO,2,1,40,0,0,0,120,0,0,0,0
1970370253,20,12/04/1970,17,37,0,INDETERMINADO,2,1,50,0,0,0,120,0,0,0,0
1970090208,49,14/04/1970,17,9,0,INDETERMINADO,4,1,99,0,0,0,420,0,0,0,0
1970390235,40,14/04/1970,6,39,0,INDETERMINADO,4,1,99,0,0,0,300,0,0,0,0
1970420243,20,14/04/1970,17,42,0,INDETERMINADO,2,1,20,0,0,0,120,0,0,0,0
1970170272,40,15/04/1970,2,17,0,INDETERMINADO,2,1,30,0,0,0,60,0,0,0,0
1970320223,450,15/04/1970,3,32,0,INDETERMINADO,4,1,99,0,0,0,540,0,0,0,0
1970320280,10,15/04/1970,3,32,0,INDETERMINADO,4,1,99,0,0,0,240,0,0,0,0
1970330264,100,15/04/1970,5,33,0,INDETERMINADO,5,1,0,0,0,0,420,0,0,0,0
1970330265,220,15/04/1970,5,33,0,INDETERMINADO,5,1,0,0,0,0,720,0,0,0,0
1970330284,25,15/04/1970,5,33,0,INDETERMINADO,2,1,10,0,0,0,420,0,0,0,0
1970330294,240,15/04/1970,5,33,0,INDETERMINADO,5,1,0,0,0,0,840,0,0,0,0
1970330314,70,15/04/1970,5,33,0,INDETERMINADO,5,1,0,0,0,0,1020,0,0,0,0
1970370254,30,15/04/1970,17,37,0,INDETERMINADO,2,1,50,0,0,0,180,0,0,0,0
1970390237,300,15/04/1970,6,39,0,INDETERMINADO,4,1,99,0,0,0,1380,0,0,0,0
1970390238,20,15/04/1970,6,39,0,INDETERMINADO,4,1,99,0,0,0,180,0,0,0,0
1970390239,50,15/04/1970,6,39,0,INDETERMINADO,4,1,99,0,0,0,300,0,0,0,0
1970390240,10,15/04/1970,6,39,0,INDETERMINADO,4,1,99,0,0,0,120,0,0,0,0
1970390329,60,15/04/1970,6,39,0,INDETERMINADO,4,1,99,0,0,0,240,0,0,0,0
1970420256,63,15/04/1970,17,42,0,INDETERMINADO,2,1,30,0,0,0,180,57,0,0,0
1970420257,171,15/04/1970,17,42,0,INDETERMINADO,5,1,0,0,0,0,420,0,0,0,0
1970090380,375,16/04/1970,17,9,0,INDETERMINADO,2,1,20,0,0,0,540,69,0,0,2
1970200226,30,16/04/1970,1,20,0,INDETERMINADO,2,1,30,0,0,0,240,0,0,0,0
1970200364,28,16/04/1970,1,20,0,INDETERMINADO,2,1,20,0,0,0,60,0,0,0,0
1970270278,40,16/04/1970,3,27,0,INDETERMINADO,5,1,0,0,0,0,420,0,0,0,0
1970320281,300,16/04/1970,3,32,0,INDETERMINADO,2,1,20,0,0,0,540,0,0,0,0
1970330295,20,16/04/1970,5,33,0,INDETERMINADO,5,1,0,0,0,0,300,0,0,0,0
1970330296,400,16/04/1970,5,33,0,INDETERMINADO,4,1,99,0,0,0,240,0,0,0,0
1970390241,45,16/04/1970,6,39,0,INDETERMINADO,4,1,99,0,0,0,540,0,0,0,0
1970390330,180,16/04/1970,6,39,0,INDETERMINADO,4,1,99,0,0,0,1320,0,0,0,0
1970500337,30,16/04/1970,10,50,0,INDETERMINADO,2,1,40,0,0,0,300,0,0,0,0
1970090320,260,17/04/1970,17,9,0,INDETERMINADO,5,1,0,0,0,0,780,0,0,0,0
1970150261,600,17/04/1970,3,15,0,INDETERMINADO,2,1,20,0,0,0,540,62,0,0,2
1970200227,20,17/04/1970,1,20,0,INDETERMINADO,5,1,0,0,0,0,120,0,0,0,0
1970220549,2300,17/04/1970,10,22,0,INDETERMINADO,2,1,20,0,0,0,1260,38,0,0,3
1970250309,10,17/04/1970,2,25,0,INDETERMINADO,5,1,0,0,0,0,120,0,0,0,0
1970270279,10,17/04/1970,3,27,0,INDETERMINADO,2,1,10,0,0,0,540,0,0,0,0
1970270486,210,17/04/1970,3,27,0,INDETERMINADO,4,1,99,0,0,0,420,0,0,0,0
1970270551,40,17/04/1970,3,27,0,INDETERMINADO,2,1,30,0,0,0,360,0,0,0,0
1970270552,50,17/04/1970,3,27,0,INDETERMINADO,2,1,30,0,0,0,360,0,0,0,0
1970320234,30,17/04/1970,3,32,0,INDETERMINADO,2,1,50,0,0,0,180,0,0,0,0
1970320282,800,17/04/1970,3,32,0,INDETERMINADO,2,1,20,0,0,0,720,50,0,0,0
1970330258,2670,17/04/1970,5,33,0,INDETERMINADO,5,1,0,0,0,0,2280,22,0,0,4
1970330285,150,17/04/1970,5,33,0,INDETERMINADO,2,1,30,0,0,0,780,0,0,0,0
1970330286,30,17/04/1970,5,33,0,INDETERMINADO,5,1,0,0,0,0,600,0,0,0,0
1970330297,200,17/04/1970,5,33,0,INDETERMINADO,5,1,0,0,0,0,720,0,0,0,0
1970330315,200,17/04/1970,5,33,0,INDETERMINADO,5,1,0,0,0,0,1380,0,0,0,0
1970330316,70,17/04/1970,5,33,0,INDETERMINADO,5,1,0,0,0,0,120,0,0,0,0
1970330323,30,17/04/1970,5,33,0,INDETERMINADO,2,1,50,0,0,0,720,0,0,0,0
1970330347,40,17/04/1970,5,33,0,INDETERMINADO,5,1,0,0,0,0,120,0,0,0,0
1970390331,45,17/04/1970,6,39,0,INDETERMINADO,4,1,99,0,0,0,480,0,0,0,0
1970390332,250,17/04/1970,6,39,0,INDETERMINADO,4,1,99,0,0,0,1260,0,0,0,0
1970390333,190,17/04/1970,6,39,0,INDETERMINADO,4,1,99,0,0,0,720,0,0,0,0
1970390334,20,17/04/1970,6,39,0,INDETERMINADO,4,1,99,0,0,0,60,0,0,0,0
1970390335,170,17/04/1970,6,39,0,INDETERMINADO,4,1,99,0,0,0,600,0,0,0,0
1970390336,140,17/04/1970,6,39,0,INDETERMINADO,4,1,99,0,0,0,300,0,0,0,0
1970390382,300,17/04/1970,6,39,0,INDETERMINADO,4,1,99,0,0,0,780,0,0,0,0
1970490270,20,17/04/1970,17,49,0,INDETERMINADO,5,1,0,0,0,0,120,0,0,0,0
1970500338,20,17/04/1970,10,50,0,INDETERMINADO,2,1,40,0,0,0,180,0,0,0,0
1970080259,30,18/04/1970,2,8,0,INDETERMINADO,2,1,90,0,0,0,180,0,0,0,0
1970090321,50,18/04/1970,17,9,0,INDETERMINADO,5,1,0,0,0,0,360,0,0,0,0
1970240342,40,18/04/1970,17,24,0,INDETERMINADO,5,1,0,0,0,0,359,0,0,0,0
1970240368,10,18/04/1970,17,24,0,INDETERMINADO,2,1,20,0,0,0,180,0,0,0,0
1970270313,200,18/04/1970,3,27,0,INDETERMINADO,4,1,99,0,0,0,480,0,0,0,0
1970270553,70,18/04/1970,3,27,0,INDETERMINADO,5,1,0,0,0,0,180,0,0,0,0
1970270554,170,18/04/1970,3,27,0,INDETERMINADO,5,1,0,0,0,0,359,0,0,0,0
1970270555,150,18/04/1970,3,27,0,INDETERMINADO,5,1,0,0,0,0,300,0,0,0,0
1970270556,10,18/04/1970,3,27,0,INDETERMINADO,2,1,30,0,0,0,300,0,0,0,0
1970320283,100,18/04/1970,3,32,0,INDETERMINADO,2,1,20,0,0,0,300,0,0,0,1
1970330287,30,18/04/1970,5,33,0,INDETERMINADO,5,1,0,0,0,0,240,0,0,0,0
1970330317,60,18/04/1970,5,33,0,INDETERMINADO,5,1,0,0,0,0,180,0,0,0,0
1970361250,35,18/04/1970,3,36,0,INDETERMINADO,2,1,50,0,0,0,180,0,0,0,0
1970370255,10,18/04/1970,17,37,0,INDETERMINADO,2,1,50,0,0,0,120,0,0,0,0
1970390356,60,18/04/1970,6,39,0,INDETERMINADO,4,1,99,0,0,0,240,0,0,0,0
1970390357,30,18/04/1970,6,39,0,INDETERMINADO,4,1,99,0,0,0,180,0,0,0,0
1970390358,600,18/04/1970,6,39,0,INDETERMINADO,4,1,99,0,0,0,900,17,0,0,0
1970490301,2090,18/04/1970,17,49,0,INDETERMINADO,5,1,0,0,0,0,420,92,0,0,1
1970240276,40,19/04/1970,17,24,0,INDETERMINADO,2,1,10,0,0,0,240,0,0,0,0
1970240343,20,19/04/1970,17,24,0,INDETERMINADO,2,1,40,0,0,0,180,0,0,0,0
1970240369,20,19/04/1970,17,24,0,INDETERMINADO,5,1,0,0,0,0,540,0,0,0,0
1970420268,15,19/04/1970,17,42,0,INDETERMINADO,5,1,0,0,0,0,360,0,0,0,0
1970490386,680,19/04/1970,17,49,0,INDETERMINADO,2,1,20,0,0,0,300,73,0,0,17
1970050303,10,20/04/1970,17,5,0,INDETERMINADO,2,1,40,0,0,0,60,0,0,0,0
1970120339,15,20/04/1970,9,12,0,INDETERMINADO,2,1,50,0,0,0,300,0,0,0,0
1970170274,80,20/04/1970,2,17,0,INDETERMINADO,5,1,0,0,0,0,360,16,0,0,0
1970430291,10,20/04/1970,2,43,0,INDETERMINADO,2,1,10,0,0,0,240,0,0,0,0
1970490271,50,20/04/1970,17,49,0,INDETERMINADO,5,1,0,0,0,0,479,0,0,0,0
1970080410,19,21/04/1970,2,8,0,INDETERMINADO,5,1,0,0,0,0,60,0,0,0,0
1970080411,40,21/04/1970,2,8,0,INDETERMINADO,5,1,0,0,0,0,360,0,0,0,0
1970080412,15,21/04/1970,2,8,0,INDETERMINADO,5,1,0,0,0,0,120,0,0,0,0
1970080478,19,21/04/1970,2,8,0,INDETERMINADO,5,1,0,0,0,0,60,0,0,0,0
1970120260,20,21/04/1970,9,12,0,INDETERMINADO,3,1,20,0,0,0,300,0,0,0,0
1970170275,40,21/04/1970,2,17,0,INDETERMINADO,5,1,0,0,0,0,360,0,0,0,0
1970240344,40,21/04/1970,17,24,0,INDETERMINADO,4,1,99,0,0,0,360,8,0,0,0
1970050304,10,22/04/1970,17,5,0,INDETERMINADO,5,1,0,0,0,0,180,0,0,0,0
1970080416,15,22/04/1970,2,8,0,INDETERMINADO,3,1,30,0,0,0,240,0,0,0,0
1970120405,340,22/04/1970,9,12,0,INDETERMINADO,2,1,40,0,0,0,900,0,0,0,0
1970250310,360,22/04/1970,2,25,0,INDETERMINADO,2,1,20,0,0,0,480,0,0,0,0
1970250393,80,22/04/1970,2,25,0,INDETERMINADO,2,1,20,0,0,0,360,14,0,0,3
1970270620,400,22/04/1970,3,27,0,INDETERMINADO,3,1,20,0,0,0,540,210,0,0,6
1970390359,10,22/04/1970,6,39,0,INDETERMINADO,2,1,10,0,0,0,120,0,0,0,0
1970080307,1450,23/04/1970,2,8,0,INDETERMINADO,3,1,40,0,0,0,840,455,9,0,0
1970330288,1001,23/04/1970,5,33,0,INDETERMINADO,5,1,0,0,0,0,480,16,0,0,1
1970330325,120,23/04/1970,5,33,0,INDETERMINADO,2,1,30,0,0,0,300,0,0,0,0
1970390360,10,23/04/1970,6,39,0,INDETERMINADO,4,1,99,0,0,0,240,0,0,0,0
1970390582,250,23/04/1970,6,39,0,INDETERMINADO,5,1,0,0,0,0,540,18,0,0,3
1970050305,400,24/04/1970,17,5,0,INDETERMINADO,5,1,0,0,0,0,360,0,0,0,0
1970080418,28,24/04/1970,2,8,0,INDETERMINADO,5,1,0,0,0,0,240,0,0,0,0
1970270621,40,24/04/1970,3,27,0,INDETERMINADO,3,1,20,0,0,0,120,0,0,0,1
1970330326,20,24/04/1970,5,33,0,INDETERMINADO,5,1,0,0,0,0,240,0,0,0,0
1970330348,25,24/04/1970,5,33,0,INDETERMINADO,5,1,0,0,0,0,420,0,0,0,0
1970430427,20,24/04/1970,2,43,0,INDETERMINADO,2,1,10,0,0,0,420,0,0,0,0
1970080419,40,25/04/1970,2,8,0,INDETERMINADO,2,1,30,0,0,0,180,0,0,0,0
1970090308,35,25/04/1970,17,9,0,INDETERMINADO,4,1,99,0,0,0,120,0,0,0,0
1970230407,60,25/04/1970,4,23,0,INDETERMINADO,2,1,40,0,0,0,360,0,0,0,0
1970330266,10,25/04/1970,5,33,0,INDETERMINADO,5,1,0,0,0,0,60,0,0,0,0
1970080420,11,26/04/1970,2,8,0,INDETERMINADO,2,1,50,0,0,0,240,0,0,0,0
1970080421,30,26/04/1970,2,8,0,INDETERMINADO,5,1,0,0,0,0,300,0,0,0,0
1970090322,400,26/04/1970,17,9,0,INDETERMINADO,5,1,0,0,0,0,479,0,0,0,0
1970440391,30,26/04/1970,10,44,0,INDETERMINADO,2,1,90,0,0,0,179,0,0,0,0
1970460362,40,26/04/1970,9,46,0,INDETERMINADO,2,1,90,0,0,0,300,0,0,0,0
1970290425,3300,27/04/1970,4,29,0,INDETERMINADO,5,1,0,0,0,0,3840,827,0,0,60
1970390383,350,27/04/1970,6,39,0,INDETERMINADO,4,1,99,0,0,0,540,0,0,0,0
1970220406,20,28/04/1970,10,22,0,INDETERMINADO,5,1,0,0,0,0,240,0,0,0,0
1970430373,2500,28/04/1970,2,43,0,INDETERMINADO,1,1,0,0,0,0,1860,159,0,0,6
1970080423,22,29/04/1970,2,8,0,INDETERMINADO,2,1,40,0,0,0,240,0,0,0,0
1970250345,10,29/04/1970,2,25,0,INDETERMINADO,2,1,50,0,0,0,180,0,0,0,0
1970320371,400,30/04/1970,3,32,0,INDETERMINADO,2,1,20,0,0,0,300,20,0,0,1
1970360543,20,30/04/1970,3,36,0,INDETERMINADO,4,1,99,0,0,0,179,0,0,0,0
1970360608,20,30/04/1970,3,36,0,INDETERMINADO,4,1,99,0,0,0,300,0,0,0,0
1970360609,250,30/04/1970,3,36,0,INDETERMINADO,4,1,99,0,0,0,300,8,0,0,9
1970190340,10,01/05/1970,11,19,0,INDETERMINADO,2,1,50,0,0,0,180,0,0,0,0
1970240441,450,01/05/1970,17,24,0,INDETERMINADO,5,1,0,0,0,0,2520,15,0,0,4
1970250370,35,01/05/1970,2,25,0,INDETERMINADO,2,1,50,0,0,0,180,0,0,0,0
1970363075,10,01/05/1970,3,36,0,INDETERMINADO,2,1,50,0,0,0,180,0,0,0,0
1970460363,10,01/05/1970,9,46,0,INDETERMINADO,2,1,50,0,0,0,120,0,0,0,0
1970150424,30,02/05/1970,3,15,0,INDETERMINADO,2,1,10,0,0,0,180,0,0,0,0
1970240442,1400,02/05/1970,17,24,0,INDETERMINADO,5,1,0,0,0,0,1560,15,0,0,6
1970260408,50,02/05/1970,7,26,0,INDETERMINADO,4,1,99,0,0,0,300,0,0,0,0
1970270622,50,02/05/1970,3,27,0,INDETERMINADO,5,1,0,0,0,0,1920,0,0,0,0
1970340328,120,02/05/1970,17,34,0,INDETERMINADO,2,1,50,0,0,0,240,0,0,0,0
1970363076,70,02/05/1970,3,36,0,INDETERMINADO,5,1,0,0,0,0,540,14,0,0,1
1970430377,50,02/05/1970,2,43,0,INDETERMINADO,2,1,10,0,0,0,240,0,0,0,0
1970080432,10,03/05/1970,2,8,0,INDETERMINADO,5,1,0,0,0,0,120,0,0,0,0
1970200468,450,03/05/1970,1,20,0,INDETERMINADO,5,1,0,0,0,0,540,23,0,0,8
1970270435,20,03/05/1970,3,27,0,INDETERMINADO,1,1,0,0,0,0,60,0,0,0,0
1970270623,50,03/05/1970,3,27,0,INDETERMINADO,1,1,0,0,0,0,600,0,0,0,0
1970320372,350,03/05/1970,3,32,0,INDETERMINADO,2,1,90,0,0,0,540,13,0,0,4
1970330444,20,03/05/1970,5,33,0,INDETERMINADO,1,1,0,0,0,0,180,0,0,0,0
1970340349,40,03/05/1970,17,34,0,INDETERMINADO,2,1,40,0,0,0,300,0,0,0,0
1970390384,80,03/05/1970,6,39,0,INDETERMINADO,4,1,99,0,0,0,420,0,0,0,0
1970090387,500,04/05/1970,17,9,0,INDETERMINADO,2,1,20,0,0,0,770,109,0,0,0
1970390385,40,04/05/1970,6,39,0,INDETERMINADO,4,1,99,0,0,0,359,0,0,0,0
1970470450,40,04/05/1970,17,47,0,INDETERMINADO,2,1,30,0,0,0,60,0,0,0,0
1970170398,20,05/05/1970,2,17,0,INDETERMINADO,5,1,0,0,0,0,300,0,0,0,0
1970330394,20,08/05/1970,5,33,0,INDETERMINADO,5,1,0,0,0,0,180,0,0,0,0
1970390467,16,10/05/1970,6,39,0,INDETERMINADO,4,1,99,0,0,0,180,0,0,0,2
1970390455,680,12/05/1970,6,39,0,INDETERMINADO,3,1,30,0,0,0,1500,65,0,0,4
1970200469,15,13/05/1970,1,20,0,INDETERMINADO,5,1,0,0,0,0,120,0,0,0,0
1970390456,20,13/05/1970,6,39,0,INDETERMINADO,4,1,99,0,0,0,180,0,0,0,0
1970390525,63,13/05/1970,6,39,0,INDETERMINADO,4,1,99,0,0,0,360,30,0,0,4
1970020429,40,14/05/1970,11,2,0,INDETERMINADO,2,1,50,0,0,0,180,0,0,0,0
1970200470,280,14/05/1970,1,20,0,INDETERMINADO,2,1,20,0,0,0,420,204,0,0,17
1970200471,25,15/05/1970,1,20,0,INDETERMINADO,3,1,30,0,0,0,180,0,0,0,1
1970210447,700,18/05/1970,4,21,0,INDETERMINADO,5,1,0,0,0,0,420,111,1,0,10
1970300453,20,18/05/1970,8,30,0,INDETERMINADO,3,1,30,0,0,0,120,0,0,0,0
1970050438,50,19/05/1970,17,5,0,INDETERMINADO,2,1,50,0,0,0,180,0,0,0,0
1970210520,63,19/05/1970,4,21,0,INDETERMINADO,2,1,50,0,0,0,180,33,4,0,3
1970330445,20,19/05/1970,5,33,0,INDETERMINADO,5,1,0,0,0,0,180,0,0,0,0
1970090451,49,20/05/1970,17,9,0,INDETERMINADO,5,1,0,0,0,0,420,0,0,0,0
1970150586,60,20/05/1970,3,15,0,INDETERMINADO,5,1,0,0,0,0,240,0,0,0,0
1970200472,35,20/05/1970,1,20,0,INDETERMINADO,5,1,0,0,0,0,360,0,0,0,0
1970361251,10,20/05/1970,3,36,0,INDETERMINADO,5,1,0,0,0,0,120,0,0,0,0
1970050439,30,21/05/1970,17,5,0,INDETERMINADO,2,1,50,0,0,0,420,0,0,0,0
1970100461,10,21/05/1970,14,10,0,INDETERMINADO,5,1,0,0,0,0,300,0,0,0,0
1970100483,10,21/05/1970,14,10,0,INDETERMINADO,2,1,30,0,0,0,120,0,0,0,0
1970150587,40,21/05/1970,3,15,0,INDETERMINADO,5,1,0,0,0,0,60,0,0,0,0
1970240532,10,21/05/1970,17,24,0,INDETERMINADO,2,1,40,0,0,0,180,0,0,0,0
1970361252,40,21/05/1970,3,36,0,INDETERMINADO,4,1,99,0,0,0,180,0,0,0,0
1970380534,400,21/05/1970,12,38,0,INDETERMINADO,5,1,0,0,0,0,1200,36,0,0,0
1970420454,11,21/05/1970,17,42,0,INDETERMINADO,5,1,0,0,0,0,120,0,0,0,0
1970430476,20,21/05/1970,2,43,0,INDETERMINADO,2,1,50,0,0,0,120,0,0,0,0
1970490545,275,21/05/1970,17,49,0,INDETERMINADO,2,1,20,0,0,0,1680,46,0,0,3
1970240533,200,22/05/1970,17,24,0,INDETERMINADO,5,1,0,0,0,0,480,0,0,0,0
1970280473,20,22/05/1970,16,28,0,INDETERMINADO,2,1,50,0,0,0,120,0,0,0,0
1970320501,20,22/05/1970,3,32,0,INDETERMINADO,4,1,99,0,0,0,180,0,0,0,0
1970330487,45,22/05/1970,5,33,0,INDETERMINADO,5,1,0,0,0,0,180,0,0,0,0
1970090434,30,23/05/1970,17,9,0,INDETERMINADO,5,1,0,0,0,0,240,0,0,0,0
1970090498,70,23/05/1970,17,9,0,INDETERMINADO,4,1,99,0,0,0,480,17,0,0,18
1970090537,240,23/05/1970,17,9,0,INDETERMINADO,5,1,0,0,0,0,540,0,0,0,0
1970320448,480,23/05/1970,3,32,0,INDETERMINADO,2,1,50,0,0,0,120,0,0,0,0
1970330449,50,23/05/1970,5,33,0,INDETERMINADO,5,1,0,0,0,0,540,0,0,0,0
1970363077,40,23/05/1970,3,36,0,INDETERMINADO,5,1,0,0,0,0,240,0,0,0,0
1970390457,40,23/05/1970,6,39,0,INDETERMINADO,4,1,99,0,0,0,600,0,0,0,0
1970390458,40,23/05/1970,6,39,0,INDETERMINADO,4,1,99,0,0,0,660,0,0,0,0
1970390459,250,23/05/1970,6,39,0,INDETERMINADO,4,1,99,0,0,0,540,0,0,0,0
1970270624,10,24/05/1970,3,27,0,INDETERMINADO,5,1,0,0,0,0,119,0,0,0,0
1970270625,37,24/05/1970,3,27,0,INDETERMINADO,5,1,0,0,0,0,360,0,0,0,0
1970330506,65,24/05/1970,5,33,0,INDETERMINADO,5,1,0,0,0,0,300,0,0,0,0
1970330690,350,24/05/1970,5,33,0,INDETERMINADO,5,1,0,0,0,0,600,0,0,0,0
1970380491,10,24/05/1970,12,38,0,INDETERMINADO,2,1,50,0,0,0,300,0,0,0,0
1970390460,20,24/05/1970,6,39,0,INDETERMINADO,4,1,99,0,0,0,540,0,0,0,0
1970390526,20,24/05/1970,6,39,0,INDETERMINADO,4,1,99,0,0,0,600,0,0,0,0
1970420569,199,24/05/1970,17,42,0,INDETERMINADO,4,1,99,0,0,0,240,4,0,0,17
1970040629,20,25/05/1970,4,4,0,INDETERMINADO,5,1,0,0,0,0,480,0,0,0,0
1970090440,150,25/05/1970,17,9,0,INDETERMINADO,5,1,0,0,0,0,180,0,0,0,0
1970090446,24,25/05/1970,17,9,0,INDETERMINADO,5,1,0,0,0,0,900,0,0,0,0
1970150588,100,25/05/1970,3,15,0,INDETERMINADO,4,1,99,0,0,0,240,0,0,0,0
1970340464,20,25/05/1970,17,34,0,INDETERMINADO,2,1,40,0,0,0,240,0,0,0,0
1970100531,65,26/05/1970,14,10,0,INDETERMINADO,1,1,0,0,0,0,1380,0,0,0,0
1970270626,50,26/05/1970,3,27,0,INDETERMINADO,5,1,0,0,0,0,300,0,0,0,0
1970330489,150,26/05/1970,5,33,0,INDETERMINADO,5,1,0,0,0,0,600,0,0,0,0
1970360610,25,26/05/1970,3,36,0,INDETERMINADO,4,1,99,0,0,0,60,0,0,0,0
1970363078,30,26/05/1970,3,36,0,INDETERMINADO,5,1,0,0,0,0,120,0,0,0,1
1970390547,10,26/05/1970,6,39,0,INDETERMINADO,2,1,10,0,0,0,180,0,0,0,0
1970090499,30,27/05/1970,17,9,0,INDETERMINADO,4,1,99,0,0,0,300,0,0,0,0
1970330632,20,27/05/1970,5,33,0,INDETERMINADO,5,1,0,0,0,0,300,0,0,0,0
1970060496,30,28/05/1970,14,6,0,INDETERMINADO,1,1,0,0,0,0,240,0,0,0,0
1970080637,20,28/05/1970,2,8,0,INDETERMINADO,5,1,0,0,0,0,360,0,0,0,0
1970090528,40,28/05/1970,17,9,0,INDETERMINADO,4,1,99,0,0,0,720,0,0,0,0
1970090538,260,28/05/1970,17,9,0,INDETERMINADO,4,1,99,0,0,0,540,40,1,0,0
1970150589,40,28/05/1970,3,15,0,INDETERMINADO,2,1,30,0,0,0,360,0,0,0,0
1970230595,10,28/05/1970,4,23,0,INDETERMINADO,1,1,0,0,0,0,60,0,0,0,0
1970260581,20,28/05/1970,7,26,0,INDETERMINADO,5,1,0,0,0,0,960,0,0,0,0
1970270650,670,28/05/1970,3,27,0,INDETERMINADO,5,1,0,0,0,0,960,160,0,0,36
1970320524,30,28/05/1970,3,32,0,INDETERMINADO,2,1,50,0,0,0,120,0,0,0,0
1970330490,20,28/05/1970,5,33,0,INDETERMINADO,5,1,0,0,0,0,120,0,0,0,0
1970340465,15,28/05/1970,17,34,0,INDETERMINADO,2,1,40,0,0,0,180,0,0,0,0
1970340475,15,28/05/1970,17,34,0,INDETERMINADO,2,1,50,0,0,0,180,0,0,0,0
1970380535,360,28/05/1970,12,38,0,INDETERMINADO,2,1,50,0,0,0,540,0,0,0,0
1970390548,36,28/05/1970,6,39,0,INDETERMINADO,5,1,0,0,0,0,360,0,0,0,0
1970440619,20,28/05/1970,10,44,0,INDETERMINADO,5,1,0,0,0,0,60,0,0,0,0
1970090481,20,29/05/1970,17,9,0,INDETERMINADO,4,1,99,0,0,0,180,0,0,0,0
1970090529,90,29/05/1970,17,9,0,INDETERMINADO,5,1,0,0,0,0,1260,0,0,0,0
1970150590,100,29/05/1970,3,15,0,INDETERMINADO,4,1,99,0,0,0,900,0,0,0,0
1970390527,300,29/05/1970,6,39,0,INDETERMINADO,4,1,99,0,0,0,840,0,0,0,0
1970270706,460,30/05/1970,3,27,0,INDETERMINADO,4,1,99,0,0,0,600,55,0,0,8
1970330546,60,30/05/1970,5,33,0,INDETERMINADO,5,1,0,0,0,0,1500,30,0,0,2
1970340466,20,30/05/1970,17,34,0,INDETERMINADO,2,1,40,0,0,0,300,0,0,0,0
1970150591,440,31/05/1970,3,15,0,INDETERMINADO,5,1,0,0,0,0,540,44,0,0,5
1970150592,200,31/05/1970,3,15,0,INDETERMINADO,3,1,20,0,0,0,180,63,0,0,5
1970240522,100,31/05/1970,17,24,0,INDETERMINADO,5,1,0,0,0,0,720,24,0,0,4
1970330540,60,31/05/1970,5,33,0,INDETERMINADO,5,1,0,0,0,0,1380,5,0,0,1
1970360613,15,31/05/1970,3,36,0,INDETERMINADO,4,1,99,0,0,0,120,0,0,0,0
1970361253,20,31/05/1970,3,36,0,INDETERMINADO,2,1,50,0,0,0,540,0,0,0,0
1970361347,23,31/05/1970,3,36,0,INDETERMINADO,5,1,0,0,0,0,300,0,0,0,0
1970440492,15,31/05/1970,10,44,0,INDETERMINADO,1,1,0,0,0,0,2880,0,0,0,0
1970460950,10,31/05/1970,9,46,0,INDETERMINADO,2,1,40,0,0,0,120,0,0,0,0
1970050495,12,01/06/1970,17,5,0,INDETERMINADO,3,1,20,0,0,0,120,0,0,0,0
1970090530,50,01/06/1970,17,9,0,INDETERMINADO,4,1,99,0,0,0,300,16,0,0,0
1970150593,30,01/06/1970,3,15,0,INDETERMINADO,5,1,0,0,0,0,240,0,0,0,0
1970210452,10,01/06/1970,4,21,0,INDETERMINADO,5,1,0,0,0,0,60,0,0,0,0
1970271519,100,01/06/1970,3,27,0,INDETERMINADO,5,1,0,0,0,0,60,0,0,0,0
1970320513,100,01/06/1970,3,32,0,INDETERMINADO,2,1,20,0,0,0,180,0,0,0,0
1970320558,40,01/06/1970,3,32,0,INDETERMINADO,5,1,0,0,0,0,420,0,0,0,0
1970320628,100,01/06/1970,3,32,0,INDETERMINADO,5,1,0,0,0,0,540,0,0,0,0
1970361348,50,01/06/1970,3,36,0,INDETERMINADO,5,1,0,0,0,0,1740,0,0,0,1
1970460951,10,01/06/1970,9,46,0,INDETERMINADO,2,1,10,0,0,0,120,0,0,0,0
1970070502,70,02/06/1970,15,7,0,INDETERMINADO,2,1,50,0,0,0,120,0,0,0,0
1970230596,150,02/06/1970,4,23,0,INDETERMINADO,2,1,20,0,0,0,360,0,0,0,0
1970270651,3670,02/06/1970,3,27,0,INDETERMINADO,4,1,99,0,0,0,1260,100,1,1,188
1970330507,20,02/06/1970,5,33,0,INDETERMINADO,5,1,0,0,0,0,360,0,0,0,0
1970330633,6280,02/06/1970,5,33,0,INDETERMINADO,2,1,10,0,0,0,1560,49,1,0,264
1970360614,20,02/06/1970,3,36,0,INDETERMINADO,4,1,99,0,0,0,355,0,0,0,0
1970080512,22,03/06/1970,2,8,0,INDETERMINADO,2,1,50,0,0,0,360,0,0,0,0
1970270662,285,03/06/1970,3,27,0,INDETERMINADO,1,1,0,0,0,0,180,26,0,0,20
1970270663,480,03/06/1970,3,27,0,INDETERMINADO,1,1,0,0,0,0,240,45,0,0,18
1970270664,48,03/06/1970,3,27,0,INDETERMINADO,1,1,0,0,0,0,180,0,0,0,1
1970270665,10,03/06/1970,3,27,0,INDETERMINADO,1,1,0,0,0,0,120,0,0,0,0
1970330508,52,03/06/1970,5,33,0,INDETERMINADO,1,1,0,0,0,0,420,0,0,0,0
1970360615,10,03/06/1970,3,36,0,INDETERMINADO,4,1,99,0,0,0,120,0,0,0,0
1970360616,20,03/06/1970,3,36,0,INDETERMINADO,4,1,99,0,0,0,240,0,0,0,0
1970380568,15,07/06/1970,12,38,0,INDETERMINADO,5,1,0,0,0,0,60,0,0,0,0
1970460688,17,10/06/1970,9,46,0,INDETERMINADO,5,1,0,0,0,0,240,0,0,0,0
1970080572,125,13/06/1970,2,8,0,INDETERMINADO,2,1,50,0,0,0,839,0,0,0,0
1970080573,11,15/06/1970,2,8,0,INDETERMINADO,2,1,50,0,0,0,120,0,0,0,0
1970180599,50,16/06/1970,4,18,0,INDETERMINADO,2,1,50,0,0,0,180,0,0,0,1
1970080574,10,17/06/1970,2,8,0,INDETERMINADO,5,1,0,0,0,0,180,0,0,0,0
1970230580,100,19/06/1970,4,23,0,INDETERMINADO,5,1,0,0,0,0,240,0,0,0,0
1970100585,30,20/06/1970,14,10,0,INDETERMINADO,2,1,30,0,0,0,120,0,0,0,0
1970180567,30,20/06/1970,4,18,0,INDETERMINADO,2,1,90,0,0,0,60,0,0,0,0
1970090578,40,21/06/1970,17,9,0,INDETERMINADO,4,1,99,0,0,0,1020,0,0,0,0
1970120816,1500,21/06/1970,9,12,0,INDETERMINADO,5,1,0,0,0,0,1320,38,0,0,0
1970380617,10,21/06/1970,12,38,0,INDETERMINADO,2,1,50,0,0,0,120,0,0,0,0
1970160646,40,22/06/1970,11,16,0,INDETERMINADO,1,1,0,0,0,0,180,0,0,0,0
1970210579,20,22/06/1970,4,21,0,INDETERMINADO,5,1,0,0,0,0,60,0,0,0,0
1970270799,160,23/06/1970,3,27,0,INDETERMINADO,5,1,0,0,0,0,300,29,0,0,17
1970361254,10,23/06/1970,3,36,0,INDETERMINADO,5,1,0,0,0,0,120,0,0,0,0
1970030656,20,24/06/1970,9,3,0,INDETERMINADO,2,1,90,0,0,0,480,0,0,0,0
1970361255,80,25/06/1970,3,36,0,INDETERMINADO,5,1,0,0,0,0,360,0,0,0,0
1970363079,70,25/06/1970,3,36,0,INDETERMINADO,4,1,99,0,0,0,480,0,0,0,0
1970070584,30,26/06/1970,15,7,0,INDETERMINADO,2,1,50,0,0,0,120,0,0,0,0
1970070678,105,27/06/1970,15,7,0,INDETERMINADO,5,1,0,0,0,0,600,82,0,0,4
1970080641,60,27/06/1970,2,8,0,INDETERMINADO,2,1,90,0,0,0,480,0,0,0,0
1970180835,620,27/06/1970,4,18,0,INDETERMINADO,2,1,30,0,0,0,480,76,0,0,4
1970461006,2270,27/06/1970,9,46,0,INDETERMINADO,2,1,90,0,0,0,2940,60,1,0,4
1970030658,490,29/06/1970,9,3,0,INDETERMINADO,2,1,90,0,0,0,600,0,0,0,0
1970080643,41,29/06/1970,2,8,0,INDETERMINADO,2,1,40,0,0,0,300,0,0,0,0
1970150691,50,29/06/1970,3,15,0,INDETERMINADO,5,1,0,0,0,0,360,0,0,0,0
1970363080,40,29/06/1970,3,36,0,INDETERMINADO,5,1,0,0,0,0,180,0,0,0,3
1970380666,10,29/06/1970,12,38,0,INDETERMINADO,2,1,50,0,0,0,60,0,0,0,0
1970030659,190,30/06/1970,9,3,0,INDETERMINADO,4,1,99,0,0,0,540,0,0,0,0
1970240649,20,30/06/1970,17,24,0,INDETERMINADO,3,1,10,0,0,0,180,0,0,0,0
1970280741,50,30/06/1970,16,28,0,INDETERMINADO,5,1,0,0,0,0,60,0,0,0,0
1970430635,360,30/06/1970,2,43,0,INDETERMINADO,2,1,10,0,0,0,360,42,0,0,3
1970461046,4100,30/06/1970,9,46,0,INDETERMINADO,3,1,30,0,0,0,3360,395,1,0,12
1970080644,50,01/07/1970,2,8,0,INDETERMINADO,5,1,0,0,0,0,240,0,0,0,0
1970080683,25,01/07/1970,2,8,0,INDETERMINADO,2,1,50,0,0,0,120,0,0,0,0
1970450693,500,01/07/1970,11,45,0,INDETERMINADO,2,1,30,0,0,0,120,4,0,0,0
1970450809,107,01/07/1970,11,45,0,INDETERMINADO,2,1,50,0,0,0,240,44,1,0,1
1970451386,500,01/07/1970,11,45,0,INDETERMINADO,2,1,30,0,0,0,240,4,0,0,0
1970270944,4755,02/07/1970,3,27,0,INDETERMINADO,1,1,0,0,0,0,2520,108,2,0,86
1970280630,50,02/07/1970,16,28,0,INDETERMINADO,5,1,0,0,0,0,120,0,0,0,0
1970460811,70,02/07/1970,9,46,0,INDETERMINADO,1,1,0,0,0,0,360,0,0,0,0
1970461179,10,02/07/1970,9,46,0,INDETERMINADO,1,1,0,0,0,0,120,0,0,0,0
1970500758,710,02/07/1970,10,50,0,INDETERMINADO,5,1,0,0,0,0,300,13,0,0,0
1970170700,10,03/07/1970,2,17,0,INDETERMINADO,2,1,90,0,0,0,60,0,0,0,0
1970230791,5000,03/07/1970,4,23,0,INDETERMINADO,2,1,20,0,0,0,1080,31,0,0,0
1970280631,35,03/07/1970,16,28,0,INDETERMINADO,5,1,0,0,0,0,120,0,0,0,0
1970460953,200,03/07/1970,9,46,0,INDETERMINADO,1,1,0,0,0,0,780,16,0,0,5
1970170701,10,04/07/1970,2,17,0,INDETERMINADO,2,1,90,0,0,0,120,0,0,0,0
1970210648,40,04/07/1970,4,21,0,INDETERMINADO,2,1,50,0,0,0,60,0,0,0,0
1970240764,20,04/07/1970,17,24,0,INDETERMINADO,5,1,0,0,0,0,120,0,0,0,0
1970271520,60,04/07/1970,3,27,0,INDETERMINADO,5,1,0,0,0,0,780,0,0,0,0
1970280742,212,04/07/1970,16,28,0,INDETERMINADO,5,1,0,0,0,0,60,59,1,0,5
1970362663,15,04/07/1970,3,36,0,INDETERMINADO,5,1,0,0,0,0,179,0,0,0,0
1970380717,12,04/07/1970,12,38,0,INDETERMINADO,2,1,50,0,0,0,60,0,0,0,0
1970430677,80,04/07/1970,2,43,0,INDETERMINADO,2,1,50,0,0,0,240,0,0,0,0
1970440728,12,04/07/1970,10,44,0,INDETERMINADO,2,1,50,0,0,0,120,0,0,0,0
1970080740,50,05/07/1970,2,8,0,INDETERMINADO,5,1,0,0,0,0,480,0,0,0,0
1970150692,60,05/07/1970,3,15,0,INDETERMINADO,5,1,0,0,0,0,360,0,0,0,1
1970170669,11,05/07/1970,2,17,0,INDETERMINADO,5,1,0,0,0,0,420,0,0,0,0
1970240675,30,05/07/1970,17,24,0,INDETERMINADO,2,1,40,0,0,0,300,0,0,0,0
1970240765,900,05/07/1970,17,24,0,INDETERMINADO,3,1,10,0,0,0,2040,50,1,1,3
1970362664,15,05/07/1970,3,36,0,INDETERMINADO,5,1,0,0,0,0,300,0,0,0,0
1970400680,80,05/07/1970,17,40,0,INDETERMINADO,2,1,50,0,0,0,60,28,0,0,1
1970070689,90,06/07/1970,15,7,0,INDETERMINADO,2,1,50,0,0,0,240,0,0,0,0
1970120817,600,06/07/1970,9,12,0,INDETERMINADO,2,1,10,0,0,0,480,33,0,0,0
1970130679,2500,06/07/1970,11,13,0,INDETERMINADO,3,1,30,0,0,0,180,29,4,0,0
1970170670,20,06/07/1970,2,17,0,INDETERMINADO,2,1,90,0,0,0,180,0,0,0,0
1970170671,60,06/07/1970,2,17,0,INDETERMINADO,5,1,0,0,0,0,840,0,0,0,0
1970361349,10,06/07/1970,3,36,0,INDETERMINADO,5,1,0,0,0,0,120,0,0,0,0
1970380718,10,06/07/1970,12,38,0,INDETERMINADO,5,1,0,0,0,0,180,0,0,0,0
1970380719,25,06/07/1970,12,38,0,INDETERMINADO,2,1,90,0,0,0,120,0,0,0,0
1970502960,30,06/07/1970,10,50,0,INDETERMINADO,3,1,30,0,0,0,120,0,0,0,0
1970032352,3000,07/07/1970,9,3,0,INDETERMINADO,5,1,0,0,0,0,1260,38,0,0,0
1970032353,2780,07/07/1970,9,3,0,INDETERMINADO,5,1,0,0,0,0,4560,455,0,0,43
1970080901,12,07/07/1970,2,8,0,INDETERMINADO,5,1,0,0,0,0,240,0,0,0,0
1970280674,15,07/07/1970,16,28,0,INDETERMINADO,5,1,0,0,0,0,60,0,0,0,0
1970280743,300,07/07/1970,16,28,0,INDETERMINADO,2,1,50,0,0,0,300,0,0,0,0
1970330803,30,07/07/1970,5,33,0,INDETERMINADO,5,1,0,0,0,0,235,0,0,0,0
1970380720,15,07/07/1970,12,38,0,INDETERMINADO,2,1,90,0,0,0,120,0,0,0,0
1970450810,166,07/07/1970,11,45,0,INDETERMINADO,3,1,30,0,0,0,180,41,1,0,2
1970032354,4250,08/07/1970,9,3,0,INDETERMINADO,5,1,0,0,0,0,2160,345,0,0,23
1970240766,100,08/07/1970,17,24,0,INDETERMINADO,2,1,50,0,0,0,540,0,0,0,0
1970380805,700,08/07/1970,12,38,0,INDETERMINADO,5,1,0,0,0,0,300,61,0,0,0
1970070761,50,09/07/1970,15,7,0,INDETERMINADO,2,1,50,0,0,0,900,0,0,0,0
1970290769,620,10/07/1970,4,29,0,INDETERMINADO,5,1,0,0,0,0,300,70,0,0,0
1970380886,20,10/07/1970,12,38,0,INDETERMINADO,5,1,0,0,0,0,1200,0,0,0,0
1970461007,190,10/07/1970,9,46,0,INDETERMINADO,5,1,0,0,0,0,480,90,1,0,4
1970040733,10,11/07/1970,4,4,0,INDETERMINADO,2,1,50,0,0,0,120,0,0,0,0
1970170702,20,11/07/1970,2,17,0,INDETERMINADO,2,1,50,0,0,0,120,0,0,0,0
1970320711,100,11/07/1970,3,32,0,INDETERMINADO,1,1,0,0,0,0,240,51,0,0,7
1970320712,35,11/07/1970,3,32,0,INDETERMINADO,1,1,0,0,0,0,120,0,0,0,1
1970430722,60,11/07/1970,2,43,0,INDETERMINADO,2,1,50,0,0,0,300,0,0,0,0
1970430723,400,11/07/1970,2,43,0,INDETERMINADO,3,1,30,0,0,0,480,19,2,0,3
1970050900,460,12/07/1970,17,5,0,INDETERMINADO,2,1,90,0,0,0,480,184,0,0,1
1970130912,200,12/07/1970,11,13,0,INDETERMINADO,5,1,0,0,0,0,180,0,0,0,0
1970170703,350,12/07/1970,2,17,0,INDETERMINADO,2,1,50,0,0,0,240,265,2,0,1
1970251027,80,12/07/1970,2,25,0,INDETERMINADO,5,1,0,0,0,0,120,12,1,0,2
1970290707,90,12/07/1970,4,29,0,INDETERMINADO,5,1,0,0,0,0,300,20,0,0,1
1970321037,400,12/07/1970,3,32,0,INDETERMINADO,2,1,50,0,0,0,360,43,0,0,4
1970361257,10,12/07/1970,3,36,0,INDETERMINADO,5,1,0,0,0,0,60,0,0,0,0
1970080696,263,13/07/1970,2,8,0,INDETERMINADO,2,1,50,0,0,0,420,108,7,0,3
1970120783,35,13/07/1970,9,12,0,INDETERMINADO,1,1,0,0,0,0,300,0,0,0,0
1970130911,50,13/07/1970,11,13,0,INDETERMINADO,5,1,0,0,0,0,60,0,0,0,0
1970460954,70,13/07/1970,9,46,0,INDETERMINADO,2,1,50,0,0,0,120,0,0,0,0
1970500759,15,13/07/1970,10,50,0,INDETERMINADO,5,1,0,0,0,0,120,0,0,0,0
1970061104,550,14/07/1970,14,6,0,INDETERMINADO,2,1,40,0,0,0,60,302,2,0,0
1970070748,10,14/07/1970,15,7,0,INDETERMINADO,2,1,50,0,0,0,120,0,0,0,0
1970080697,65,14/07/1970,2,8,0,INDETERMINADO,5,1,0,0,0,0,420,0,0,0,0
1970121002,50,14/07/1970,9,12,0,INDETERMINADO,3,1,10,0,0,0,120,0,0,0,1
1970251028,60,14/07/1970,2,25,0,INDETERMINADO,5,1,0,0,0,0,360,0,0,0,0
1970271521,20,14/07/1970,3,27,0,INDETERMINADO,5,1,0,0,0,0,240,0,0,0,0
1970271522,25,14/07/1970,3,27,0,INDETERMINADO,5,1,0,0,0,0,180,0,0,0,0
1970280744,20,14/07/1970,16,28,0,INDETERMINADO,5,1,0,0,0,0,60,0,0,0,0
1970280802,30,14/07/1970,16,28,0,INDETERMINADO,5,1,0,0,0,0,60,0,0,0,0
1970290709,130,14/07/1970,4,29,0,INDETERMINADO,5,1,0,0,0,0,360,0,0,0,0
1970360853,80,14/07/1970,3,36,0,INDETERMINADO,2,1,30,0,0,0,300,0,0,0,0
1970410889,160,14/07/1970,4,41,0,INDETERMINADO,5,1,0,0,0,0,1260,0,0,0,0
1970461008,26430,14/07/1970,9,46,0,INDETERMINADO,1,1,0,0,0,0,5580,688,2,0,548
1970080774,52,15/07/1970,2,8,0,INDETERMINADO,2,1,90,0,0,0,420,0,0,0,0
1970080862,70,15/07/1970,2,8,0,INDETERMINADO,5,1,0,0,0,0,240,0,0,0,0
1970110782,240,15/07/1970,4,11,0,INDETERMINADO,5,1,0,0,0,0,120,0,0,0,0
1970170829,10,15/07/1970,2,17,0,INDETERMINADO,2,1,90,0,0,0,60,0,0,0,0
1970170830,50,15/07/1970,2,17,0,INDETERMINADO,5,1,0,0,0,0,359,0,0,0,1
1970170871,50,15/07/1970,2,17,0,INDETERMINADO,5,1,0,0,0,0,300,0,0,0,0
1970171111,730,15/07/1970,2,17,0,INDETERMINADO,2,1,90,0,0,0,2640,20,1,0,0
1970240942,50,15/07/1970,17,24,0,INDETERMINADO,4,1,99,0,0,0,360,0,0,0,0
1970430890,10180,15/07/1970,2,43,0,INDETERMINADO,1,1,0,0,0,0,3000,602,1,0,42
1970061105,330,16/07/1970,14,6,0,INDETERMINADO,3,1,30,0,0,0,120,18,0,0,0
1970080775,120,16/07/1970,2,8,0,INDETERMINADO,4,1,99,0,0,0,120,25,0,0,3
1970080863,10,16/07/1970,2,8,0,INDETERMINADO,5,1,0,0,0,0,120,0,0,0,0
1970080864,30,16/07/1970,2,8,0,INDETERMINADO,5,1,0,0,0,0,120,0,0,0,0
1970080865,11,16/07/1970,2,8,0,INDETERMINADO,5,1,0,0,0,0,180,0,0,0,0
1970130913,350,16/07/1970,11,13,0,INDETERMINADO,5,1,0,0,0,0,120,0,0,0,0
1970290710,270,16/07/1970,4,29,0,INDETERMINADO,5,1,0,0,0,0,540,0,0,0,0
1970320713,150,16/07/1970,3,32,0,INDETERMINADO,2,1,20,0,0,0,480,34,0,0,3
1970321120,70,16/07/1970,3,32,0,INDETERMINADO,2,1,50,0,0,0,120,0,0,0,0
1970321121,150,16/07/1970,3,32,0,INDETERMINADO,5,1,0,0,0,0,540,27,0,0,1
1970321122,20,16/07/1970,3,32,0,INDETERMINADO,2,1,90,0,0,0,540,0,0,0,0
1970363083,20,16/07/1970,3,36,0,INDETERMINADO,4,1,99,0,0,0,115,0,0,0,0
1970380806,25,16/07/1970,12,38,0,INDETERMINADO,5,1,0,0,0,0,240,0,0,0,0
1970430727,20,16/07/1970,2,43,0,INDETERMINADO,2,1,50,0,0,0,120,0,0,0,0
1970430808,150,16/07/1970,2,43,0,INDETERMINADO,2,1,90,0,0,0,300,22,1,0,4
1970461090,3730,16/07/1970,9,46,0,INDETERMINADO,2,1,10,0,0,0,1380,302,1,0,8
1970470897,20,16/07/1970,17,47,0,INDETERMINADO,3,1,30,0,0,0,60,0,0,0,0
1970050736,200,17/07/1970,17,5,0,INDETERMINADO,2,1,50,0,0,0,180,0,0,0,0
1970080778,11,17/07/1970,2,8,0,INDETERMINADO,2,1,90,0,0,0,240,0,0,0,0
1970170705,30,17/07/1970,2,17,0,INDETERMINADO,5,1,0,0,0,0,120,0,0,0,0
1970240795,100,17/07/1970,17,24,0,INDETERMINADO,2,1,20,0,0,0,420,0,0,0,0
1970240796,350,17/07/1970,17,24,0,INDETERMINADO,2,1,50,0,0,0,1380,24,0,0,2
1970270801,60,17/07/1970,3,27,0,INDETERMINADO,3,1,30,0,0,0,120,0,0,0,0
1970280753,20,17/07/1970,16,28,0,INDETERMINADO,5,1,0,0,0,0,120,0,0,0,0
1970361154,10,17/07/1970,3,36,0,INDETERMINADO,5,1,0,0,0,0,120,0,0,0,0
1970361351,10,17/07/1970,3,36,0,INDETERMINADO,5,1,0,0,0,0,300,0,0,0,0
1970070750,140,18/07/1970,15,7,0,INDETERMINADO,2,1,50,0,0,0,180,0,0,0,0
1970070762,15,18/07/1970,15,7,0,INDETERMINADO,2,1,10,0,0,0,540,0,0,0,0
1970080780,16,18/07/1970,2,8,0,INDETERMINADO,2,1,90,0,0,0,180,0,0,0,0
1970080866,15,18/07/1970,2,8,0,INDETERMINADO,4,1,99,0,0,0,120,0,0,0,0
1970080867,10,18/07/1970,2,8,0,INDETERMINADO,5,1,0,0,0,0,60,0,0,0,0
1970080868,92,18/07/1970,2,8,0,INDETERMINADO,5,1,0,0,0,0,240,0,0,0,0
1970170831,10,18/07/1970,2,17,0,INDETERMINADO,5,1,0,0,0,0,60,0,0,0,0
1970170872,10,18/07/1970,2,17,0,INDETERMINADO,5,1,0,0,0,0,60,0,0,0,0
1970280745,10,18/07/1970,16,28,0,INDETERMINADO,5,1,0,0,0,0,60,0,0,0,0
1970280754,10,18/07/1970,16,28,0,INDETERMINADO,2,1,50,0,0,0,120,0,0,0,0
1970280945,50,18/07/1970,16,28,0,INDETERMINADO,2,1,40,0,0,0,180,0,0,0,0
1970280946,10,18/07/1970,16,28,0,INDETERMINADO,2,1,50,0,0,0,60,0,0,0,0
1970350879,10,18/07/1970,12,35,0,INDETERMINADO,2,1,50,0,0,0,180,0,0,0,0
1970361155,40,18/07/1970,3,36,0,INDETERMINADO,5,1,0,0,0,0,480,0,0,0,0
1970361156,10,18/07/1970,3,36,0,INDETERMINADO,5,1,0,0,0,0,60,0,0,0,0
1970361157,10,18/07/1970,3,36,0,INDETERMINADO,5,1,0,0,0,0,240,0,0,0,0
1970361258,16,18/07/1970,3,36,0,INDETERMINADO,2,1,10,0,0,0,120,0,0,0,0
1970363086,10,18/07/1970,3,36,0,INDETERMINADO,4,1,99,0,0,0,120,0,0,0,0
1970380746,300,18/07/1970,12,38,0,INDETERMINADO,5,1,0,0,0,0,660,0,0,0,0
1970380855,520,18/07/1970,12,38,0,INDETERMINADO,2,1,40,0,0,0,180,14,0,0,0
1970380856,50,18/07/1970,12,38,0,INDETERMINADO,5,1,0,0,0,0,119,0,0,0,0
1970380887,13500,18/07/1970,12,38,0,INDETERMINADO,2,1,50,0,0,0,1920,49,0,0,7
1970050958,25,19/07/1970,17,5,0,INDETERMINADO,1,1,0,0,0,0,120,0,0,0,0
1970080904,35,19/07/1970,2,8,0,INDETERMINADO,5,1,0,0,0,0,240,0,0,0,0
1970081051,158,19/07/1970,2,8,0,INDETERMINADO,5,1,0,0,0,0,1740,0,0,0,0
1970081052,269,19/07/1970,2,8,0,INDETERMINADO,5,1,0,0,0,0,1860,109,7,0,4
1970150820,15,19/07/1970,3,15,0,INDETERMINADO,5,1,0,0,0,0,180,0,0,0,0
1970161600,15,19/07/1970,11,16,0,INDETERMINADO,1,1,0,0,0,0,120,0,0,0,0
1970211688,120,19/07/1970,4,21,0,INDETERMINADO,5,1,0,0,0,0,240,0,0,0,0
1970240767,25,19/07/1970,17,24,0,INDETERMINADO,2,1,50,0,0,0,120,0,0,0,0
1970320842,80,19/07/1970,3,32,0,INDETERMINADO,2,1,20,0,0,0,240,0,0,0,0
1970321038,250,19/07/1970,3,32,0,INDETERMINADO,2,1,50,0,0,0,840,27,0,0,8
1970321125,10,19/07/1970,3,32,0,INDETERMINADO,5,1,0,0,0,0,180,0,0,0,0
1970360923,25,19/07/1970,3,36,0,INDETERMINADO,5,1,0,0,0,0,420,0,0,0,0
1970361158,495,19/07/1970,3,36,0,INDETERMINADO,4,1,99,0,0,0,540,0,0,0,0
1970361259,100,19/07/1970,3,36,0,INDETERMINADO,5,1,0,0,0,0,300,0,0,0,0
1970361260,60,19/07/1970,3,36,0,INDETERMINADO,5,1,0,0,0,0,120,0,0,0,0
1970380857,400,19/07/1970,12,38,0,INDETERMINADO,5,1,0,0,0,0,1020,0,0,0,0
1970420925,10,19/07/1970,17,42,0,INDETERMINADO,5,1,0,0,0,0,60,0,0,0,0
1970420926,20,19/07/1970,17,42,0,INDETERMINADO,5,1,0,0,0,0,60,0,0,0,0
1970050760,75,20/07/1970,17,5,0,INDETERMINADO,5,1,0,0,0,0,240,103,1,42,3
1970080905,120,20/07/1970,2,8,0,INDETERMINADO,5,1,0,0,0,0,240,0,0,0,1
1970130914,1900,20/07/1970,11,13,0,INDETERMINADO,5,1,0,0,0,0,360,13,0,0,0
1970170832,20,20/07/1970,2,17,0,INDETERMINADO,5,1,0,0,0,0,120,0,0,0,0
1970221922,120,20/07/1970,10,22,0,INDETERMINADO,5,1,0,0,0,0,4020,91,1,0,2
1970321126,20,20/07/1970,3,32,0,INDETERMINADO,2,1,50,0,0,0,300,0,0,0,0
1970331434,20,20/07/1970,5,33,0,INDETERMINADO,2,1,50,0,0,0,120,0,0,0,1
1970361261,40,20/07/1970,3,36,0,INDETERMINADO,5,1,0,0,0,0,240,0,0,0,0
1970361352,80,20/07/1970,3,36,0,INDETERMINADO,5,1,0,0,0,0,1260,37,0,0,1
1970363006,250,20/07/1970,3,36,0,INDETERMINADO,5,1,0,0,0,0,539,0,0,0,0
1970363007,10,20/07/1970,3,36,0,INDETERMINADO,5,1,0,0,0,0,539,0,0,0,0
1970363008,40,20/07/1970,3,36,0,INDETERMINADO,5,1,0,0,0,0,180,0,0,0,0
1970380721,20,20/07/1970,12,38,0,INDETERMINADO,2,1,50,0,0,0,540,0,0,0,0
1970061106,60,21/07/1970,14,6,0,INDETERMINADO,5,1,0,0,0,0,60,0,0,0,2
1970150821,60,21/07/1970,3,15,0,INDETERMINADO,5,1,0,0,0,0,360,0,0,0,0
1970170833,50,21/07/1970,2,17,0,INDETERMINADO,3,1,20,0,0,0,240,0,0,0,0
1970241622,60,21/07/1970,17,24,0,INDETERMINADO,5,1,0,0,0,0,600,0,0,0,0
1970280755,20,21/07/1970,16,28,0,INDETERMINADO,2,1,40,0,0,0,180,0,0,0,0
1970280768,350,21/07/1970,16,28,0,INDETERMINADO,5,1,0,0,0,0,300,0,0,0,0
1970320843,200,21/07/1970,3,32,0,INDETERMINADO,4,1,99,0,0,0,300,29,0,0,8
1970361159,"1,7E+016",21/07/1970,3,36,0,INDETERMINADO,5,1,0,0,0,0,240,0,0,0,0
1970361263,15,21/07/1970,3,36,0,INDETERMINADO,5,1,0,0,0,0,180,0,0,0,0
1970430891,20,21/07/1970,2,43,0,INDETERMINADO,2,1,50,0,0,0,180,0,0,0,0
1970430933,10,21/07/1970,2,43,0,INDETERMINADO,1,1,0,0,0,0,780,0,0,0,0
1970040899,280,22/07/1970,4,4,0,INDETERMINADO,5,1,0,0,0,0,1200,0,0,0,0
1970060813,27,22/07/1970,14,6,0,INDETERMINADO,2,1,50,0,0,0,60,0,0,0,0
1970080960,151,22/07/1970,2,8,0,INDETERMINADO,5,1,0,0,0,0,540,0,0,0,0
1970080961,175,22/07/1970,2,8,0,INDETERMINADO,5,1,0,0,0,0,5760,223,9,0,6
1970081054,27,22/07/1970,2,8,0,INDETERMINADO,2,1,10,0,0,0,480,0,0,0,0
1970131015,300,22/07/1970,11,13,0,INDETERMINADO,3,1,10,0,0,0,420,0,0,0,0
1970150869,30,22/07/1970,3,15,0,INDETERMINADO,5,1,0,0,0,0,540,0,0,0,0
1970160786,13000,22/07/1970,11,16,0,INDETERMINADO,2,1,90,0,0,0,3120,160,14,0,38
1970230793,10,22/07/1970,4,23,0,INDETERMINADO,2,1,10,0,0,0,120,0,0,0,0
1970281072,60,22/07/1970,16,28,0,INDETERMINADO,5,1,0,0,0,0,120,0,0,0,0
1970320844,30,22/07/1970,3,32,0,INDETERMINADO,2,1,10,0,0,0,180,0,0,0,0
1970321127,350,22/07/1970,3,32,0,INDETERMINADO,2,1,50,0,0,0,2700,58,0,0,0
1970321145,80,22/07/1970,3,32,0,INDETERMINADO,2,1,50,0,0,0,360,56,0,0,0
1970410948,350,22/07/1970,4,41,0,INDETERMINADO,5,1,0,0,0,0,480,0,0,0,0
1970420928,22,22/07/1970,17,42,0,INDETERMINADO,3,1,10,0,0,0,120,0,0,0,0
1970020770,10,23/07/1970,11,2,0,INDETERMINADO,2,1,50,0,0,0,120,0,0,0,0
1970080910,20,23/07/1970,2,8,0,INDETERMINADO,2,1,30,0,0,0,360,0,0,0,0
1970080963,16,23/07/1970,2,8,0,INDETERMINADO,4,1,99,0,0,0,120,0,0,0,0
1970131016,3000,23/07/1970,11,13,0,INDETERMINADO,3,1,30,0,0,0,300,16,3,0,0
1970190790,80,23/07/1970,11,19,0,INDETERMINADO,5,1,0,0,0,0,120,102,2,0,2
1970271523,40,23/07/1970,3,27,0,INDETERMINADO,5,1,0,0,0,0,480,0,0,0,0
1970361161,300,23/07/1970,3,36,0,INDETERMINADO,5,1,0,0,0,0,540,0,0,0,0
1970361353,20,23/07/1970,3,36,0,INDETERMINADO,4,1,99,0,0,0,239,0,0,0,0
1970470985,500,23/07/1970,17,47,0,INDETERMINADO,3,1,30,0,0,0,120,47,1,54,2
1970020771,10,24/07/1970,11,2,0,INDETERMINADO,3,1,20,0,0,0,180,0,0,0,0
1970041092,60,24/07/1970,4,4,0,INDETERMINADO,2,1,90,0,0,0,360,0,0,0,0
1970070772,450,24/07/1970,15,7,0,INDETERMINADO,2,1,10,0,0,0,900,0,0,0,0
1970080964,30,24/07/1970,2,8,0,INDETERMINADO,2,1,50,0,0,0,120,0,0,0,0
1970080991,18,24/07/1970,2,8,0,INDETERMINADO,5,1,0,0,0,0,120,0,0,0,0
1970111321,20,24/07/1970,4,11,0,INDETERMINADO,2,1,50,0,0,0,240,0,0,0,0
1970181514,1800,24/07/1970,4,18,0,INDETERMINADO,5,1,0,0,0,0,2040,227,1,0,6
1970280756,10,24/07/1970,16,28,0,INDETERMINADO,5,1,0,0,0,0,180,0,0,0,0
1970281032,45,24/07/1970,16,28,0,INDETERMINADO,5,1,0,0,0,0,60,0,0,0,0
1970281073,70,24/07/1970,16,28,0,INDETERMINADO,2,1,50,0,0,0,120,0,0,0,0
1970361354,10,24/07/1970,3,36,0,INDETERMINADO,5,1,0,0,0,0,120,0,0,0,0
1970440895,16,24/07/1970,10,44,0,INDETERMINADO,3,1,10,0,0,0,180,0,0,0,0
1970502692,20,24/07/1970,10,50,0,INDETERMINADO,5,1,0,0,0,0,240,0,0,0,0
1970041913,2000,25/07/1970,4,4,0,INDETERMINADO,2,1,20,0,0,0,1020,23,0,0,0
1970080965,80,25/07/1970,2,8,0,INDETERMINADO,2,1,90,0,0,0,360,0,0,0,0
1970080967,61,25/07/1970,2,8,0,INDETERMINADO,5,1,0,0,0,0,2400,0,0,0,0
1970130784,2450,25/07/1970,11,13,0,INDETERMINADO,2,1,90,0,0,0,480,111,2,0,15
1970150822,15,25/07/1970,3,15,0,INDETERMINADO,2,1,50,0,0,0,300,0,0,0,0
1970170873,30,25/07/1970,2,17,0,INDETERMINADO,5,1,0,0,0,0,180,0,0,0,0
1970171112,450,25/07/1970,2,17,0,INDETERMINADO,2,1,20,0,0,0,300,0,0,0,0
1970230940,150,25/07/1970,4,23,0,INDETERMINADO,3,1,30,0,0,0,120,0,0,0,0
1970240797,500,25/07/1970,17,24,0,INDETERMINADO,2,1,50,0,0,0,1500,0,0,0,0
1970271524,80,25/07/1970,3,27,0,INDETERMINADO,2,1,10,0,0,0,180,0,0,0,0
1970321039,150,25/07/1970,3,32,0,INDETERMINADO,2,1,50,0,0,0,1380,49,0,0,7
1970321146,60,25/07/1970,3,32,0,INDETERMINADO,2,1,50,0,0,0,420,18,0,0,0
1970360881,20,25/07/1970,3,36,0,INDETERMINADO,2,1,30,0,0,0,360,0,0,0,0
1970361356,20,25/07/1970,3,36,0,INDETERMINADO,5,1,0,0,0,0,120,0,0,0,0
1970363010,1440,25/07/1970,3,36,0,INDETERMINADO,5,1,0,0,0,0,2820,0,0,0,0
1970080968,2800,26/07/1970,2,8,0,INDETERMINADO,5,1,0,0,0,0,1620,377,9,0,49
1970080969,17,26/07/1970,2,8,0,INDETERMINADO,2,1,40,0,0,0,60,0,0,0,0
1970151483,250,26/07/1970,3,15,0,INDETERMINADO,4,1,99,0,0,0,780,45,0,0,14
1970170874,50,26/07/1970,2,17,0,INDETERMINADO,4,1,99,0,0,0,180,0,0,0,0
1970170875,10,26/07/1970,2,17,0,INDETERMINADO,5,1,0,0,0,0,180,0,0,0,0
1970170876,10,26/07/1970,2,17,0,INDETERMINADO,5,1,0,0,0,0,120,0,0,0,0
1970290838,35,26/07/1970,4,29,0,INDETERMINADO,2,1,90,0,0,0,120,0,0,0,0
1970290839,10,26/07/1970,4,29,0,INDETERMINADO,2,1,50,0,0,0,300,0,0,0,0
1970321128,50,26/07/1970,3,32,0,INDETERMINADO,5,1,0,0,0,0,360,0,0,0,0
1970321129,20,26/07/1970,3,32,0,INDETERMINADO,4,1,99,0,0,0,240,0,0,0,0
1970361264,10,26/07/1970,3,36,0,INDETERMINADO,5,1,0,0,0,0,180,0,0,0,0
1970451588,50,26/07/1970,11,45,0,INDETERMINADO,2,1,10,0,0,0,120,142,0,0,0
1970061107,250,27/07/1970,14,6,0,INDETERMINADO,2,1,40,0,0,0,60,0,0,0,0
1970080971,31,27/07/1970,2,8,0,INDETERMINADO,5,1,0,0,0,0,240,0,0,0,0
1970080975,97,27/07/1970,2,8,0,INDETERMINADO,5,1,0,0,0,0,180,0,0,0,0
1970100934,700,27/07/1970,14,10,0,INDETERMINADO,2,1,50,0,0,0,120,98,2,0,0
1970100935,1150,27/07/1970,14,10,0,INDETERMINADO,2,1,50,0,0,0,600,17,0,0,0
1970120818,40,27/07/1970,9,12,0,INDETERMINADO,3,1,20,0,0,0,240,0,0,0,1
1970121323,90,27/07/1970,9,12,0,INDETERMINADO,2,1,40,0,0,0,240,0,0,0,0
1970130785,400,27/07/1970,11,13,0,INDETERMINADO,2,1,90,0,0,0,180,49,1,0,1
1970231136,700,27/07/1970,4,23,0,INDETERMINADO,5,1,0,0,0,0,1680,275,2,0,8
1970240837,2940,27/07/1970,17,24,0,INDETERMINADO,2,1,50,0,0,0,2220,31,0,0,231
1970240943,580,27/07/1970,17,24,0,INDETERMINADO,2,1,10,0,0,0,540,36,0,0,6
1970281033,100,27/07/1970,16,28,0,INDETERMINADO,2,1,50,0,0,0,120,0,0,0,0
1970360924,20,27/07/1970,3,36,0,INDETERMINADO,5,1,0,0,0,0,120,0,0,0,0
1970420931,45,27/07/1970,17,42,0,INDETERMINADO,1,1,0,0,0,0,120,0,0,0,0
1970430892,900,27/07/1970,2,43,0,INDETERMINADO,2,1,50,0,0,0,1620,92,4,0,0
1970470987,20,27/07/1970,17,47,0,INDETERMINADO,5,1,0,0,0,0,60,0,0,6,0
1970070814,11,28/07/1970,15,7,0,INDETERMINADO,5,1,0,0,0,0,180,0,0,0,0
1970080993,59,28/07/1970,2,8,0,INDETERMINADO,2,1,90,0,0,0,480,0,0,0,0
1970080994,619,28/07/1970,2,8,0,INDETERMINADO,3,1,30,0,0,0,1620,46,4,0,1
1970100936,10,28/07/1970,14,10,0,INDETERMINADO,2,1,50,0,0,0,60,0,0,0,0
1970131017,1800,28/07/1970,11,13,0,INDETERMINADO,3,1,30,0,0,0,300,32,2,0,0
1970141211,1610,28/07/1970,4,14,0,INDETERMINADO,5,1,0,0,0,0,300,65,0,0,0
1970240798,50,28/07/1970,17,24,0,INDETERMINADO,2,1,50,0,0,0,240,0,0,0,0
1970280918,20,28/07/1970,16,28,0,INDETERMINADO,5,1,0,0,0,0,180,0,0,0,0
1970280919,"6,29E+016",28/07/1970,16,28,0,INDETERMINADO,5,1,0,0,0,0,240,267,1,2,19
1970360884,30,28/07/1970,3,36,0,INDETERMINADO,5,1,0,0,0,0,240,0,0,0,0
1970380888,20,28/07/1970,12,38,0,INDETERMINADO,5,1,0,0,0,0,1260,0,0,0,0
1970410949,250,28/07/1970,4,41,0,INDETERMINADO,5,1,0,0,0,0,300,0,0,0,0
1970031512,90,29/07/1970,9,3,0,INDETERMINADO,2,1,50,0,0,0,240,0,0,0,0
1970080999,10,29/07/1970,2,8,0,INDETERMINADO,5,1,0,0,0,0,120,0,0,0,0
1970131018,6000,29/07/1970,11,13,0,INDETERMINADO,5,1,0,0,0,0,660,56,0,0,0
1970230794,25,29/07/1970,4,23,0,INDETERMINADO,5,1,0,0,0,0,420,0,0,0,0
1970240878,20,29/07/1970,17,24,0,INDETERMINADO,4,1,99,0,0,0,180,0,0,0,0
1970290840,350,29/07/1970,4,29,0,INDETERMINADO,5,1,0,0,0,0,300,0,0,0,0
1970320845,150,29/07/1970,3,32,0,INDETERMINADO,2,1,20,0,0,0,480,0,0,0,0
1970320846,170,29/07/1970,3,32,0,INDETERMINADO,2,1,90,0,0,0,240,0,0,0,0
1970320847,40,29/07/1970,3,32,0,INDETERMINADO,2,1,20,0,0,0,120,0,0,0,0
1970360885,25,29/07/1970,3,36,0,INDETERMINADO,4,1,99,0,0,0,120,0,0,0,0
1970361358,10,29/07/1970,3,36,0,INDETERMINADO,5,1,0,0,0,0,120,0,0,0,0
1970362200,20,29/07/1970,3,36,0,INDETERMINADO,5,1,0,0,0,0,120,0,0,0,0
1970363090,40,29/07/1970,3,36,0,INDETERMINADO,5,1,0,0,0,0,120,0,0,0,0
1970461009,10,29/07/1970,9,46,0,INDETERMINADO,5,1,0,0,0,0,120,0,0,0,0
1970461010,50,29/07/1970,9,46,0,INDETERMINADO,1,1,0,0,0,0,359,0,0,0,0
1970461047,50,29/07/1970,9,46,0,INDETERMINADO,1,1,0,0,0,0,419,0,0,0,0
1970470988,10,29/07/1970,17,47,0,INDETERMINADO,2,1,50,0,0,0,60,0,0,0,0
1970231065,50,30/07/1970,4,23,0,INDETERMINADO,5,1,0,0,0,0,180,0,0,0,0
1970271219,40,30/07/1970,3,27,0,INDETERMINADO,2,1,30,0,0,0,180,0,0,0,0
1970361164,20,30/07/1970,3,36,0,INDETERMINADO,5,1,0,0,0,0,120,0,0,0,0
1970361359,22,30/07/1970,3,36,0,INDETERMINADO,2,1,50,0,0,0,180,0,0,0,0
1970450896,120,30/07/1970,11,45,0,INDETERMINADO,3,1,30,0,0,0,300,0,0,0,0
1970150870,10,31/07/1970,3,15,0,INDETERMINADO,2,1,50,0,0,0,360,0,0,0,0
1970321147,100,31/07/1970,3,32,0,INDETERMINADO,5,1,0,0,0,0,420,42,0,0,2
1970361165,65,31/07/1970,3,36,0,INDETERMINADO,5,1,0,0,0,0,720,0,0,0,0
1970131389,1200,01/08/1970,11,13,0,INDETERMINADO,5,1,0,0,0,0,360,10,0,0,0
1970150937,52,01/08/1970,3,15,0,INDETERMINADO,5,1,0,0,0,0,420,0,0,0,0
1970150938,25,01/08/1970,3,15,0,INDETERMINADO,2,1,30,0,0,0,120,0,0,0,0
1970271139,160,01/08/1970,3,27,0,INDETERMINADO,1,1,0,0,0,0,360,21,1,0,9
1970320850,20,01/08/1970,3,32,0,INDETERMINADO,2,1,90,0,0,0,120,0,0,0,0
1970320851,10,01/08/1970,3,32,0,INDETERMINADO,1,1,0,0,0,0,60,0,0,0,0
1970361166,10,01/08/1970,3,36,0,INDETERMINADO,4,1,99,0,0,0,300,0,0,0,0
1970361360,33,01/08/1970,3,36,0,INDETERMINADO,4,1,99,0,0,0,60,0,0,0,0
1970362989,120,01/08/1970,3,36,0,INDETERMINADO,5,1,0,0,0,0,180,0,0,0,0
1970363092,15,01/08/1970,3,36,0,INDETERMINADO,4,1,99,0,0,0,175,0,0,0,0
1970363094,20,01/08/1970,3,36,0,INDETERMINADO,5,1,0,0,0,0,119,0,0,0,0
1970031415,500,02/08/1970,9,3,0,INDETERMINADO,5,1,0,0,0,0,360,33,2,0,7
1970051095,30,02/08/1970,17,5,0,INDETERMINADO,2,1,90,0,0,0,60,0,0,0,0
1970081198,98,02/08/1970,2,8,0,INDETERMINADO,5,1,0,0,0,0,660,0,0,0,0
1970100976,20,02/08/1970,14,10,0,INDETERMINADO,1,1,0,0,0,0,180,0,0,0,0
1970160916,80,02/08/1970,11,16,0,INDETERMINADO,2,1,50,0,0,0,120,0,0,0,0
1970271525,30,02/08/1970,3,27,0,INDETERMINADO,3,1,20,0,0,0,540,0,0,0,0
1970361265,40,02/08/1970,3,36,0,INDETERMINADO,5,1,0,0,0,0,660,0,0,0,0
1970361266,190,02/08/1970,3,36,0,INDETERMINADO,5,1,0,0,0,0,240,0,0,0,0
1970430894,10,02/08/1970,2,43,0,INDETERMINADO,2,1,50,0,0,0,240,0,0,0,0
1970461011,130,02/08/1970,9,46,0,INDETERMINADO,5,1,0,0,0,0,480,105,1,0,1
1970461012,440,02/08/1970,9,46,0,INDETERMINADO,5,1,0,0,0,0,420,228,1,0,6
1970150939,50,03/08/1970,3,15,0,INDETERMINADO,2,1,50,0,0,0,300,0,0,0,0
1970151485,10,03/08/1970,3,15,0,INDETERMINADO,5,1,0,0,0,0,120,0,0,0,0
1970230877,1250,03/08/1970,4,23,0,INDETERMINADO,5,1,0,0,0,0,420,99,0,0,0
1970350981,20,03/08/1970,12,35,0,INDETERMINADO,5,1,0,0,0,0,240,0,0,0,0
1970031416,2150,04/08/1970,9,3,0,INDETERMINADO,5,1,0,0,0,0,1140,60,1,0,0
1970361168,10,04/08/1970,3,36,0,INDETERMINADO,5,1,0,0,0,0,120,0,0,0,0
1970361441,25,04/08/1970,3,36,0,INDETERMINADO,5,1,0,0,0,0,120,0,0,0,1
1970461013,1100,04/08/1970,9,46,0,INDETERMINADO,2,1,50,0,0,0,1260,88,1,0,3
1970461799,222,04/08/1970,9,46,0,INDETERMINADO,2,1,50,0,0,0,1380,0,0,0,0
1970081055,14,05/08/1970,2,8,0,INDETERMINADO,5,1,0,0,0,0,120,0,0,0,0
1970291035,13,05/08/1970,4,29,0,INDETERMINADO,2,1,90,0,0,0,180,0,0,0,0
1970031459,400,06/08/1970,9,3,0,INDETERMINADO,3,1,10,0,0,0,780,42,1,0,7
1970051097,15,06/08/1970,17,5,0,INDETERMINADO,2,1,50,0,0,0,60,0,0,0,0
1970081057,22,06/08/1970,2,8,0,INDETERMINADO,5,1,0,0,0,0,180,0,0,0,0
1970230941,10,06/08/1970,4,23,0,INDETERMINADO,5,1,0,0,0,0,120,0,0,0,0
1970231066,30,06/08/1970,4,23,0,INDETERMINADO,2,1,50,0,0,0,180,0,0,0,0
1970231067,10,06/08/1970,4,23,0,INDETERMINADO,2,1,20,0,0,0,120,0,0,0,0
1970231068,80,06/08/1970,4,23,0,INDETERMINADO,2,1,50,0,0,0,180,0,0,0,0
1970281034,50,06/08/1970,16,28,0,INDETERMINADO,2,1,90,0,0,0,60,0,0,0,0
1970291332,30,06/08/1970,4,29,0,INDETERMINADO,2,1,50,0,0,0,240,0,0,0,0
1970321040,30,06/08/1970,3,32,0,INDETERMINADO,2,1,50,0,0,0,480,0,0,0,0
1970360982,70,06/08/1970,3,36,0,INDETERMINADO,5,1,0,0,0,0,180,0,0,0,0
1970361267,20,06/08/1970,3,36,0,INDETERMINADO,5,1,0,0,0,0,120,0,0,0,0
1970211020,15,07/08/1970,4,21,0,INDETERMINADO,5,1,0,0,0,0,60,0,0,0,0
1970241878,20,07/08/1970,17,24,0,INDETERMINADO,2,1,20,0,0,0,180,0,0,0,0
1970431082,25,07/08/1970,2,43,0,INDETERMINADO,2,1,50,0,0,0,180,0,0,0,0
1970431572,214,07/08/1970,2,43,0,INDETERMINADO,2,1,10,0,0,0,2820,105,1,0,1
1970440984,25,07/08/1970,10,44,0,INDETERMINADO,3,1,30,0,0,0,120,0,0,0,0
1970491182,30,07/08/1970,17,49,0,INDETERMINADO,5,1,0,0,0,0,180,0,0,0,0
1970031460,3000,08/08/1970,9,3,0,INDETERMINADO,3,1,10,0,0,0,960,122,3,0,19
1970051099,500,08/08/1970,17,5,0,INDETERMINADO,2,1,50,0,0,0,120,0,0,0,0
1970051186,2500,08/08/1970,17,5,0,INDETERMINADO,5,1,0,0,0,0,1859,81,0,0,0
1970081058,40,08/08/1970,2,8,0,INDETERMINADO,5,1,0,0,0,0,120,0,0,0,0
1970081060,251,08/08/1970,2,8,0,INDETERMINADO,5,1,0,0,0,0,900,0,0,0,0
1970131390,240,08/08/1970,11,13,0,INDETERMINADO,3,1,30,0,0,0,240,0,0,0,0
1970171113,20,08/08/1970,2,17,0,INDETERMINADO,5,1,0,0,0,0,180,0,0,0,0
1970291036,90,08/08/1970,4,29,0,INDETERMINADO,2,1,10,0,0,0,240,0,0,0,0
1970361268,10,08/08/1970,3,36,0,INDETERMINADO,5,1,0,0,0,0,119,0,0,0,0
1970361362,20,08/08/1970,3,36,0,INDETERMINADO,5,1,0,0,0,0,120,0,0,0,0
1970361363,10,08/08/1970,3,36,0,INDETERMINADO,5,1,0,0,0,0,60,0,0,0,0
1970381077,20,08/08/1970,12,38,0,INDETERMINADO,2,1,50,0,0,0,180,0,0,0,0
1970411221,2210,08/08/1970,4,41,0,INDETERMINADO,5,1,0,0,0,0,660,50,0,0,23
1970421178,20,08/08/1970,17,42,0,INDETERMINADO,3,1,10,0,0,0,120,0,0,0,0
1970051100,10,09/08/1970,17,5,0,INDETERMINADO,2,1,50,0,0,0,60,0,0,0,0
1970071050,150,09/08/1970,15,7,0,INDETERMINADO,5,1,0,0,0,0,480,0,0,0,0
1970071192,1200,09/08/1970,15,7,0,INDETERMINADO,5,1,0,0,0,0,2880,537,2,0,7
1970081061,20,09/08/1970,2,8,0,INDETERMINADO,5,1,0,0,0,0,120,0,0,0,0
1970081199,10,09/08/1970,2,8,0,INDETERMINADO,5,1,0,0,0,0,60,0,0,0,0
1970081200,76,09/08/1970,2,8,0,INDETERMINADO,2,1,50,0,0,0,240,93,5,0,1
1970081202,10,09/08/1970,2,8,0,INDETERMINADO,2,1,40,0,0,0,60,0,0,0,0
1970081294,10,09/08/1970,2,8,0,INDETERMINADO,5,1,0,0,0,0,180,0,0,0,0
1970122327,30,09/08/1970,9,12,0,INDETERMINADO,2,1,20,0,0,0,300,0,0,0,0
1970141212,170,09/08/1970,4,14,0,INDETERMINADO,5,1,0,0,0,0,120,0,0,0,0
1970141213,750,09/08/1970,4,14,0,INDETERMINADO,2,1,50,0,0,0,360,19,0,0,0
1970171114,160,09/08/1970,2,17,0,INDETERMINADO,5,1,0,0,0,0,360,0,0,0,0
1970171115,750,09/08/1970,2,17,0,INDETERMINADO,5,1,0,0,0,0,1740,44,2,0,21
1970241022,50,09/08/1970,17,24,0,INDETERMINADO,4,1,99,0,0,0,420,0,0,0,0
1970241515,530,09/08/1970,17,24,0,INDETERMINADO,2,1,40,0,0,0,2520,16,0,0,0
1970271526,60,09/08/1970,3,27,0,INDETERMINADO,4,1,99,0,0,0,960,0,0,0,0
1970280922,250,09/08/1970,16,28,0,INDETERMINADO,2,1,40,0,0,0,120,0,0,0,0
1970351130,110,09/08/1970,12,35,0,INDETERMINADO,2,1,50,0,0,0,240,0,0,0,0
1970361171,30,09/08/1970,3,36,0,INDETERMINADO,5,1,0,0,0,0,480,0,0,0,0
1970361269,45,09/08/1970,3,36,0,INDETERMINADO,4,1,99,0,0,0,300,0,0,0,0
1970361365,30,09/08/1970,3,36,0,INDETERMINADO,5,1,0,0,0,0,420,0,0,0,0
1970361366,12,09/08/1970,3,36,0,INDETERMINADO,4,1,99,0,0,0,120,0,0,0,0
1970391079,80,09/08/1970,6,39,0,INDETERMINADO,2,1,50,0,0,0,480,0,0,0,0
1970431087,100,09/08/1970,2,43,0,INDETERMINADO,2,1,50,0,0,0,360,0,0,0,0
1970431088,10,09/08/1970,2,43,0,INDETERMINADO,2,1,50,0,0,0,300,0,0,0,0
1970461800,80,09/08/1970,9,46,0,INDETERMINADO,2,1,90,0,0,0,240,0,0,0,0
1970491183,80,09/08/1970,17,49,0,INDETERMINADO,5,1,0,0,0,0,60,0,0,0,0
1970031462,400,10/08/1970,9,3,0,INDETERMINADO,5,1,0,0,0,0,660,0,0,0,0
1970081204,117,10/08/1970,2,8,0,INDETERMINADO,5,1,0,0,0,0,240,71,4,0,2
1970160977,200,10/08/1970,11,16,0,INDETERMINADO,5,1,0,0,0,0,120,0,0,0,0
1970171116,30,10/08/1970,2,17,0,INDETERMINADO,2,1,90,0,0,0,240,0,0,0,0
1970171117,750,10/08/1970,2,17,0,INDETERMINADO,2,1,90,0,0,0,1560,63,2,0,5
1970181064,180,10/08/1970,4,18,0,INDETERMINADO,5,1,0,0,0,0,480,0,0,0,0
1970241023,103,10/08/1970,17,24,0,INDETERMINADO,5,1,0,0,0,0,300,0,0,0,0
1970241024,20,10/08/1970,17,24,0,INDETERMINADO,4,1,99,0,0,0,840,0,0,0,0
1970241070,750,10/08/1970,17,24,0,INDETERMINADO,4,1,99,0,0,0,420,34,0,0,0
1970271527,510,10/08/1970,3,27,0,INDETERMINADO,2,1,50,0,0,0,600,23,0,0,13
1970361367,60,10/08/1970,3,36,0,INDETERMINADO,5,1,0,0,0,0,300,0,0,0,0
1970361442,10,10/08/1970,3,36,0,INDETERMINADO,5,1,0,0,0,0,60,0,0,0,0
1970363015,35,10/08/1970,3,36,0,INDETERMINADO,5,1,0,0,0,0,360,0,0,0,0
1970363138,120,10/08/1970,3,36,0,INDETERMINADO,4,1,99,0,0,0,360,20,0,0,2
1970431573,450,10/08/1970,2,43,0,INDETERMINADO,3,1,40,0,0,0,1560,76,1,0,3
1970431574,950,10/08/1970,2,43,0,INDETERMINADO,2,1,10,0,0,0,1200,35,3,0,4
1970041093,700,11/08/1970,4,4,0,INDETERMINADO,2,1,50,0,0,0,300,16,0,0,0
1970081206,10,11/08/1970,2,8,0,INDETERMINADO,5,1,0,0,0,0,180,0,0,0,0
1970081295,21,11/08/1970,2,8,0,INDETERMINADO,2,1,40,0,0,0,420,0,0,0,0
1970081296,34,11/08/1970,2,8,0,INDETERMINADO,2,1,90,0,0,0,300,0,0,0,0
1970081297,12,11/08/1970,2,8,0,INDETERMINADO,5,1,0,0,0,0,299,0,0,0,0
1970081299,311,11/08/1970,2,8,0,INDETERMINADO,2,1,50,0,0,0,780,46,4,0,4
1970081300,15,11/08/1970,2,8,0,INDETERMINADO,5,1,0,0,0,0,180,0,0,0,0
1970081301,41,11/08/1970,2,8,0,INDETERMINADO,5,1,0,0,0,0,120,0,0,0,0
1970081302,10,11/08/1970,2,8,0,INDETERMINADO,5,1,0,0,0,0,60,0,0,0,0
1970161019,30,11/08/1970,11,16,0,INDETERMINADO,2,1,20,0,0,0,240,0,0,0,0
1970171118,10,11/08/1970,2,17,0,INDETERMINADO,5,1,0,0,0,0,60,0,0,0,0
1970171132,10,11/08/1970,2,17,0,INDETERMINADO,2,1,90,0,0,0,60,0,0,0,0
1970171278,40,11/08/1970,2,17,0,INDETERMINADO,5,1,0,0,0,0,300,0,0,0,0
1970191687,220,11/08/1970,11,19,0,INDETERMINADO,2,1,50,0,0,0,300,0,0,0,0
1970231328,230,11/08/1970,4,23,0,INDETERMINADO,5,1,0,0,0,0,240,0,0,0,0
1970241772,400,11/08/1970,17,24,0,INDETERMINADO,4,1,99,0,0,0,2280,0,0,0,0
1970321148,100,11/08/1970,3,32,0,INDETERMINADO,2,1,20,0,0,0,900,0,0,0,0
1970321335,60,11/08/1970,3,32,0,INDETERMINADO,5,1,0,0,0,0,1020,0,0,0,0
1970321473,1000,11/08/1970,3,32,0,INDETERMINADO,5,1,0,0,0,0,3360,50,0,0,5
1970331435,24,11/08/1970,5,33,0,INDETERMINADO,2,1,30,0,0,0,180,0,0,0,0
1970341004,20,11/08/1970,17,34,0,INDETERMINADO,2,1,10,0,0,0,120,0,0,0,0
1970361274,30,11/08/1970,3,36,0,INDETERMINADO,5,1,0,0,0,0,120,0,0,0,0
1970361369,10,11/08/1970,3,36,0,INDETERMINADO,5,1,0,0,0,0,120,0,0,0,0
1970362920,15,11/08/1970,3,36,0,INDETERMINADO,5,1,0,0,0,0,240,0,0,0,0
1970363099,20,11/08/1970,3,36,0,INDETERMINADO,4,1,99,0,0,0,240,0,0,0,0
1970363173,10,11/08/1970,3,36,0,INDETERMINADO,5,1,0,0,0,0,480,0,0,0,0
1970363174,10,11/08/1970,3,36,0,INDETERMINADO,4,1,99,0,0,0,60,0,0,0,0
1970431089,10,11/08/1970,2,43,0,INDETERMINADO,2,1,50,0,0,0,120,0,0,0,0
1970431575,9000,11/08/1970,2,43,0,INDETERMINADO,2,1,50,0,0,0,1440,645,5,0,20
1970051101,30,12/08/1970,17,5,0,INDETERMINADO,2,1,50,0,0,0,60,0,0,54,0
1970081305,400,12/08/1970,2,8,0,INDETERMINADO,5,1,0,0,0,0,840,165,9,0,13
1970081306,200,12/08/1970,2,8,0,INDETERMINADO,2,1,40,0,0,0,480,61,4,0,2
1970131391,1800,12/08/1970,11,13,0,INDETERMINADO,5,1,0,0,0,0,300,14,0,0,0
1970141214,1700,12/08/1970,4,14,0,INDETERMINADO,5,1,0,0,0,0,420,35,0,0,0
1970151486,30,12/08/1970,3,15,0,INDETERMINADO,5,1,0,0,0,0,120,0,0,0,0
1970151487,30,12/08/1970,3,15,0,INDETERMINADO,2,1,50,0,0,0,300,0,0,0,0
1970151488,10,12/08/1970,3,15,0,INDETERMINADO,4,1,99,0,0,0,300,0,0,0,0
1970241025,770,12/08/1970,17,24,0,INDETERMINADO,5,1,0,0,0,0,3000,0,0,0,0
1970241773,50,12/08/1970,17,24,0,INDETERMINADO,5,1,0,0,0,0,180,0,0,0,0
1970241774,20,12/08/1970,17,24,0,INDETERMINADO,2,1,50,0,0,0,120,0,0,0,0
1970241775,850,12/08/1970,17,24,0,INDETERMINADO,2,1,20,0,0,0,1740,16,0,0,0
1970241879,20,12/08/1970,17,24,0,INDETERMINADO,2,1,90,0,0,0,120,0,0,0,0
1970251029,20,12/08/1970,2,25,0,INDETERMINADO,5,1,0,0,0,0,420,0,0,0,0
1970271529,1005,12/08/1970,3,27,0,INDETERMINADO,5,1,0,0,0,0,840,35,0,0,8
1970291333,150,12/08/1970,4,29,0,INDETERMINADO,2,1,50,0,0,0,300,0,0,0,0
1970321149,2150,12/08/1970,3,32,0,INDETERMINADO,2,1,40,0,0,0,960,146,1,0,2
1970361372,10,12/08/1970,3,36,0,INDETERMINADO,5,1,0,0,0,0,60,0,0,0,0
1970361373,30,12/08/1970,3,36,0,INDETERMINADO,5,1,0,0,0,0,240,0,0,0,0
1970381506,4500,12/08/1970,12,38,0,INDETERMINADO,2,1,50,0,0,0,2640,57,2,0,0
1970431576,80,12/08/1970,2,43,0,INDETERMINADO,2,1,50,0,0,0,360,0,0,0,0
1970451412,100,12/08/1970,11,45,0,INDETERMINADO,2,1,50,0,0,0,240,0,0,0,0
1970470989,10,12/08/1970,17,47,0,INDETERMINADO,2,1,50,0,0,0,60,0,0,42,0
1970051102,13090,13/08/1970,17,5,0,INDETERMINADO,2,1,90,0,0,0,600,220,2,0,4
1970081207,5500,13/08/1970,2,8,0,INDETERMINADO,5,1,0,0,0,0,1080,855,9,0,120
1970081307,30,13/08/1970,2,8,0,INDETERMINADO,5,1,0,0,0,0,300,0,0,0,0
1970081308,88,13/08/1970,2,8,0,INDETERMINADO,5,1,0,0,0,0,1320,0,0,0,0
1970081533,700,13/08/1970,2,8,0,INDETERMINADO,5,1,0,0,0,0,1020,48,2,0,1
1970101210,10,13/08/1970,14,10,0,INDETERMINADO,3,1,30,0,0,0,120,0,0,0,0
1970121275,300,13/08/1970,9,12,0,INDETERMINADO,2,1,10,0,0,0,360,136,0,0,6
1970131392,80,13/08/1970,11,13,0,INDETERMINADO,5,1,0,0,0,0,360,0,0,0,0
1970141215,55,13/08/1970,4,14,0,INDETERMINADO,2,1,50,0,0,0,180,0,0,0,0
1970151489,10,13/08/1970,3,15,0,INDETERMINADO,5,1,0,0,0,0,240,0,0,0,0
1970151490,470,13/08/1970,3,15,0,INDETERMINADO,1,1,0,0,0,0,660,0,0,0,0
1970171133,30,13/08/1970,2,17,0,INDETERMINADO,5,1,0,0,0,0,120,0,0,0,0
1970171279,90,13/08/1970,2,17,0,INDETERMINADO,5,1,0,0,0,0,360,31,1,0,3
1970171280,100,13/08/1970,2,17,0,INDETERMINADO,5,1,0,0,0,0,420,18,1,0,5
1970241776,60,13/08/1970,17,24,0,INDETERMINADO,5,1,0,0,0,0,120,0,0,0,0
1970241957,230,13/08/1970,17,24,0,INDETERMINADO,4,1,99,0,0,0,840,0,0,0,0
1970241958,40,13/08/1970,17,24,0,INDETERMINADO,2,1,10,0,0,0,480,0,0,0,0
1970251030,16,13/08/1970,2,25,0,INDETERMINADO,5,1,0,0,0,0,1320,0,0,0,0
1970271530,200,13/08/1970,3,27,0,INDETERMINADO,2,1,40,0,0,0,540,0,0,0,0
1970271541,80,13/08/1970,3,27,0,INDETERMINADO,2,1,10,0,0,0,240,0,0,0,0
1970271542,70,13/08/1970,3,27,0,INDETERMINADO,5,1,0,0,0,0,180,0,0,0,0
1970271543,200,13/08/1970,3,27,0,INDETERMINADO,5,1,0,0,0,0,2640,0,0,0,0
1970291076,25,13/08/1970,4,29,0,INDETERMINADO,2,1,50,0,0,0,120,0,0,0,0
1970321337,70,13/08/1970,3,32,0,INDETERMINADO,2,1,50,0,0,0,300,0,0,0,0
1970321474,20,13/08/1970,3,32,0,INDETERMINADO,5,1,0,0,0,0,60,0,0,0,0
1970351131,10,13/08/1970,12,35,0,INDETERMINADO,5,1,0,0,0,0,120,0,0,0,0
1970361374,55,13/08/1970,3,36,0,INDETERMINADO,5,1,0,0,0,0,300,0,0,0,0
1970361376,15,13/08/1970,3,36,0,INDETERMINADO,5,1,0,0,0,0,60,0,0,0,0
1970421045,15,13/08/1970,17,42,0,INDETERMINADO,5,1,0,0,0,0,120,0,0,0,0
1970431577,3000,13/08/1970,2,43,0,INDETERMINADO,2,1,40,0,0,0,4500,190,1,0,45
1970431578,15,13/08/1970,2,43,0,INDETERMINADO,2,1,50,0,0,0,60,0,0,0,0
1970461180,200,13/08/1970,9,46,0,INDETERMINADO,5,1,0,0,0,0,420,60,0,0,3
1970051187,360,14/08/1970,17,5,0,INDETERMINADO,5,1,0,0,0,0,1260,358,0,0,3
1970081309,72,14/08/1970,2,8,0,INDETERMINADO,5,1,0,0,0,0,300,0,0,0,0
1970081589,35,14/08/1970,2,8,0,INDETERMINADO,5,1,0,0,0,0,240,0,0,0,2
1970161063,20,14/08/1970,11,16,0,INDETERMINADO,3,1,10,0,0,0,180,0,0,0,0
1970171134,50,14/08/1970,2,17,0,INDETERMINADO,5,1,0,0,0,0,420,0,0,0,0
1970231329,150,14/08/1970,4,23,0,INDETERMINADO,3,1,30,0,0,0,120,0,0,0,0
1970241026,15,14/08/1970,17,24,0,INDETERMINADO,2,1,20,0,0,0,120,0,0,0,0
1970241959,10,14/08/1970,17,24,0,INDETERMINADO,2,1,20,0,0,0,60,0,0,0,0
1970361407,150,14/08/1970,3,36,0,INDETERMINADO,5,1,0,0,0,0,180,115,0,0,5
1970362517,20,14/08/1970,3,36,0,INDETERMINADO,5,1,0,0,0,0,1620,0,0,0,0
1970363018,30,14/08/1970,3,36,0,INDETERMINADO,5,1,0,0,0,0,60,0,0,0,0
1970411175,150,14/08/1970,4,41,0,INDETERMINADO,4,1,99,0,0,0,600,15,0,0,0
1970081208,230,15/08/1970,2,8,0,INDETERMINADO,3,1,20,0,0,0,360,114,3,0,4
1970081311,40,15/08/1970,2,8,0,INDETERMINADO,5,1,0,0,0,0,180,0,0,0,0
1970081312,30,15/08/1970,2,8,0,INDETERMINADO,2,1,50,0,0,0,480,0,0,0,0
1970081313,504,15/08/1970,2,8,0,INDETERMINADO,2,1,50,0,0,0,300,89,4,0,15
1970081534,10,15/08/1970,2,8,0,INDETERMINADO,2,1,50,0,0,0,180,0,0,0,0
1970081590,12,15/08/1970,2,8,0,INDETERMINADO,3,1,10,0,0,0,120,25,2,0,1
1970081591,10,15/08/1970,2,8,0,INDETERMINADO,2,1,50,0,0,0,180,0,0,0,0
1970151750,250,15/08/1970,3,15,0,INDETERMINADO,5,1,0,0,0,0,300,73,1,0,2
1970171281,2400,15/08/1970,2,17,0,INDETERMINADO,5,1,0,0,0,0,600,48,2,0,12
1970241138,45,15/08/1970,17,24,0,INDETERMINADO,3,1,10,0,0,0,180,0,0,0,0
1970241960,900,15/08/1970,17,24,0,INDETERMINADO,4,1,99,0,0,0,480,23,0,0,0
1970241961,10,15/08/1970,17,24,0,INDETERMINADO,2,1,20,0,0,0,60,0,0,0,0
1970271220,20,15/08/1970,3,27,0,INDETERMINADO,4,1,99,0,0,0,240,0,0,0,0
1970271544,370,15/08/1970,3,27,0,INDETERMINADO,4,1,99,0,0,0,599,0,0,0,0
1970271545,100,15/08/1970,3,27,0,INDETERMINADO,5,1,0,0,0,0,420,0,0,0,0
1970271546,50,15/08/1970,3,27,0,INDETERMINADO,5,1,0,0,0,0,420,0,0,0,0
1970271547,320,15/08/1970,3,27,0,INDETERMINADO,2,1,30,0,0,0,900,0,0,0,0
1970281289,10,15/08/1970,16,28,0,INDETERMINADO,3,1,10,0,0,0,180,0,0,0,0
1970331436,30,15/08/1970,5,33,0,INDETERMINADO,2,1,40,0,0,0,420,0,0,0,0
1970361173,10,15/08/1970,3,36,0,INDETERMINADO,2,1,50,0,0,0,120,0,0,0,0
1970361379,21,15/08/1970,3,36,0,INDETERMINADO,4,1,99,0,0,0,300,0,0,0,0
1970361380,25,15/08/1970,3,36,0,INDETERMINADO,5,1,0,0,0,0,180,0,0,0,0
1970361381,20,15/08/1970,3,36,0,INDETERMINADO,5,1,0,0,0,0,120,0,0,0,0
1970361409,60,15/08/1970,3,36,0,INDETERMINADO,5,1,0,0,0,0,360,0,0,0,0
1970362784,200,15/08/1970,3,36,0,INDETERMINADO,5,1,0,0,0,0,420,37,0,0,3
1970363019,280,15/08/1970,3,36,0,INDETERMINADO,5,1,0,0,0,0,240,0,0,0,0
1970363175,10,15/08/1970,3,36,0,INDETERMINADO,4,1,99,0,0,0,420,0,0,0,0
1970381078,10,15/08/1970,12,38,0,INDETERMINADO,2,1,50,0,0,0,60,0,0,0,0
1970421081,120,15/08/1970,17,42,0,INDETERMINADO,5,1,0,0,0,0,360,0,0,0,0
1970021184,20,16/08/1970,11,2,0,INDETERMINADO,5,1,0,0,0,0,180,0,0,0,0
1970021185,460,16/08/1970,11,2,0,INDETERMINADO,2,1,40,0,0,0,300,0,0,0,0
1970021531,2630,16/08/1970,11,2,0,INDETERMINADO,5,1,0,0,0,0,1440,532,3,36,56
1970032981,2000,16/08/1970,9,3,0,INDETERMINADO,2,1,90,0,0,0,2460,53,2,0,10
1970051702,72,16/08/1970,17,5,0,INDETERMINADO,2,1,40,0,0,0,120,0,0,42,0
1970071193,250,16/08/1970,15,7,0,INDETERMINADO,5,1,0,0,0,0,839,63,1,0,4
1970071194,120,16/08/1970,15,7,0,INDETERMINADO,2,1,50,0,0,0,600,0,0,0,0
1970071195,162,16/08/1970,15,7,0,INDETERMINADO,2,1,50,0,0,0,840,0,0,0,3
1970071196,35,16/08/1970,15,7,0,INDETERMINADO,2,1,50,0,0,0,240,0,0,0,2
1970071197,1820,16/08/1970,15,7,0,INDETERMINADO,5,1,0,0,0,0,1920,42,0,0,2
1970081314,30,16/08/1970,2,8,0,INDETERMINADO,2,1,40,0,0,0,120,0,0,0,0
1970081315,50,16/08/1970,2,8,0,INDETERMINADO,5,1,0,0,0,0,360,0,0,0,0
1970081317,15,16/08/1970,2,8,0,INDETERMINADO,5,1,0,0,0,0,180,0,0,0,0
1970081318,100,16/08/1970,2,8,0,INDETERMINADO,5,1,0,0,0,0,479,0,0,0,0
1970081319,10,16/08/1970,2,8,0,INDETERMINADO,4,1,99,0,0,0,59,0,0,0,0
1970141216,1250,16/08/1970,4,14,0,INDETERMINADO,5,1,0,0,0,0,420,44,0,0,0
1970171283,180,16/08/1970,2,17,0,INDETERMINADO,2,1,90,0,0,0,240,0,0,0,0
1970171284,90,16/08/1970,2,17,0,INDETERMINADO,5,1,0,0,0,0,180,22,0,0,5
1970281290,50,16/08/1970,16,28,0,INDETERMINADO,5,1,0,0,0,0,60,0,0,0,0
1970321339,100,16/08/1970,3,32,0,INDETERMINADO,2,1,90,0,0,0,360,0,0,0,0
1970361411,25,16/08/1970,3,36,0,INDETERMINADO,5,1,0,0,0,0,300,0,0,0,0
1970362518,50,16/08/1970,3,36,0,INDETERMINADO,5,1,0,0,0,0,300,0,0,0,0
1970363100,10,16/08/1970,3,36,0,INDETERMINADO,5,1,0,0,0,0,115,0,0,0,0
1970401080,20,16/08/1970,17,40,0,INDETERMINADO,5,1,0,0,0,0,120,0,0,0,0
1970411176,20,16/08/1970,4,41,0,INDETERMINADO,5,1,0,0,0,0,240,0,0,0,0
1970431579,160,16/08/1970,2,43,0,INDETERMINADO,2,1,40,0,0,0,1860,59,4,0,3
1970461801,20,16/08/1970,9,46,0,INDETERMINADO,5,1,0,0,0,0,300,0,0,0,0
1970461803,6270,16/08/1970,9,46,0,INDETERMINADO,2,1,90,0,0,0,2215,390,0,0,77
1970461856,18350,16/08/1970,9,46,0,INDETERMINADO,2,1,90,0,0,0,1680,176,0,0,22
1970501455,15,16/08/1970,10,50,0,INDETERMINADO,5,1,0,0,0,0,60,0,0,0,0
1970032982,4000,17/08/1970,9,3,0,INDETERMINADO,2,1,40,0,0,0,2640,109,0,0,10
1970121324,70,17/08/1970,9,12,0,INDETERMINADO,2,1,50,0,0,0,180,0,0,0,0
1970131393,1200,17/08/1970,11,13,0,INDETERMINADO,5,1,0,0,0,0,420,12,0,0,0
1970141217,700,17/08/1970,4,14,0,INDETERMINADO,5,1,0,0,0,0,420,24,0,0,0
1970141683,5640,17/08/1970,4,14,0,INDETERMINADO,2,1,50,0,0,0,540,45,0,0,0
1970161395,20,17/08/1970,11,16,0,INDETERMINADO,5,1,0,0,0,0,240,0,0,0,0
1970171420,140,17/08/1970,2,17,0,INDETERMINADO,5,1,0,0,0,0,240,0,0,0,0
1970231069,150,17/08/1970,4,23,0,INDETERMINADO,5,1,0,0,0,0,420,0,0,0,0
1970291288,30,17/08/1970,4,29,0,INDETERMINADO,2,1,40,0,0,0,600,0,0,0,0
1970461802,25070,17/08/1970,9,46,0,INDETERMINADO,5,1,0,0,0,0,3295,816,2,0,64
1970032983,14000,18/08/1970,9,3,0,INDETERMINADO,5,1,0,0,0,0,2580,181,4,0,24
1970051643,20,18/08/1970,17,5,0,INDETERMINADO,5,1,0,0,0,0,240,0,0,0,0
1970081592,20,18/08/1970,2,8,0,INDETERMINADO,5,1,0,0,0,0,60,30,0,0,1
1970081593,490,18/08/1970,2,8,0,INDETERMINADO,5,1,0,0,0,0,2159,53,4,0,0
1970081594,260,18/08/1970,2,8,0,INDETERMINADO,2,1,50,0,0,0,540,65,9,0,1
1970161326,800,18/08/1970,11,16,0,INDETERMINADO,2,1,10,0,0,0,300,0,0,0,0
1970222583,465,18/08/1970,10,22,0,INDETERMINADO,1,1,0,0,0,0,1920,106,0,0,2
1970231137,40,18/08/1970,4,23,0,INDETERMINADO,2,1,10,0,0,0,300,0,0,0,0
1970241623,80,18/08/1970,17,24,0,INDETERMINADO,2,1,90,0,0,0,120,0,0,0,0
1970241962,20,18/08/1970,17,24,0,INDETERMINADO,4,1,99,0,0,0,240,0,0,0,0
1970241963,20,18/08/1970,17,24,0,INDETERMINADO,4,1,99,0,0,0,540,0,0,0,0
1970301334,40,18/08/1970,8,30,0,INDETERMINADO,5,1,0,0,0,0,300,0,0,0,0
1970451413,500,18/08/1970,11,45,0,INDETERMINADO,2,1,30,0,0,0,480,5,0,0,0
1970461804,80,18/08/1970,9,46,0,INDETERMINADO,5,1,0,0,0,0,240,111,0,0,3
1970032984,6780,19/08/1970,9,3,0,INDETERMINADO,2,1,10,0,0,0,1140,315,0,0,16
1970051188,30,19/08/1970,17,5,0,INDETERMINADO,5,1,0,0,0,0,180,0,0,0,0
1970051189,20,19/08/1970,17,5,0,INDETERMINADO,5,1,0,0,0,0,600,0,0,0,0
1970052442,20,19/08/1970,17,5,0,INDETERMINADO,2,1,40,0,0,0,180,0,0,0,0
1970081596,10,19/08/1970,2,8,0,INDETERMINADO,5,1,0,0,0,0,180,14,0,0,0
1970111619,400,19/08/1970,4,11,0,INDETERMINADO,5,1,0,0,0,0,120,106,1,0,2
1970121276,70,19/08/1970,9,12,0,INDETERMINADO,3,1,20,0,0,0,300,161,0,0,2
1970241964,10,19/08/1970,17,24,0,INDETERMINADO,4,1,99,0,0,0,360,0,0,0,0
1970291430,400,19/08/1970,4,29,0,INDETERMINADO,2,1,50,0,0,0,360,68,1,0,3
1970371385,24,19/08/1970,17,37,0,INDETERMINADO,2,1,10,0,0,0,60,0,0,0,0
1970381508,2000,19/08/1970,12,38,0,INDETERMINADO,4,1,99,0,0,0,7800,472,0,0,71
1970421696,2780,19/08/1970,17,42,0,INDETERMINADO,5,1,0,0,0,0,480,291,1,0,31
1970461857,14410,19/08/1970,9,46,0,INDETERMINADO,5,1,0,0,0,0,2940,480,1,0,158
1970491450,30,19/08/1970,17,49,0,INDETERMINADO,5,1,0,0,0,0,60,0,0,0,0
1970031463,1800,20/08/1970,9,3,0,INDETERMINADO,5,1,0,0,0,0,1020,31,0,0,0
1970031678,3500,20/08/1970,9,3,0,INDETERMINADO,5,1,0,0,0,0,1200,162,0,0,40
1970032985,8370,20/08/1970,9,3,0,INDETERMINADO,5,1,0,0,0,0,1255,136,0,0,2
1970081536,300,20/08/1970,2,8,0,INDETERMINADO,2,1,90,0,0,0,4380,0,0,0,0
1970081538,30,20/08/1970,2,8,0,INDETERMINADO,1,1,0,0,0,0,120,0,0,0,3
1970122328,30,20/08/1970,9,12,0,INDETERMINADO,2,1,10,0,0,0,240,0,0,0,0
1970131394,100,20/08/1970,11,13,0,INDETERMINADO,5,1,0,0,0,0,180,14,0,0,0
1970161467,20,20/08/1970,11,16,0,INDETERMINADO,2,1,10,0,0,0,60,0,0,0,0
1970241981,60,20/08/1970,17,24,0,INDETERMINADO,2,1,40,0,0,0,120,0,0,0,0
1970291398,40,20/08/1970,4,29,0,INDETERMINADO,2,1,90,0,0,0,180,0,0,0,0
1970321340,40,20/08/1970,3,32,0,INDETERMINADO,2,1,90,0,0,0,960,0,0,0,0
1970321431,60,20/08/1970,3,32,0,INDETERMINADO,2,1,50,0,0,0,240,0,0,0,0
1970321432,50,20/08/1970,3,32,0,INDETERMINADO,4,1,99,0,0,0,1020,0,0,0,0
1970331438,50,20/08/1970,5,33,0,INDETERMINADO,5,1,0,0,0,0,835,0,0,0,0
1970362793,10,20/08/1970,3,36,0,INDETERMINADO,5,1,0,0,0,0,240,0,0,0,0
1970431580,20,20/08/1970,2,43,0,INDETERMINADO,3,1,30,0,0,0,120,0,0,0,0
1970461181,200,20/08/1970,9,46,0,INDETERMINADO,5,1,0,0,0,0,720,19,0,0,0
1970031679,400,21/08/1970,9,3,0,INDETERMINADO,5,1,0,0,0,0,240,0,0,0,1
1970101388,800,21/08/1970,14,10,0,INDETERMINADO,2,1,50,0,0,0,420,48,0,0,0
1970231502,40,21/08/1970,4,23,0,INDETERMINADO,2,1,40,0,0,0,120,0,0,0,0
1970241982,110,21/08/1970,17,24,0,INDETERMINADO,2,1,10,0,0,0,540,0,0,0,0
1970321341,60,21/08/1970,3,32,0,INDETERMINADO,2,1,90,0,0,0,300,0,0,0,0
1970321342,30,21/08/1970,3,32,0,INDETERMINADO,2,1,20,0,0,0,300,0,0,0,0
1970321475,150,21/08/1970,3,32,0,INDETERMINADO,2,1,50,0,0,0,360,108,0,0,0
1970412758,950,21/08/1970,4,41,0,INDETERMINADO,5,1,0,0,0,0,360,42,2,0,6
1970431581,2500,21/08/1970,2,43,0,INDETERMINADO,2,1,10,0,0,0,4200,85,1,0,11
1970431582,45,21/08/1970,2,43,0,INDETERMINADO,5,1,0,0,0,0,240,0,0,0,0
1970081597,60,22/08/1970,2,8,0,INDETERMINADO,5,1,0,0,0,0,300,0,0,0,0
1970121418,800,22/08/1970,9,12,0,INDETERMINADO,2,1,10,0,0,0,480,300,1,0,15
1970171285,10,22/08/1970,2,17,0,INDETERMINADO,5,1,0,0,0,0,60,0,0,0,0
1970231291,10,22/08/1970,4,23,0,INDETERMINADO,5,1,0,0,0,0,540,0,0,0,0
1970241777,3367,22/08/1970,17,24,0,INDETERMINADO,2,1,10,0,0,0,1200,72,0,0,6
1970241983,10,22/08/1970,17,24,0,INDETERMINADO,5,1,0,0,0,0,360,0,0,0,0
1970321343,30,22/08/1970,3,32,0,INDETERMINADO,4,1,99,0,0,0,120,0,0,0,0
1970321818,20,22/08/1970,3,32,0,INDETERMINADO,2,1,50,0,0,0,480,0,0,0,0
1970391477,100,22/08/1970,6,39,0,INDETERMINADO,2,1,50,0,0,0,180,0,0,0,0
1970411177,350,22/08/1970,4,41,0,INDETERMINADO,5,1,0,0,0,0,180,0,0,0,0
1970021292,35,23/08/1970,11,2,0,INDETERMINADO,2,1,50,0,0,0,180,0,0,0,0
1970051191,200,23/08/1970,17,5,0,INDETERMINADO,5,1,0,0,0,0,240,0,0,0,0
1970081539,30,23/08/1970,2,8,0,INDETERMINADO,5,1,0,0,0,0,360,0,0,0,2
1970161327,60,23/08/1970,11,16,0,INDETERMINADO,2,1,50,0,0,0,120,0,0,0,0
1970171286,200,23/08/1970,2,17,0,INDETERMINADO,5,1,0,0,0,0,240,50,1,0,1
1970171422,10,23/08/1970,2,17,0,INDETERMINADO,5,1,0,0,0,0,120,0,0,0,0
1970231330,20,23/08/1970,4,23,0,INDETERMINADO,5,1,0,0,0,0,180,0,0,0,0
1970241778,10,23/08/1970,17,24,0,INDETERMINADO,5,1,0,0,0,0,60,0,0,0,0
1970241984,450,23/08/1970,17,24,0,INDETERMINADO,4,1,99,0,0,0,420,0,0,0,0
1970271549,45,23/08/1970,3,27,0,INDETERMINADO,5,1,0,0,0,0,960,0,0,0,1
1970271550,150,23/08/1970,3,27,0,INDETERMINADO,5,1,0,0,0,0,420,0,0,0,0
1970321400,250,23/08/1970,3,32,0,INDETERMINADO,2,1,20,0,0,0,1860,45,0,0,3
1970321691,870,23/08/1970,3,32,0,INDETERMINADO,4,1,99,0,0,0,1440,50,0,0,0
1970331439,180,23/08/1970,5,33,0,INDETERMINADO,4,1,99,0,0,0,1260,0,0,0,0
1970361384,10,23/08/1970,3,36,0,INDETERMINADO,5,1,0,0,0,0,120,0,0,0,0
1970431583,7000,23/08/1970,2,43,0,INDETERMINADO,4,1,99,0,0,0,2820,330,1,0,50
1970451511,300,23/08/1970,11,45,0,INDETERMINADO,2,1,50,0,0,0,180,0,0,0,0
1970021293,30,24/08/1970,11,2,0,INDETERMINADO,2,1,50,0,0,0,120,0,0,0,0
1970151493,250,24/08/1970,3,15,0,INDETERMINADO,5,1,0,0,0,0,360,0,0,0,0
1970151751,70,24/08/1970,3,15,0,INDETERMINADO,5,1,0,0,0,0,420,0,0,0,1
1970241779,10,24/08/1970,17,24,0,INDETERMINADO,4,1,99,0,0,0,300,0,0,0,0
1970241780,459,24/08/1970,17,24,0,INDETERMINADO,2,1,10,0,0,0,2700,100,0,0,17
1970241781,500,24/08/1970,17,24,0,INDETERMINADO,5,1,0,0,0,0,840,0,0,0,0
1970251468,10,24/08/1970,2,25,0,INDETERMINADO,5,1,0,0,0,0,60,0,0,0,0
1970271551,10,24/08/1970,3,27,0,INDETERMINADO,4,1,99,0,0,0,180,0,0,0,0
1970271552,890,24/08/1970,3,27,0,INDETERMINADO,5,1,0,0,0,0,1500,50,0,0,14
1970291564,20,24/08/1970,4,29,0,INDETERMINADO,2,1,40,0,0,0,180,0,0,0,0
1970321344,100,24/08/1970,3,32,0,INDETERMINADO,2,1,90,0,0,0,180,0,0,0,0
1970321433,530,24/08/1970,3,32,0,INDETERMINADO,4,1,99,0,0,0,719,0,0,0,0
1970321819,5500,24/08/1970,3,32,0,INDETERMINADO,4,1,99,0,0,0,2340,65,0,0,2
1970331346,1200,24/08/1970,5,33,0,INDETERMINADO,4,1,99,0,0,0,3000,25,1,0,0
1970362194,530,24/08/1970,3,36,0,INDETERMINADO,4,1,99,0,0,0,355,35,1,0,13
1970363020,180,24/08/1970,3,36,0,INDETERMINADO,5,1,0,0,0,0,240,0,0,0,0
1970363021,50,24/08/1970,3,36,0,INDETERMINADO,5,1,0,0,0,0,300,0,0,0,0
1970363101,15,24/08/1970,3,36,0,INDETERMINADO,4,1,99,0,0,0,120,0,0,0,0
1970431584,50,24/08/1970,2,43,0,INDETERMINADO,2,1,40,0,0,0,360,0,0,0,0
1970471449,30,24/08/1970,17,47,0,INDETERMINADO,3,1,30,0,0,0,180,0,0,24,0
1970491452,40,24/08/1970,17,49,0,INDETERMINADO,2,1,40,0,0,0,120,0,0,0,0
1970081540,10,25/08/1970,2,8,0,INDETERMINADO,5,1,0,0,0,0,120,0,0,0,0
1970151494,10,25/08/1970,3,15,0,INDETERMINADO,2,1,20,0,0,0,120,0,0,0,0
1970151495,750,25/08/1970,3,15,0,INDETERMINADO,4,1,99,0,0,0,719,22,0,0,0
1970151496,10,25/08/1970,3,15,0,INDETERMINADO,5,1,0,0,0,0,300,0,0,0,0
1970161396,20,25/08/1970,11,16,0,INDETERMINADO,5,1,0,0,0,0,300,0,0,0,0
1970241287,120,25/08/1970,17,24,0,INDETERMINADO,5,1,0,0,0,0,1080,0,0,0,0
1970241782,20,25/08/1970,17,24,0,INDETERMINADO,5,1,0,0,0,0,240,0,0,0,0
1970241832,300,25/08/1970,17,24,0,INDETERMINADO,4,1,99,0,0,0,360,0,0,0,0
1970321402,150,25/08/1970,3,32,0,INDETERMINADO,5,1,0,0,0,0,240,0,0,0,0
1970321403,40,25/08/1970,3,32,0,INDETERMINADO,4,1,99,0,0,0,120,0,0,0,0
1970321404,10,25/08/1970,3,32,0,INDETERMINADO,2,1,90,0,0,0,120,0,0,0,0
1970321476,1900,25/08/1970,3,32,0,INDETERMINADO,2,1,10,0,0,0,600,100,0,0,128
1970322050,1000,25/08/1970,3,32,0,INDETERMINADO,4,1,99,0,0,0,2520,156,0,0,21
1970362519,20,25/08/1970,3,36,0,INDETERMINADO,5,1,0,0,0,0,60,0,0,0,0
1970362520,200,25/08/1970,3,36,0,INDETERMINADO,5,1,0,0,0,0,360,0,0,0,0
1970362921,15,25/08/1970,3,36,0,INDETERMINADO,5,1,0,0,0,0,60,0,0,0,0
1970391478,50,25/08/1970,6,39,0,INDETERMINADO,2,1,40,0,0,0,780,0,0,0,0
1970461805,10,25/08/1970,9,46,0,INDETERMINADO,5,1,0,0,0,0,180,0,0,0,0
1970042466,2000,26/08/1970,4,4,0,INDETERMINADO,5,1,0,0,0,0,1020,27,0,0,0
1970051645,30,26/08/1970,17,5,0,INDETERMINADO,4,1,99,0,0,0,120,0,0,6,0
1970091465,30,26/08/1970,17,9,0,INDETERMINADO,5,1,0,0,0,0,480,0,0,0,0
1970151497,35,26/08/1970,3,15,0,INDETERMINADO,5,1,0,0,0,0,180,0,0,0,0
1970241516,400,26/08/1970,17,24,0,INDETERMINADO,1,1,0,0,0,0,1500,16,0,0,2
1970241985,20,26/08/1970,17,24,0,INDETERMINADO,4,1,99,0,0,0,120,0,0,0,0
1970261427,90,26/08/1970,7,26,0,INDETERMINADO,2,1,30,0,0,0,180,0,0,0,0
1970271553,100,26/08/1970,3,27,0,INDETERMINADO,5,1,0,0,0,0,540,0,0,0,0
1970281429,50,26/08/1970,16,28,0,INDETERMINADO,5,1,0,0,0,0,120,0,0,0,0
1970321405,30,26/08/1970,3,32,0,INDETERMINADO,4,1,99,0,0,0,240,0,0,0,0
1970321654,40,26/08/1970,3,32,0,INDETERMINADO,2,1,20,0,0,0,180,0,0,0,0
1970361447,30,26/08/1970,3,36,0,INDETERMINADO,5,1,0,0,0,0,120,0,0,0,1
1970362521,100,26/08/1970,3,36,0,INDETERMINADO,5,1,0,0,0,0,480,0,0,0,0
1970491453,80,26/08/1970,17,49,0,INDETERMINADO,5,1,0,0,0,0,240,0,0,0,0
1970081607,40,27/08/1970,2,8,0,INDETERMINADO,2,1,50,0,0,0,240,0,0,0,2
1970081608,10,27/08/1970,2,8,0,INDETERMINADO,5,1,0,0,0,0,240,0,0,0,1
1970241331,500,27/08/1970,17,24,0,INDETERMINADO,5,1,0,0,0,0,1019,0,0,0,0
1970251469,15,27/08/1970,2,25,0,INDETERMINADO,5,1,0,0,0,0,239,0,0,0,0
1970251719,540,27/08/1970,2,25,0,INDETERMINADO,2,1,10,0,0,0,480,120,2,0,3
1970261428,40,27/08/1970,7,26,0,INDETERMINADO,5,1,0,0,0,0,240,0,0,0,0
1970271556,20,27/08/1970,3,27,0,INDETERMINADO,1,1,0,0,0,0,180,0,0,0,0
1970271837,380,27/08/1970,3,27,0,INDETERMINADO,1,1,0,0,0,0,300,36,0,0,14
1970321345,900,27/08/1970,3,32,0,INDETERMINADO,2,1,20,0,0,0,1140,39,0,0,0
1970321406,20,27/08/1970,3,32,0,INDETERMINADO,4,1,99,0,0,0,120,0,0,0,0
1970321655,10,27/08/1970,3,32,0,INDETERMINADO,1,1,0,0,0,0,180,0,0,0,0
1970321656,25,27/08/1970,3,32,0,INDETERMINADO,2,1,50,0,0,0,240,0,0,0,0
1970321657,25,27/08/1970,3,32,0,INDETERMINADO,4,1,99,0,0,0,120,0,0,0,0
1970321692,20,27/08/1970,3,32,0,INDETERMINADO,1,1,0,0,0,0,180,0,0,0,0
1970321793,250,27/08/1970,3,32,0,INDETERMINADO,4,1,99,0,0,0,420,18,0,0,11
1970362195,50,27/08/1970,3,36,0,INDETERMINADO,4,1,99,0,0,0,240,0,0,0,4
1970431585,20,27/08/1970,2,43,0,INDETERMINADO,2,1,50,0,0,0,60,0,0,0,0
1970081610,10,28/08/1970,2,8,0,INDETERMINADO,2,1,90,0,0,0,120,0,0,0,0
1970151498,260,28/08/1970,3,15,0,INDETERMINADO,5,1,0,0,0,0,180,63,1,0,2
1970231503,10,28/08/1970,4,23,0,INDETERMINADO,2,1,50,0,0,0,240,0,0,0,0
1970241986,100,28/08/1970,17,24,0,INDETERMINADO,3,1,30,0,0,0,180,0,0,0,0
1970361635,20,28/08/1970,3,36,0,INDETERMINADO,2,1,40,0,0,0,180,0,0,0,0
1970362665,10,28/08/1970,3,36,0,INDETERMINADO,5,1,0,0,0,0,180,0,0,0,0
1970363024,300,28/08/1970,3,36,0,INDETERMINADO,5,1,0,0,0,0,1380,0,0,0,0
1970431586,20,28/08/1970,2,43,0,INDETERMINADO,2,1,50,0,0,0,360,0,0,0,0
1970101617,50,29/08/1970,14,10,0,INDETERMINADO,2,1,50,0,0,0,180,0,0,0,0
1970362922,40,29/08/1970,3,36,0,INDETERMINADO,5,1,0,0,0,0,360,0,0,0,0
1970363025,20,29/08/1970,3,36,0,INDETERMINADO,5,1,0,0,0,0,60,0,0,0,0
1970363102,10,29/08/1970,3,36,0,INDETERMINADO,5,1,0,0,0,0,120,0,0,0,0
1970461858,150,29/08/1970,9,46,0,INDETERMINADO,1,1,0,0,0,0,360,0,0,0,0
1970271557,10,30/08/1970,3,27,0,INDETERMINADO,2,1,30,0,0,0,180,0,0,0,0
1970272288,650,30/08/1970,3,27,0,INDETERMINADO,5,1,0,0,0,0,1860,100,0,0,9
1970321659,60,30/08/1970,3,32,0,INDETERMINADO,2,1,20,0,0,0,240,0,0,0,0
1970321660,1000,30/08/1970,3,32,0,INDETERMINADO,2,1,20,0,0,0,180,61,0,0,0
1970361636,10,30/08/1970,3,36,0,INDETERMINADO,2,1,40,0,0,0,180,0,0,0,0
1970361637,35,30/08/1970,3,36,0,INDETERMINADO,2,1,40,0,0,0,240,0,0,0,0
1970362923,20,30/08/1970,3,36,0,INDETERMINADO,5,1,0,0,0,0,180,0,0,0,0
1970363026,120,30/08/1970,3,36,0,INDETERMINADO,5,1,0,0,0,0,120,0,0,0,0
1970363139,260,30/08/1970,3,36,0,INDETERMINADO,4,1,99,0,0,0,535,27,1,0,4
1970411975,2800,30/08/1970,4,41,0,INDETERMINADO,5,1,0,0,0,0,1980,32,0,0,123
1970051705,10,31/08/1970,17,5,0,INDETERMINADO,2,1,50,0,0,0,60,0,0,6,0
1970091387,40,31/08/1970,17,9,0,INDETERMINADO,2,1,40,0,0,0,180,0,0,0,0
1970151500,10,31/08/1970,3,15,0,INDETERMINADO,2,1,20,0,0,0,240,0,0,0,0
1970241425,20,31/08/1970,17,24,0,INDETERMINADO,2,1,10,0,0,0,180,0,0,0,0
1970241880,600,31/08/1970,17,24,0,INDETERMINADO,5,1,0,0,0,0,540,35,0,0,5
1970321661,302,31/08/1970,3,32,0,INDETERMINADO,5,1,0,0,0,0,600,0,0,0,0
1970321693,76,31/08/1970,3,32,0,INDETERMINADO,2,1,50,0,0,0,180,58,0,0,3
1970361638,15,31/08/1970,3,36,0,INDETERMINADO,5,1,0,0,0,0,120,0,0,0,0
1970362523,10,31/08/1970,3,36,0,INDETERMINADO,5,1,0,0,0,0,60,0,0,0,0
1970362524,400,31/08/1970,3,36,0,INDETERMINADO,2,1,10,0,0,0,840,0,0,0,0
1970362785,665,31/08/1970,3,36,0,INDETERMINADO,5,1,0,0,0,0,480,89,1,0,37
1970363140,1500,31/08/1970,3,36,0,INDETERMINADO,2,1,20,0,0,0,840,97,1,0,24
1970431587,40,31/08/1970,2,43,0,INDETERMINADO,2,1,50,0,0,0,240,0,0,0,0
1970061480,20,01/09/1970,14,6,0,INDETERMINADO,4,1,99,0,0,0,300,0,0,0,0
1970171730,20,01/09/1970,2,17,0,INDETERMINADO,2,1,50,0,0,0,60,0,0,0,0
1970241426,80,01/09/1970,17,24,0,INDETERMINADO,5,1,0,0,0,0,240,68,0,0,4
1970241783,50,01/09/1970,17,24,0,INDETERMINADO,4,1,99,0,0,0,960,0,0,0,0
1970241833,40,01/09/1970,17,24,0,INDETERMINADO,4,1,99,0,0,0,240,0,0,0,0
1970241987,10,01/09/1970,17,24,0,INDETERMINADO,2,1,10,0,0,0,60,0,0,0,0
1970271689,100,01/09/1970,3,27,0,INDETERMINADO,4,1,99,0,0,0,300,34,0,0,1
1970281472,10,01/09/1970,16,28,0,INDETERMINADO,2,1,50,0,0,0,120,0,0,0,0
1970281558,12,01/09/1970,16,28,0,INDETERMINADO,5,1,0,0,0,0,60,0,0,0,0
1970291565,240,01/09/1970,4,29,0,INDETERMINADO,5,1,0,0,0,0,600,150,0,0,1
1970291842,900,01/09/1970,4,29,0,INDETERMINADO,5,1,0,0,0,0,420,31,2,0,0
1970321662,40,01/09/1970,3,32,0,INDETERMINADO,5,1,0,0,0,0,540,0,0,0,0
1970361639,60,01/09/1970,3,36,0,INDETERMINADO,5,1,0,0,0,0,540,0,0,0,0
1970362398,10,01/09/1970,3,36,0,INDETERMINADO,5,1,0,0,0,0,120,0,0,0,0
1970362993,30,01/09/1970,3,36,0,INDETERMINADO,5,1,0,0,0,0,180,0,0,0,0
1970363159,30,01/09/1970,3,36,0,INDETERMINADO,5,1,0,0,0,0,60,0,0,0,0
1970363176,12,01/09/1970,3,36,0,INDETERMINADO,4,1,99,0,0,0,240,0,0,0,0
1970471641,10,01/09/1970,17,47,0,INDETERMINADO,2,1,50,0,0,0,60,0,0,0,0
1970031699,10,02/09/1970,9,3,0,INDETERMINADO,2,1,10,0,0,0,240,0,0,0,0
1970081611,2100,02/09/1970,2,8,0,INDETERMINADO,4,1,99,0,0,0,1020,103,6,0,19
1970101618,50,02/09/1970,14,10,0,INDETERMINADO,2,1,50,0,0,0,120,0,0,0,0
1970121682,10,02/09/1970,9,12,0,INDETERMINADO,2,1,50,0,0,0,240,0,0,0,0
1970151501,20,02/09/1970,3,15,0,INDETERMINADO,5,1,0,0,0,0,120,0,0,0,0
1970151752,15,02/09/1970,3,15,0,INDETERMINADO,5,1,0,0,0,0,60,0,0,0,0
1970151753,20,02/09/1970,3,15,0,INDETERMINADO,5,1,0,0,0,0,1,0,0,0,0
1970231504,300,02/09/1970,4,23,0,INDETERMINADO,5,1,0,0,0,0,240,0,0,0,0
1970241784,80,02/09/1970,17,24,0,INDETERMINADO,2,1,10,0,0,0,240,0,0,0,0
1970241785,300,02/09/1970,17,24,0,INDETERMINADO,5,1,0,0,0,0,180,0,0,0,0
1970321663,450,02/09/1970,3,32,0,INDETERMINADO,5,1,0,0,0,0,540,0,0,0,0
1970321664,120,02/09/1970,3,32,0,INDETERMINADO,2,1,20,0,0,0,720,0,0,0,0
1970321665,400,02/09/1970,3,32,0,INDETERMINADO,2,1,40,0,0,0,480,61,0,0,24
1970321694,15,02/09/1970,3,32,0,INDETERMINADO,2,1,50,0,0,0,120,0,0,0,0
1970362401,30,02/09/1970,3,36,0,INDETERMINADO,5,1,0,0,0,0,120,0,0,0,0
1970362402,30,02/09/1970,3,36,0,INDETERMINADO,5,1,0,0,0,0,120,0,0,0,0
1970363141,170,02/09/1970,3,36,0,INDETERMINADO,5,1,0,0,0,0,480,25,1,0,3
1970401640,300,02/09/1970,17,40,0,INDETERMINADO,5,1,0,0,0,0,360,0,0,0,0
1970051706,25,03/09/1970,17,5,0,INDETERMINADO,4,1,99,0,0,0,175,0,0,0,1
1970051707,13,03/09/1970,17,5,0,INDETERMINADO,5,1,0,0,0,0,90,101,0,0,0
1970071746,11,03/09/1970,15,7,0,INDETERMINADO,2,1,10,0,0,0,180,0,0,0,0
1970161715,40,03/09/1970,11,16,0,INDETERMINADO,3,1,20,0,0,0,180,0,0,0,0
1970161716,25,03/09/1970,11,16,0,INDETERMINADO,1,1,0,0,0,0,120,0,0,0,0
1970192362,200,03/09/1970,11,19,0,INDETERMINADO,3,1,20,0,0,0,240,0,0,0,0
1970231505,10,03/09/1970,4,23,0,INDETERMINADO,5,1,0,0,0,0,60,0,0,0,0
1970231769,10,03/09/1970,4,23,0,INDETERMINADO,1,1,0,0,0,0,180,0,0,0,0
1970241517,15,03/09/1970,17,24,0,INDETERMINADO,2,1,10,0,0,0,180,0,0,0,0
1970241518,160,03/09/1970,17,24,0,INDETERMINADO,2,1,40,0,0,0,600,0,0,0,0
1970241786,450,03/09/1970,17,24,0,INDETERMINADO,5,1,0,0,0,0,1979,0,0,0,0
1970241988,10,03/09/1970,17,24,0,INDETERMINADO,2,1,30,0,0,0,60,0,0,0,0
1970321666,1200,03/09/1970,3,32,0,INDETERMINADO,2,1,20,0,0,0,1380,30,0,0,0
1970321667,200,03/09/1970,3,32,0,INDETERMINADO,2,1,20,0,0,0,660,0,0,0,0
1970321668,100,03/09/1970,3,32,0,INDETERMINADO,2,1,20,0,0,0,180,26,0,0,1
1970321794,150,03/09/1970,3,32,0,INDETERMINADO,2,1,50,0,0,0,1500,0,0,0,0
1970362404,40,03/09/1970,3,36,0,INDETERMINADO,5,1,0,0,0,0,240,0,0,0,0
1970363104,10,03/09/1970,3,36,0,INDETERMINADO,5,1,0,0,0,0,120,0,0,0,0
1970491726,100,03/09/1970,17,49,0,INDETERMINADO,5,1,0,0,0,0,60,0,0,0,0
1970151754,10,04/09/1970,3,15,0,INDETERMINADO,5,1,0,0,0,0,115,0,0,0,0
1970241881,50,04/09/1970,17,24,0,INDETERMINADO,2,1,10,0,0,0,3180,0,0,0,0
1970281626,30,04/09/1970,16,28,0,INDETERMINADO,2,1,50,0,0,0,60,0,0,0,0
1970321736,5000,04/09/1970,3,32,0,INDETERMINADO,2,1,20,0,0,0,3120,66,0,0,0
1970321934,2000,04/09/1970,3,32,0,INDETERMINADO,2,1,20,0,0,0,2160,61,0,0,0
1970322051,200,04/09/1970,3,32,0,INDETERMINADO,2,1,50,0,0,0,2700,0,0,0,0
1970362407,2210,04/09/1970,3,36,0,INDETERMINADO,4,1,99,0,0,0,3120,118,0,0,20
1970362408,10,04/09/1970,3,36,0,INDETERMINADO,5,1,0,0,0,0,180,0,0,0,0
1970362409,24,04/09/1970,3,36,0,INDETERMINADO,5,1,0,0,0,0,120,0,0,0,0
1970362668,20,04/09/1970,3,36,0,INDETERMINADO,5,1,0,0,0,0,180,0,0,0,0
1970363142,320,04/09/1970,3,36,0,INDETERMINADO,4,1,99,0,0,0,900,59,0,0,12
1970491675,200,04/09/1970,17,49,0,INDETERMINADO,2,1,20,0,0,0,540,0,0,0,0
1970491676,20,04/09/1970,17,49,0,INDETERMINADO,2,1,20,0,0,0,660,0,0,0,0
1970051708,25,05/09/1970,17,5,0,INDETERMINADO,2,1,50,0,0,0,119,0,0,0,1
1970091481,10,05/09/1970,17,9,0,INDETERMINADO,2,1,10,0,0,0,120,0,0,0,0
1970151755,30,05/09/1970,3,15,0,INDETERMINADO,5,1,0,0,0,0,240,0,0,0,0
1970191684,1050,05/09/1970,11,19,0,INDETERMINADO,2,1,10,0,0,0,600,71,0,0,0
1970241834,170,05/09/1970,17,24,0,INDETERMINADO,4,1,99,0,0,0,1200,0,0,0,0
1970241835,60,05/09/1970,17,24,0,INDETERMINADO,2,1,50,0,0,0,300,0,0,0,0
1970241836,100,05/09/1970,17,24,0,INDETERMINADO,2,1,50,0,0,0,1320,0,0,0,0
1970241989,30,05/09/1970,17,24,0,INDETERMINADO,2,1,50,0,0,0,360,0,0,0,0
1970242697,1000,05/09/1970,17,24,0,INDETERMINADO,2,1,50,0,0,0,2760,20,0,0,0
1970261721,90,05/09/1970,7,26,0,INDETERMINADO,3,1,30,0,0,0,660,0,0,0,0
1970321669,200,05/09/1970,3,32,0,INDETERMINADO,2,1,20,0,0,0,360,0,0,0,0
1970321737,8000,05/09/1970,3,32,0,INDETERMINADO,2,1,90,0,0,0,2700,58,1,0,70
1970321820,120,05/09/1970,3,32,0,INDETERMINADO,2,1,50,0,0,0,480,0,0,0,0
1970362199,10,05/09/1970,3,36,0,INDETERMINADO,4,1,99,0,0,0,119,0,0,0,0
1970362411,3800,05/09/1970,3,36,0,INDETERMINADO,4,1,99,0,0,0,1555,97,1,0,75
1970362412,10,05/09/1970,3,36,0,INDETERMINADO,2,1,50,0,0,0,60,0,0,0,0
1970362414,60,05/09/1970,3,36,0,INDETERMINADO,5,1,0,0,0,0,180,0,0,0,0
1970362455,20,05/09/1970,3,36,0,INDETERMINADO,2,1,50,0,0,0,180,0,0,0,0
1970362456,80,05/09/1970,3,36,0,INDETERMINADO,5,1,0,0,0,0,720,0,0,0,0
1970362669,80,05/09/1970,3,36,0,INDETERMINADO,5,1,0,0,0,0,420,0,0,0,0
1970362893,100,05/09/1970,3,36,0,INDETERMINADO,4,1,99,0,0,0,540,49,1,0,6
1970362995,300,05/09/1970,3,36,0,INDETERMINADO,5,1,0,0,0,0,780,31,0,0,6
1970363119,80,05/09/1970,3,36,0,INDETERMINADO,5,1,0,0,0,0,420,0,0,0,0
1970363143,132,05/09/1970,3,36,0,INDETERMINADO,4,1,99,0,0,0,600,51,0,0,4
1970363144,520,05/09/1970,3,36,0,INDETERMINADO,5,1,0,0,0,0,1500,102,0,0,28
1970461807,46,05/09/1970,9,46,0,INDETERMINADO,5,1,0,0,0,0,180,0,0,0,0
1970471642,50,05/09/1970,17,47,0,INDETERMINADO,2,1,10,0,0,0,180,0,0,0,1
1970031700,11,06/09/1970,9,3,0,INDETERMINADO,3,1,30,0,0,0,180,0,0,0,0
1970031701,10,06/09/1970,9,3,0,INDETERMINADO,2,1,10,0,0,0,120,0,0,0,0
1970051914,4320,06/09/1970,17,5,0,INDETERMINADO,2,1,50,0,0,0,900,250,0,0,21
1970081614,20,06/09/1970,2,8,0,INDETERMINADO,2,1,50,0,0,0,240,0,0,0,0
1970081615,30,06/09/1970,2,8,0,INDETERMINADO,5,1,0,0,0,0,240,0,0,0,0
1970091513,400,06/09/1970,17,9,0,INDETERMINADO,5,1,0,0,0,0,300,0,0,0,0
1970131712,2600,06/09/1970,11,13,0,INDETERMINADO,5,1,0,0,0,0,1620,76,4,0,0
1970151756,380,06/09/1970,3,15,0,INDETERMINADO,5,1,0,0,0,0,1020,45,1,0,10
1970151757,470,06/09/1970,3,15,0,INDETERMINADO,5,1,0,0,0,0,479,0,0,0,0
1970151758,70,06/09/1970,3,15,0,INDETERMINADO,4,1,99,0,0,0,120,26,0,0,3
1970151759,45,06/09/1970,3,15,0,INDETERMINADO,5,1,0,0,0,0,240,0,0,0,1
1970152201,200,06/09/1970,3,15,0,INDETERMINADO,5,1,0,0,0,0,720,32,0,0,13
1970171717,450,06/09/1970,2,17,0,INDETERMINADO,5,1,0,0,0,0,1260,24,2,0,1
1970181620,100,06/09/1970,4,18,0,INDETERMINADO,5,1,0,0,0,0,360,0,0,0,0
1970231735,50,06/09/1970,4,23,0,INDETERMINADO,2,1,20,0,0,0,120,0,0,0,0
1970241625,50,06/09/1970,17,24,0,INDETERMINADO,5,1,0,0,0,0,1200,0,0,0,0
1970241965,900,06/09/1970,17,24,0,INDETERMINADO,1,1,0,0,0,0,1800,27,0,0,0
1970241966,1785,06/09/1970,17,24,0,INDETERMINADO,5,1,0,0,0,0,420,81,0,0,9
1970241990,80,06/09/1970,17,24,0,INDETERMINADO,5,1,0,0,0,0,480,0,0,0,0
1970242060,860,06/09/1970,17,24,0,INDETERMINADO,5,1,0,0,0,0,1380,35,2,0,0
1970272289,50,06/09/1970,3,27,0,INDETERMINADO,5,1,0,0,0,0,180,0,0,0,0
1970272290,200,06/09/1970,3,27,0,INDETERMINADO,2,1,10,0,0,0,420,0,0,0,0
1970272291,350,06/09/1970,3,27,0,INDETERMINADO,5,1,0,0,0,0,1740,0,0,0,0
1970272292,15,06/09/1970,3,27,0,INDETERMINADO,5,1,0,0,0,0,240,0,0,0,0
1970272293,50,06/09/1970,3,27,0,INDETERMINADO,3,1,20,0,0,0,180,0,0,0,0
1970281560,30,06/09/1970,16,28,0,INDETERMINADO,5,1,0,0,0,0,60,0,0,0,0
1970281561,25,06/09/1970,16,28,0,INDETERMINADO,5,1,0,0,0,0,60,0,0,0,0
1970281627,40,06/09/1970,16,28,0,INDETERMINADO,2,1,10,0,0,0,120,0,0,0,0
1970321670,120,06/09/1970,3,32,0,INDETERMINADO,1,1,0,0,0,0,420,48,1,0,3
1970321738,20,06/09/1970,3,32,0,INDETERMINADO,1,1,0,0,0,0,1795,0,0,0,0
1970321795,10,06/09/1970,3,32,0,INDETERMINADO,2,1,50,0,0,0,180,0,0,0,0
1970321935,800,06/09/1970,3,32,0,INDETERMINADO,2,1,20,0,0,0,600,136,0,0,96
1970322160,450,06/09/1970,3,32,0,INDETERMINADO,5,1,0,0,0,0,720,0,0,0,0
1970351606,20,06/09/1970,12,35,0,INDETERMINADO,5,1,0,0,0,0,180,0,0,0,0
1970362197,560,06/09/1970,3,36,0,INDETERMINADO,4,1,99,0,0,0,595,30,0,0,6
1970362418,110,06/09/1970,3,36,0,INDETERMINADO,5,1,0,0,0,0,360,0,0,0,0
1970362682,200,06/09/1970,3,36,0,INDETERMINADO,5,1,0,0,0,0,1320,0,0,0,0
1970362683,40,06/09/1970,3,36,0,INDETERMINADO,1,1,0,0,0,0,780,0,0,0,0
1970363145,80,06/09/1970,3,36,0,INDETERMINADO,5,1,0,0,0,0,420,47,0,0,0
1970363146,1190,06/09/1970,3,36,0,INDETERMINADO,1,1,0,0,0,0,840,196,0,0,39
1970401851,20,06/09/1970,17,40,0,INDETERMINADO,5,1,0,0,0,0,1200,0,0,0,0
1970491677,40,06/09/1970,17,49,0,INDETERMINADO,2,1,40,0,0,0,120,0,0,0,0
1970031744,800,07/09/1970,9,3,0,INDETERMINADO,2,1,10,0,0,0,1140,47,0,0,0
1970032141,7050,07/09/1970,9,3,0,INDETERMINADO,2,1,50,0,0,0,2280,397,2,0,172
1970051915,33,07/09/1970,17,5,0,INDETERMINADO,5,1,0,0,0,0,179,0,0,0,2
1970052225,2500,07/09/1970,17,5,0,INDETERMINADO,2,1,90,0,0,0,360,140,1,0,53
1970071747,50,07/09/1970,15,7,0,INDETERMINADO,2,1,50,0,0,0,300,0,0,0,0
1970111681,320,07/09/1970,4,11,0,INDETERMINADO,5,1,0,0,0,0,300,0,0,0,0
1970231650,30,07/09/1970,4,23,0,INDETERMINADO,5,1,0,0,0,0,239,0,0,0,0
1970231651,10,07/09/1970,4,23,0,INDETERMINADO,2,1,90,0,0,0,120,0,0,0,0
1970231875,1000,07/09/1970,4,23,0,INDETERMINADO,5,1,0,0,0,0,180,5,1,0,0
1970241787,100,07/09/1970,17,24,0,INDETERMINADO,5,1,0,0,0,0,240,0,0,0,0
1970241882,70,07/09/1970,17,24,0,INDETERMINADO,5,1,0,0,0,0,659,0,0,0,0
1970241883,60,07/09/1970,17,24,0,INDETERMINADO,5,1,0,0,0,0,420,0,0,0,0
1970241884,10,07/09/1970,17,24,0,INDETERMINADO,2,1,50,0,0,0,239,0,0,0,0
1970241885,80,07/09/1970,17,24,0,INDETERMINADO,5,1,0,0,0,0,240,0,0,0,0
1970271839,20,07/09/1970,3,27,0,INDETERMINADO,1,1,0,0,0,0,600,0,0,0,0
1970271924,47,07/09/1970,3,27,0,INDETERMINADO,1,1,0,0,0,0,300,0,0,0,1
1970272294,740,07/09/1970,3,27,0,INDETERMINADO,1,1,0,0,0,0,1200,60,0,0,28
1970272295,100,07/09/1970,3,27,0,INDETERMINADO,1,1,0,0,0,0,420,0,0,0,0
1970321739,10,07/09/1970,3,32,0,INDETERMINADO,1,1,0,0,0,0,55,0,0,0,0
1970331671,200,07/09/1970,5,33,0,INDETERMINADO,5,1,0,0,0,0,540,0,0,0,0
1970331722,20,07/09/1970,5,33,0,INDETERMINADO,1,1,0,0,0,0,180,0,0,0,0
1970331843,90,07/09/1970,5,33,0,INDETERMINADO,5,1,0,0,0,0,240,0,0,0,0
1970332014,5000,07/09/1970,5,33,0,INDETERMINADO,1,1,0,0,0,0,1500,56,8,0,8
1970332015,200,07/09/1970,5,33,0,INDETERMINADO,1,1,0,0,0,0,1500,0,0,0,0
1970332180,30,07/09/1970,5,33,0,INDETERMINADO,1,1,0,0,0,0,180,0,0,0,1
1970332181,20,07/09/1970,5,33,0,INDETERMINADO,1,1,0,0,0,0,660,0,0,0,0
1970332182,4500,07/09/1970,5,33,0,INDETERMINADO,1,1,0,0,0,0,1260,60,0,0,253
1970391723,70,07/09/1970,6,39,0,INDETERMINADO,2,1,50,0,0,0,540,0,0,0,0
1970391724,50,07/09/1970,6,39,0,INDETERMINADO,4,1,99,0,0,0,240,0,0,0,0
1970492136,170,07/09/1970,17,49,0,INDETERMINADO,5,1,0,0,0,0,180,0,0,0,0
1970122115,450,08/09/1970,9,12,0,INDETERMINADO,5,1,0,0,0,0,1380,55,1,0,6
1970122116,65,08/09/1970,9,12,0,INDETERMINADO,1,1,0,0,0,0,240,7,0,0,5
1970191685,500,08/09/1970,11,19,0,INDETERMINADO,2,1,50,0,0,0,240,0,0,0,0
1970231652,15,08/09/1970,4,23,0,INDETERMINADO,5,1,0,0,0,0,240,0,0,0,0
1970231653,40,08/09/1970,4,23,0,INDETERMINADO,5,1,0,0,0,0,419,0,0,0,0
1970241886,140,08/09/1970,17,24,0,INDETERMINADO,5,1,0,0,0,0,1200,0,0,0,0
1970242038,5000,08/09/1970,17,24,0,INDETERMINADO,5,1,0,0,0,0,2820,46,0,0,3
1970431855,80,08/09/1970,2,43,0,INDETERMINADO,2,1,10,0,0,0,300,0,0,0,0
1970451672,10,08/09/1970,11,45,0,INDETERMINADO,2,1,50,0,0,0,60,0,0,0,0
1970462242,3870,08/09/1970,9,46,0,INDETERMINADO,5,1,0,0,0,0,1080,461,0,0,37
1970082084,40,09/09/1970,2,8,0,INDETERMINADO,5,1,0,0,0,0,240,0,0,0,0
1970091532,10,09/09/1970,17,9,0,INDETERMINADO,5,1,0,0,0,0,180,0,0,0,0
1970161728,1000,09/09/1970,11,16,0,INDETERMINADO,2,1,40,0,0,0,1800,311,4,0,9
1970191686,50,09/09/1970,11,19,0,INDETERMINADO,2,1,40,0,0,0,120,0,0,0,2
1970241991,40,09/09/1970,17,24,0,INDETERMINADO,5,1,0,0,0,0,540,0,0,0,0
1970291690,900,09/09/1970,4,29,0,INDETERMINADO,2,1,10,0,0,0,300,60,0,0,0
1970451741,150,09/09/1970,11,45,0,INDETERMINADO,2,1,50,0,0,0,120,0,0,0,0
1970171731,160,10/09/1970,2,17,0,INDETERMINADO,2,1,30,0,0,0,120,0,0,0,0
1970381796,20,10/09/1970,12,38,0,INDETERMINADO,5,1,0,0,0,0,240,0,0,0,0
1970211768,15,11/09/1970,4,21,0,INDETERMINADO,5,1,0,0,0,0,300,0,0,0,0
1970431904,10,11/09/1970,2,43,0,INDETERMINADO,2,1,10,0,0,0,240,0,0,0,0
1970122117,150,12/09/1970,9,12,0,INDETERMINADO,2,1,50,0,0,0,1800,0,0,0,0
1970281840,30,12/09/1970,16,28,0,INDETERMINADO,5,1,0,0,0,0,60,0,0,0,0
1970281927,30,12/09/1970,16,28,0,INDETERMINADO,2,1,50,0,0,0,120,0,0,0,0
1970471823,20,12/09/1970,17,47,0,INDETERMINADO,5,1,0,0,0,0,60,0,0,0,0
1970082087,45,13/09/1970,2,8,0,INDETERMINADO,2,1,50,0,0,0,120,0,0,0,0
1970211605,15,13/09/1970,4,21,0,INDETERMINADO,5,1,0,0,0,0,120,0,0,0,0
1970231770,120,13/09/1970,4,23,0,INDETERMINADO,5,1,0,0,0,0,120,100,0,0,7
1970281928,20,13/09/1970,16,28,0,INDETERMINADO,2,1,40,0,0,0,60,0,0,0,0
1970431906,400,13/09/1970,2,43,0,INDETERMINADO,5,1,0,0,0,0,1140,0,0,0,0
1970051709,45,14/09/1970,17,5,0,INDETERMINADO,5,1,0,0,0,0,240,0,0,0,0
1970071810,15,14/09/1970,15,7,0,INDETERMINADO,2,1,10,0,0,0,120,0,0,0,0
1970082089,40,14/09/1970,2,8,0,INDETERMINADO,5,1,0,0,0,0,240,0,0,0,0
1970082570,30,14/09/1970,2,8,0,INDETERMINADO,5,1,0,0,0,0,180,0,0,0,0
1970122118,40,14/09/1970,9,12,0,INDETERMINADO,2,1,50,0,0,0,360,0,0,0,0
1970122119,10,14/09/1970,9,12,0,INDETERMINADO,2,1,50,0,0,0,600,0,0,0,0
1970171732,150,14/09/1970,2,17,0,INDETERMINADO,5,1,0,0,0,0,180,33,1,0,1
1970241788,200,14/09/1970,17,24,0,INDETERMINADO,2,1,10,0,0,0,420,0,0,0,0
1970272297,10,14/09/1970,3,27,0,INDETERMINADO,3,1,20,0,0,0,180,0,0,0,0
1970291817,20,14/09/1970,4,29,0,INDETERMINADO,2,1,50,0,0,0,119,0,0,0,0
1970492137,30,14/09/1970,17,49,0,INDETERMINADO,5,1,0,0,0,0,60,0,0,0,0
1970501824,10,14/09/1970,10,50,0,INDETERMINADO,2,1,10,0,0,0,240,0,0,0,0
1970051710,40,15/09/1970,17,5,0,INDETERMINADO,2,1,50,0,0,0,120,0,0,0,1
1970082090,200,15/09/1970,2,8,0,INDETERMINADO,1,1,0,0,0,0,479,62,7,0,9
1970231877,40,15/09/1970,4,23,0,INDETERMINADO,2,1,30,0,0,0,540,0,0,0,0
1970241967,210,15/09/1970,17,24,0,INDETERMINADO,5,1,0,0,0,0,300,0,0,0,0
1970241992,40,15/09/1970,17,24,0,INDETERMINADO,5,1,0,0,0,0,660,0,0,0,0
1970421725,60,15/09/1970,17,42,0,INDETERMINADO,2,1,40,0,0,0,120,0,0,0,0
1970501825,27,15/09/1970,10,50,0,INDETERMINADO,5,1,0,0,0,0,120,0,0,0,0
1970031745,1000,16/09/1970,9,3,0,INDETERMINADO,4,1,99,0,0,0,600,25,0,0,0
1970082228,30,16/09/1970,2,8,0,INDETERMINADO,5,1,0,0,0,0,540,0,0,0,0
1970112036,50,16/09/1970,4,11,0,INDETERMINADO,3,1,30,0,0,0,240,0,0,0,0
1970211814,600,16/09/1970,4,21,0,INDETERMINADO,2,1,20,0,0,0,780,49,0,0,0
1970241887,10,16/09/1970,17,24,0,INDETERMINADO,2,1,20,0,0,0,240,0,0,0,0
1970241968,40,16/09/1970,17,24,0,INDETERMINADO,4,1,99,0,0,0,360,0,0,0,0
1970432032,500,16/09/1970,2,43,0,INDETERMINADO,2,1,40,0,0,0,300,0,0,0,0
1970071811,30,17/09/1970,15,7,0,INDETERMINADO,2,1,50,0,0,0,180,0,0,0,0
1970082229,200,17/09/1970,2,8,0,INDETERMINADO,5,1,0,0,0,0,300,20,4,0,6
1970122120,20,17/09/1970,9,12,0,INDETERMINADO,2,1,10,0,0,0,180,0,0,0,0
1970151760,10,17/09/1970,3,15,0,INDETERMINADO,5,1,0,0,0,0,120,0,0,0,0
1970171733,20,17/09/1970,2,17,0,INDETERMINADO,5,1,0,0,0,0,60,0,0,0,0
1970272098,40,17/09/1970,3,27,0,INDETERMINADO,5,1,0,0,0,0,240,0,0,0,0
1970292048,260,17/09/1970,4,29,0,INDETERMINADO,3,1,20,0,0,0,1320,0,0,0,0
1970321821,10,17/09/1970,3,32,0,INDETERMINADO,5,1,0,0,0,0,180,0,0,0,0
1970322161,800,17/09/1970,3,32,0,INDETERMINADO,5,1,0,0,0,0,600,74,0,0,7
1970323052,200,17/09/1970,3,32,0,INDETERMINADO,2,1,20,0,0,0,180,87,0,0,4
1970332273,20,17/09/1970,5,33,0,INDETERMINADO,5,1,0,0,0,0,300,0,0,0,0
1970462244,1300,17/09/1970,9,46,0,INDETERMINADO,5,1,0,0,0,0,1500,486,2,0,5
1970091862,25,18/09/1970,17,9,0,INDETERMINADO,2,1,10,0,0,0,120,0,0,0,0
1970112263,10,18/09/1970,4,11,0,INDETERMINADO,5,1,0,0,0,0,235,0,0,0,0
1970112264,30,18/09/1970,4,11,0,INDETERMINADO,5,1,0,0,0,0,235,0,0,0,0
1970171734,40,18/09/1970,2,17,0,INDETERMINADO,2,1,50,0,0,0,120,0,0,0,0
1970171864,150,18/09/1970,2,17,0,INDETERMINADO,2,1,50,0,0,0,420,0,0,0,0
1970241969,100,18/09/1970,17,24,0,INDETERMINADO,4,1,99,0,0,0,1620,0,0,0,0
1970242123,7000,18/09/1970,17,24,0,INDETERMINADO,5,1,0,0,0,0,7260,89,0,0,1
1970242155,200,18/09/1970,17,24,0,INDETERMINADO,4,1,99,0,0,0,420,0,0,0,0
1970272099,100,18/09/1970,3,27,0,INDETERMINADO,4,1,99,0,0,0,660,26,0,0,8
1970272100,250,18/09/1970,3,27,0,INDETERMINADO,2,1,50,0,0,0,420,40,0,0,26
1970321937,20,18/09/1970,3,32,0,INDETERMINADO,5,1,0,0,0,0,180,0,0,0,0
1970331740,200,18/09/1970,5,33,0,INDETERMINADO,5,1,0,0,0,0,420,0,0,0,0
1970331845,27,18/09/1970,5,33,0,INDETERMINADO,5,1,0,0,0,0,180,0,0,0,0
1970331846,30,18/09/1970,5,33,0,INDETERMINADO,5,1,0,0,0,0,180,0,0,0,0
1970331889,10,18/09/1970,5,33,0,INDETERMINADO,2,1,90,0,0,0,120,0,0,0,0
1970332016,45,18/09/1970,5,33,0,INDETERMINADO,5,1,0,0,0,0,180,0,0,0,0
1970341948,10,18/09/1970,17,34,0,INDETERMINADO,2,1,10,0,0,0,60,0,0,0,0
1970451742,110,18/09/1970,11,45,0,INDETERMINADO,2,1,30,0,0,0,300,0,0,0,0
1970451743,30,18/09/1970,11,45,0,INDETERMINADO,2,1,30,0,0,0,180,0,0,0,0
1970471798,15,18/09/1970,17,47,0,INDETERMINADO,2,1,10,0,0,0,60,0,0,0,0
1970082231,20,19/09/1970,2,8,0,INDETERMINADO,5,1,0,0,0,0,120,0,0,0,0
1970082232,50,19/09/1970,2,8,0,INDETERMINADO,5,1,0,0,0,0,240,0,0,0,0
1970082233,50,19/09/1970,2,8,0,INDETERMINADO,5,1,0,0,0,0,720,0,0,0,0
1970151761,50,19/09/1970,3,15,0,INDETERMINADO,5,1,0,0,0,0,420,0,0,0,0
1970171865,10,19/09/1970,2,17,0,INDETERMINADO,2,1,90,0,0,0,180,0,0,0,0
1970231771,50,19/09/1970,4,23,0,INDETERMINADO,5,1,0,0,0,0,300,0,0,0,0
1970241789,200,19/09/1970,17,24,0,INDETERMINADO,5,1,0,0,0,0,4260,0,0,0,0
1970241970,200,19/09/1970,17,24,0,INDETERMINADO,2,1,50,0,0,0,420,0,0,0,0
1970241971,400,19/09/1970,17,24,0,INDETERMINADO,4,1,99,0,0,0,1560,0,0,0,0
1970241993,100,19/09/1970,17,24,0,INDETERMINADO,5,1,0,0,0,0,1200,0,0,0,0
1970241994,60,19/09/1970,17,24,0,INDETERMINADO,5,1,0,0,0,0,420,0,0,0,0
1970241995,470,19/09/1970,17,24,0,INDETERMINADO,5,1,0,0,0,0,1920,0,0,0,0
1970242156,40,19/09/1970,17,24,0,INDETERMINADO,2,1,40,0,0,0,60,0,0,0,0
1970272298,22,19/09/1970,3,27,0,INDETERMINADO,4,1,99,0,0,0,240,0,0,0,0
1970272299,2820,19/09/1970,3,27,0,INDETERMINADO,4,1,99,0,0,0,1920,85,0,0,148
1970272300,10,19/09/1970,3,27,0,INDETERMINADO,2,1,10,0,0,0,120,0,0,0,0
1970332017,15,19/09/1970,5,33,0,INDETERMINADO,5,1,0,0,0,0,2820,0,0,0,0
1970363124,15,19/09/1970,3,36,0,INDETERMINADO,5,1,0,0,0,0,180,0,0,0,0
1970363177,10,19/09/1970,3,36,0,INDETERMINADO,5,1,0,0,0,0,120,0,0,0,0
1970051918,500,20/09/1970,17,5,0,INDETERMINADO,5,1,0,0,0,0,3000,0,0,0,0
1970052436,46,20/09/1970,17,5,0,INDETERMINADO,2,1,40,0,0,0,60,0,0,0,0
1970082234,140,20/09/1970,2,8,0,INDETERMINADO,5,1,0,0,0,0,420,0,0,0,0
1970082250,100,20/09/1970,2,8,0,INDETERMINADO,5,1,0,0,0,0,420,0,0,0,0
1970112317,150,20/09/1970,4,11,0,INDETERMINADO,5,1,0,0,0,0,480,18,0,0,0
1970141953,390,20/09/1970,4,14,0,INDETERMINADO,3,1,30,0,0,0,120,0,0,0,0
1970151762,20,20/09/1970,3,15,0,INDETERMINADO,5,1,0,0,0,0,120,0,0,0,0
1970151763,20,20/09/1970,3,15,0,INDETERMINADO,5,1,0,0,0,0,300,0,0,0,0
1970151764,120,20/09/1970,3,15,0,INDETERMINADO,5,1,0,0,0,0,420,27,0,0,4
1970152204,10,20/09/1970,3,15,0,INDETERMINADO,4,1,99,0,0,0,119,0,0,0,0
1970152206,10,20/09/1970,3,15,0,INDETERMINADO,2,1,20,0,0,0,120,0,0,0,0
1970241996,150,20/09/1970,17,24,0,INDETERMINADO,5,1,0,0,0,0,2040,0,0,0,0
1970241997,50,20/09/1970,17,24,0,INDETERMINADO,5,1,0,0,0,0,1980,0,0,0,0
1970242039,80,20/09/1970,17,24,0,INDETERMINADO,5,1,0,0,0,0,480,0,0,0,0
1970242040,403,20/09/1970,17,24,0,INDETERMINADO,5,1,0,0,0,0,3120,0,0,0,0
1970242124,30,20/09/1970,17,24,0,INDETERMINADO,2,1,40,0,0,0,60,0,0,0,0
1970242125,1540,20/09/1970,17,24,0,INDETERMINADO,2,1,10,0,0,0,2700,99,2,0,0
1970242157,200,20/09/1970,17,24,0,INDETERMINADO,2,1,90,0,0,0,480,0,0,0,0
1970242321,20,20/09/1970,17,24,0,INDETERMINADO,2,1,50,0,0,0,240,0,0,0,0
1970272301,200,20/09/1970,3,27,0,INDETERMINADO,5,1,0,0,0,0,480,0,0,0,0
1970273047,420,20/09/1970,3,27,0,INDETERMINADO,5,1,0,0,0,0,1440,0,0,0,0
1970281929,25,20/09/1970,16,28,0,INDETERMINADO,2,1,10,0,0,0,300,0,0,0,0
1970292324,1280,20/09/1970,4,29,0,INDETERMINADO,2,1,30,0,0,0,1200,138,0,0,15
1970321938,10,20/09/1970,3,32,0,INDETERMINADO,4,1,99,0,0,0,120,0,0,0,0
1970321939,10,20/09/1970,3,32,0,INDETERMINADO,2,1,20,0,0,0,120,0,0,0,0
1970321940,80,20/09/1970,3,32,0,INDETERMINADO,3,1,20,0,0,0,240,0,0,0,0
1970321941,150,20/09/1970,3,32,0,INDETERMINADO,2,1,20,0,0,0,180,0,0,0,0
1970322162,150,20/09/1970,3,32,0,INDETERMINADO,5,1,0,0,0,0,60,0,0,0,0
1970331847,200,20/09/1970,5,33,0,INDETERMINADO,2,1,20,0,0,0,120,0,0,0,0
1970331848,250,20/09/1970,5,33,0,INDETERMINADO,5,1,0,0,0,0,1620,0,0,0,0
1970331849,50,20/09/1970,5,33,0,INDETERMINADO,4,1,99,0,0,0,600,0,0,0,0
1970331890,65,20/09/1970,5,33,0,INDETERMINADO,5,1,0,0,0,0,2340,0,0,0,0
1970331891,230,20/09/1970,5,33,0,INDETERMINADO,5,1,0,0,0,0,1200,0,0,0,0
1970332018,300,20/09/1970,5,33,0,INDETERMINADO,5,1,0,0,0,0,1320,0,0,0,0
1970332019,600,20/09/1970,5,33,0,INDETERMINADO,5,1,0,0,0,0,1500,2,0,0,0
1970332183,870,20/09/1970,5,33,0,INDETERMINADO,5,1,0,0,0,0,4380,33,0,0,74
1970332274,2300,20/09/1970,5,33,0,INDETERMINADO,5,1,0,0,0,0,3180,36,2,0,0
1970341908,10,20/09/1970,17,34,0,INDETERMINADO,2,1,10,0,0,0,300,0,0,0,0
1970362196,700,20/09/1970,3,36,0,INDETERMINADO,4,1,99,0,0,0,420,59,2,0,31
1970392026,20,20/09/1970,6,39,0,INDETERMINADO,4,1,99,0,0,0,840,0,0,0,0
1970422056,1520,20/09/1970,17,42,0,INDETERMINADO,5,1,0,0,0,0,180,210,0,0,34
1970462245,140,20/09/1970,9,46,0,INDETERMINADO,5,1,0,0,0,0,600,370,1,0,2
1970492138,430,20/09/1970,17,49,0,INDETERMINADO,5,1,0,0,0,0,2880,0,0,0,0
1970501826,30,20/09/1970,10,50,0,INDETERMINADO,5,1,0,0,0,0,240,0,0,0,0
1970032355,4000,21/09/1970,9,3,0,INDETERMINADO,2,1,50,0,0,0,4860,155,0,0,0
1970122121,250,21/09/1970,9,12,0,INDETERMINADO,2,1,50,0,0,0,300,0,0,0,0
1970151765,70,21/09/1970,3,15,0,INDETERMINADO,5,1,0,0,0,0,1020,24,0,0,1
1970152208,35,21/09/1970,3,15,0,INDETERMINADO,2,1,50,0,0,0,120,0,0,0,0
1970152209,850,21/09/1970,3,15,0,INDETERMINADO,5,1,0,0,0,0,960,20,0,0,5
1970152471,10,21/09/1970,3,15,0,INDETERMINADO,5,1,0,0,0,0,120,0,0,0,0
1970171866,50,21/09/1970,2,17,0,INDETERMINADO,5,1,0,0,0,0,240,0,0,0,0
1970171867,50,21/09/1970,2,17,0,INDETERMINADO,5,1,0,0,0,0,180,0,0,0,0
1970191831,60,21/09/1970,11,19,0,INDETERMINADO,4,1,99,0,0,0,360,20,1,0,2
1970212147,2100,21/09/1970,4,21,0,INDETERMINADO,5,1,0,0,0,0,2160,35,0,0,26
1970212148,30,21/09/1970,4,21,0,INDETERMINADO,5,1,0,0,0,0,60,0,0,0,0
1970212149,450,21/09/1970,4,21,0,INDETERMINADO,5,1,0,0,0,0,780,19,0,0,13
1970212150,2500,21/09/1970,4,21,0,INDETERMINADO,5,1,0,0,0,0,1320,79,2,0,240
1970213203,20,21/09/1970,4,21,0,INDETERMINADO,2,1,30,0,0,0,599,32,1,0,3
1970241998,30,21/09/1970,17,24,0,INDETERMINADO,5,1,0,0,0,0,240,0,0,0,0
1970241999,80,21/09/1970,17,24,0,INDETERMINADO,5,1,0,0,0,0,660,0,0,0,0
1970242000,100,21/09/1970,17,24,0,INDETERMINADO,5,1,0,0,0,0,1800,0,0,0,0
1970242001,80,21/09/1970,17,24,0,INDETERMINADO,4,1,99,0,0,0,240,0,0,0,0
1970242002,60,21/09/1970,17,24,0,INDETERMINADO,5,1,0,0,0,0,1140,0,0,0,0
1970242003,40,21/09/1970,17,24,0,INDETERMINADO,5,1,0,0,0,0,480,0,0,0,0
1970242004,20,21/09/1970,17,24,0,INDETERMINADO,4,1,99,0,0,0,300,0,0,0,0
1970242005,100,21/09/1970,17,24,0,INDETERMINADO,5,1,0,0,0,0,240,0,0,0,0
1970242061,390,21/09/1970,17,24,0,INDETERMINADO,5,1,0,0,0,0,2040,0,0,0,0
1970242126,470,21/09/1970,17,24,0,INDETERMINADO,5,1,0,0,0,0,3000,0,0,0,0
1970242380,3000,21/09/1970,17,24,0,INDETERMINADO,5,1,0,0,0,0,600,14,0,0,0
1970272302,20,21/09/1970,3,27,0,INDETERMINADO,5,1,0,0,0,0,300,0,0,0,0
1970272303,1500,21/09/1970,3,27,0,INDETERMINADO,5,1,0,0,0,0,780,55,0,0,4
1970272304,200,21/09/1970,3,27,0,INDETERMINADO,2,1,50,0,0,0,240,0,0,0,0
1970321822,750,21/09/1970,3,32,0,INDETERMINADO,2,1,50,0,0,0,900,47,0,0,0
1970321942,3000,21/09/1970,3,32,0,INDETERMINADO,2,1,20,0,0,0,900,76,0,0,0
1970322163,30,21/09/1970,3,32,0,INDETERMINADO,2,1,40,0,0,0,120,0,0,0,0
1970331850,20,21/09/1970,5,33,0,INDETERMINADO,5,1,0,0,0,0,360,0,0,0,0
1970331892,10,21/09/1970,5,33,0,INDETERMINADO,2,1,10,0,0,0,480,0,0,0,0
1970331893,190,21/09/1970,5,33,0,INDETERMINADO,5,1,0,0,0,0,960,0,0,0,0
1970331894,50,21/09/1970,5,33,0,INDETERMINADO,4,1,99,0,0,0,660,0,0,0,0
1970331895,90,21/09/1970,5,33,0,INDETERMINADO,5,1,0,0,0,0,480,0,0,0,0
1970331896,30,21/09/1970,5,33,0,INDETERMINADO,5,1,0,0,0,0,120,0,0,0,0
1970331897,100,21/09/1970,5,33,0,INDETERMINADO,5,1,0,0,0,0,720,0,0,0,0
1970332020,20,21/09/1970,5,33,0,INDETERMINADO,2,1,10,0,0,0,240,0,0,0,0
1970332021,30,21/09/1970,5,33,0,INDETERMINADO,2,1,10,0,0,0,240,0,0,0,0
1970332275,300,21/09/1970,5,33,0,INDETERMINADO,2,1,50,0,0,0,300,21,2,0,1
1970362420,60,21/09/1970,3,36,0,INDETERMINADO,5,1,0,0,0,0,660,0,0,0,0
1970362421,70,21/09/1970,3,36,0,INDETERMINADO,5,1,0,0,0,0,360,0,0,0,0
1970362794,"1,6E+016",21/09/1970,3,36,0,INDETERMINADO,5,1,0,0,0,0,240,0,0,0,0
1970363034,750,21/09/1970,3,36,0,INDETERMINADO,5,1,0,0,0,0,960,0,0,0,0
1970363109,45,21/09/1970,3,36,0,INDETERMINADO,5,1,0,0,0,0,240,0,0,0,0
1970382025,10500,21/09/1970,12,38,0,INDETERMINADO,5,1,0,0,0,0,10735,148,0,0,0
1970492139,150,21/09/1970,17,49,0,INDETERMINADO,4,1,99,0,0,0,900,0,0,0,0
1970492224,650,21/09/1970,17,49,0,INDETERMINADO,5,1,0,0,0,0,6240,40,0,0,78
1970031829,2000,22/09/1970,9,3,0,INDETERMINADO,5,1,0,0,0,0,1140,39,1,1,1
1970082251,140,22/09/1970,2,8,0,INDETERMINADO,5,1,0,0,0,0,360,0,0,0,0
1970082506,90,22/09/1970,2,8,0,INDETERMINADO,5,1,0,0,0,0,540,0,0,0,0
1970092092,30,22/09/1970,17,9,0,INDETERMINADO,2,1,10,0,0,0,300,0,0,0,0
1970122122,41,22/09/1970,9,12,0,INDETERMINADO,2,1,40,0,0,0,240,0,0,0,0
1970152472,10,22/09/1970,3,15,0,INDETERMINADO,5,1,0,0,0,0,120,0,0,0,0
1970171868,10,22/09/1970,2,17,0,INDETERMINADO,5,1,0,0,0,0,179,0,0,0,0
1970212151,10,22/09/1970,4,21,0,INDETERMINADO,5,1,0,0,0,0,180,0,0,0,0
1970242006,80,22/09/1970,17,24,0,INDETERMINADO,4,1,99,0,0,0,480,0,0,0,0
1970242041,20,22/09/1970,17,24,0,INDETERMINADO,5,1,0,0,0,0,540,0,0,0,0
1970251816,270,22/09/1970,2,25,0,INDETERMINADO,5,1,0,0,0,0,180,0,0,0,0
1970272305,122,22/09/1970,3,27,0,INDETERMINADO,4,1,99,0,0,0,300,0,0,0,0
1970272306,460,22/09/1970,3,27,0,INDETERMINADO,5,1,0,0,0,0,480,36,0,0,10
1970272307,300,22/09/1970,3,27,0,INDETERMINADO,2,1,10,0,0,0,480,0,0,0,0
1970321943,70,22/09/1970,3,32,0,INDETERMINADO,2,1,20,0,0,0,420,0,0,0,0
1970322052,150,22/09/1970,3,32,0,INDETERMINADO,5,1,0,0,0,0,2760,0,0,0,0
1970331898,20,22/09/1970,5,33,0,INDETERMINADO,5,1,0,0,0,0,1200,0,0,0,0
1970331899,90,22/09/1970,5,33,0,INDETERMINADO,5,1,0,0,0,0,780,0,0,0,0
1970331900,50,22/09/1970,5,33,0,INDETERMINADO,5,1,0,0,0,0,720,0,0,0,0
1970331901,20,22/09/1970,5,33,0,INDETERMINADO,5,1,0,0,0,0,239,0,0,0,0
1970331902,60,22/09/1970,5,33,0,INDETERMINADO,5,1,0,0,0,0,840,0,0,0,0
1970341910,23,22/09/1970,17,34,0,INDETERMINADO,1,1,0,0,0,0,120,0,0,0,0
1970362343,15,22/09/1970,3,36,0,INDETERMINADO,3,1,20,0,0,0,180,0,0,0,0
1970362423,80,22/09/1970,3,36,0,INDETERMINADO,5,1,0,0,0,0,480,0,0,0,0
1970422108,15,22/09/1970,17,42,0,INDETERMINADO,5,1,0,0,0,0,179,0,0,0,0
1970501827,50,22/09/1970,10,50,0,INDETERMINADO,5,1,0,0,0,0,60,0,0,0,0
1970032357,100,23/09/1970,9,3,0,INDETERMINADO,5,1,0,0,0,0,1860,155,1,0,6
1970092184,67,23/09/1970,17,9,0,INDETERMINADO,2,1,10,0,0,0,300,6,0,0,2
1970211921,250,23/09/1970,4,21,0,INDETERMINADO,5,1,0,0,0,0,180,34,0,0,2
1970212152,50,23/09/1970,4,21,0,INDETERMINADO,5,1,0,0,0,0,180,0,0,0,0
1970212153,20,23/09/1970,4,21,0,INDETERMINADO,5,1,0,0,0,0,180,0,0,0,0
1970242042,180,23/09/1970,17,24,0,INDETERMINADO,4,1,99,0,0,0,1800,0,0,0,0
1970242063,320,23/09/1970,17,24,0,INDETERMINADO,5,1,0,0,0,0,780,0,0,0,0
1970242064,440,23/09/1970,17,24,0,INDETERMINADO,5,1,0,0,0,0,1500,0,0,0,0
1970242158,100,23/09/1970,17,24,0,INDETERMINADO,4,1,99,0,0,0,180,0,0,0,0
1970242322,1000,23/09/1970,17,24,0,INDETERMINADO,2,1,50,0,0,0,360,16,1,0,5
1970251923,20,23/09/1970,2,25,0,INDETERMINADO,5,1,0,0,0,0,240,0,0,0,0
1970281933,10,23/09/1970,16,28,0,INDETERMINADO,1,1,0,0,0,0,120,0,0,0,0
1970282013,10,23/09/1970,16,28,0,INDETERMINADO,5,1,0,0,0,0,60,0,0,0,0
1970362344,30,23/09/1970,3,36,0,INDETERMINADO,5,1,0,0,0,0,120,0,0,0,1
1970362424,10,23/09/1970,3,36,0,INDETERMINADO,2,1,20,0,0,0,120,0,0,0,0
1970392027,60,23/09/1970,6,39,0,INDETERMINADO,4,1,99,0,0,0,720,0,0,0,0
1970451903,300,23/09/1970,11,45,0,INDETERMINADO,5,1,0,0,0,0,180,0,0,0,0
1970031830,10,24/09/1970,9,3,0,INDETERMINADO,2,1,50,0,0,0,120,0,0,0,0
1970051977,20,24/09/1970,17,5,0,INDETERMINADO,2,1,50,0,0,0,60,0,0,0,0
1970132361,400,24/09/1970,11,13,0,INDETERMINADO,2,1,40,0,0,0,840,56,3,0,16
1970152211,25,24/09/1970,3,15,0,INDETERMINADO,4,1,99,0,0,0,180,0,0,0,0
1970210570,30,24/09/1970,4,21,0,INDETERMINADO,2,1,50,0,0,0,540,0,0,0,3
1970242062,500,24/09/1970,17,24,0,INDETERMINADO,5,1,0,0,0,0,1860,0,0,0,0
1970242065,400,24/09/1970,17,24,0,INDETERMINADO,5,1,0,0,0,0,2700,0,0,0,0
1970242094,90,24/09/1970,17,24,0,INDETERMINADO,3,1,30,0,0,0,1560,0,0,0,0
1970242127,70,24/09/1970,17,24,0,INDETERMINADO,5,1,0,0,0,0,780,0,0,0,0
1970321945,450,24/09/1970,3,32,0,INDETERMINADO,4,1,99,0,0,0,300,1,0,0,54
1970332185,20,24/09/1970,5,33,0,INDETERMINADO,4,1,99,0,0,0,300,0,0,0,0
1970362193,60,24/09/1970,3,36,0,INDETERMINADO,5,1,0,0,0,0,480,17,0,0,4
1970362425,500,24/09/1970,3,36,0,INDETERMINADO,5,1,0,0,0,0,600,0,0,0,0
1970362459,17,24/09/1970,3,36,0,INDETERMINADO,5,1,0,0,0,0,180,0,0,0,0
1970363126,36,24/09/1970,3,36,0,INDETERMINADO,5,1,0,0,0,0,240,0,0,0,1
1970462246,40,24/09/1970,9,46,0,INDETERMINADO,5,1,0,0,0,0,180,0,0,0,0
1970051978,70,25/09/1970,17,5,0,INDETERMINADO,5,1,0,0,0,0,180,0,0,0,0
1970152212,10,25/09/1970,3,15,0,INDETERMINADO,5,1,0,0,0,0,419,0,0,0,0
1970152213,800,25/09/1970,3,15,0,INDETERMINADO,4,1,99,0,0,0,1920,29,0,0,17
1970152473,200,25/09/1970,3,15,0,INDETERMINADO,5,1,0,0,0,0,960,0,0,0,0
1970171870,10,25/09/1970,2,17,0,INDETERMINADO,2,1,30,0,0,0,60,0,0,0,0
1970242007,120,25/09/1970,17,24,0,INDETERMINADO,2,1,50,0,0,0,1140,0,0,0,0
1970242008,40,25/09/1970,17,24,0,INDETERMINADO,5,1,0,0,0,0,360,0,0,0,0
1970242009,60,25/09/1970,17,24,0,INDETERMINADO,5,1,0,0,0,0,299,0,0,0,0
1970242095,240,25/09/1970,17,24,0,INDETERMINADO,2,1,10,0,0,0,1560,0,0,0,0
1970322053,1140,25/09/1970,3,32,0,INDETERMINADO,5,1,0,0,0,0,1560,123,1,0,25
1970332022,2000,25/09/1970,5,33,0,INDETERMINADO,4,1,99,0,0,0,2940,30,0,0,0
1970363110,320,25/09/1970,3,36,0,INDETERMINADO,5,1,0,0,0,0,780,35,1,0,4
1970392102,60,25/09/1970,6,39,0,INDETERMINADO,5,1,0,0,0,0,420,0,0,0,0
1970462247,16,25/09/1970,9,46,0,INDETERMINADO,2,1,30,0,0,0,60,0,0,0,0
1970502693,500,25/09/1970,10,50,0,INDETERMINADO,5,1,0,0,0,0,300,64,5,0,9
1970502694,400,25/09/1970,10,50,0,INDETERMINADO,2,1,10,0,0,0,360,0,0,0,0
1970051979,20,26/09/1970,17,5,0,INDETERMINADO,2,1,10,0,0,0,180,0,0,0,0
1970082253,30,26/09/1970,2,8,0,INDETERMINADO,1,1,0,0,0,0,419,0,0,0,0
1970091920,30,26/09/1970,17,9,0,INDETERMINADO,4,1,99,0,0,0,360,0,0,0,0
1970092373,605,26/09/1970,17,9,0,INDETERMINADO,5,1,0,0,0,0,960,59,0,0,7
1970152214,10,26/09/1970,3,15,0,INDETERMINADO,5,1,0,0,0,0,360,0,0,0,0
1970152215,40,26/09/1970,3,15,0,INDETERMINADO,5,1,0,0,0,0,660,0,0,0,0
1970171871,40,26/09/1970,2,17,0,INDETERMINADO,5,1,0,0,0,0,60,0,0,0,0
1970201955,20,26/09/1970,1,20,0,INDETERMINADO,2,1,30,0,0,0,120,0,0,0,0
1970242010,100,26/09/1970,17,24,0,INDETERMINADO,4,1,99,0,0,0,240,0,0,0,0
1970242011,10,26/09/1970,17,24,0,INDETERMINADO,2,1,50,0,0,0,120,0,0,0,0
1970242334,40,26/09/1970,17,24,0,INDETERMINADO,2,1,20,0,0,0,1080,0,0,0,0
1970272308,500,26/09/1970,3,27,0,INDETERMINADO,4,1,99,0,0,0,420,30,0,0,2
1970321972,60,26/09/1970,3,32,0,INDETERMINADO,4,1,99,0,0,0,300,26,0,0,1
1970392103,10,26/09/1970,6,39,0,INDETERMINADO,4,1,99,0,0,0,240,0,0,0,0
1970152216,1250,27/09/1970,3,15,0,INDETERMINADO,4,1,99,0,0,0,2340,31,0,0,54
1970171872,300,27/09/1970,2,17,0,INDETERMINADO,5,1,0,0,0,0,480,19,1,0,0
1970242043,500,27/09/1970,17,24,0,INDETERMINADO,4,1,99,0,0,0,1800,0,0,0,0
1970272791,50,27/09/1970,3,27,0,INDETERMINADO,5,1,0,0,0,0,240,0,0,0,0
1970321946,250,27/09/1970,3,32,0,INDETERMINADO,5,1,0,0,0,0,240,0,0,0,0
1970332023,600,27/09/1970,5,33,0,INDETERMINADO,5,1,0,0,0,0,1680,23,0,0,7
1970362426,120,27/09/1970,3,36,0,INDETERMINADO,5,1,0,0,0,0,780,0,0,0,0
1970362427,60,27/09/1970,3,36,0,INDETERMINADO,5,1,0,0,0,0,300,0,0,0,0
1970372350,20,27/09/1970,17,37,0,INDETERMINADO,2,1,40,0,0,0,120,0,0,0,0
1970392028,20,27/09/1970,6,39,0,INDETERMINADO,4,1,99,0,0,0,300,0,0,0,0
1970392029,200,27/09/1970,6,39,0,INDETERMINADO,4,1,99,0,0,0,780,0,0,0,0
1970392030,220,27/09/1970,6,39,0,INDETERMINADO,4,1,99,0,0,0,1080,0,0,0,0
1970392104,100,27/09/1970,6,39,0,INDETERMINADO,5,1,0,0,0,0,840,0,0,0,0
1970392105,300,27/09/1970,6,39,0,INDETERMINADO,4,1,99,0,0,0,840,0,0,0,0
1970392356,2700,27/09/1970,6,39,0,INDETERMINADO,4,1,99,0,0,0,2580,102,0,0,57
1970462248,30,27/09/1970,9,46,0,INDETERMINADO,2,1,50,0,0,0,300,0,0,0,0
1970052502,230,28/09/1970,17,5,0,INDETERMINADO,5,1,0,0,0,0,300,121,0,0,5
1970082255,200,28/09/1970,2,8,0,INDETERMINADO,5,1,0,0,0,0,240,0,0,0,0
1970082507,20,28/09/1970,2,8,0,INDETERMINADO,5,1,0,0,0,0,180,0,0,0,0
1970102236,270,28/09/1970,14,10,0,INDETERMINADO,5,1,0,0,0,0,600,64,0,0,13
1970112318,100,28/09/1970,4,11,0,INDETERMINADO,5,1,0,0,0,0,120,0,0,0,0
1970122146,30,28/09/1970,9,12,0,INDETERMINADO,4,1,99,0,0,0,240,0,0,0,0
1970152217,10,28/09/1970,3,15,0,INDETERMINADO,5,1,0,0,0,0,180,0,0,0,0
1970152475,30,28/09/1970,3,15,0,INDETERMINADO,2,1,90,0,0,0,420,0,0,0,0
1970152476,155,28/09/1970,3,15,0,INDETERMINADO,4,1,99,0,0,0,420,29,0,0,4
1970152477,410,28/09/1970,3,15,0,INDETERMINADO,5,1,0,0,0,0,960,50,0,0,27
1970232319,10,28/09/1970,4,23,0,INDETERMINADO,5,1,0,0,0,0,960,0,0,0,0
1970242012,250,28/09/1970,17,24,0,INDETERMINADO,5,1,0,0,0,0,420,0,0,0,0
1970242096,60,28/09/1970,17,24,0,INDETERMINADO,5,1,0,0,0,0,1500,0,0,0,0
1970242128,3990,28/09/1970,17,24,0,INDETERMINADO,2,1,10,0,0,0,2160,173,1,0,24
1970262045,70,28/09/1970,7,26,0,INDETERMINADO,1,1,0,0,0,0,1080,0,0,0,0
1970272309,239,28/09/1970,3,27,0,INDETERMINADO,4,1,99,0,0,0,540,48,0,0,7
1970321947,60,28/09/1970,3,32,0,INDETERMINADO,2,1,20,0,0,0,479,0,0,0,0
1970321973,1000,28/09/1970,3,32,0,INDETERMINADO,2,1,20,0,0,0,600,12,0,0,0
1970322069,300,28/09/1970,3,32,0,INDETERMINADO,4,1,99,0,0,0,1560,0,0,0,0
1970332186,150,28/09/1970,5,33,0,INDETERMINADO,5,1,0,0,0,0,1199,0,0,0,0
1970332187,46,28/09/1970,5,33,0,INDETERMINADO,5,1,0,0,0,0,180,0,0,0,0
1970122331,1100,29/09/1970,9,12,0,INDETERMINADO,2,1,20,0,0,0,420,0,0,0,0
1970152218,10,29/09/1970,3,15,0,INDETERMINADO,2,1,50,0,0,0,120,0,0,0,0
1970152219,10,29/09/1970,3,15,0,INDETERMINADO,2,1,30,0,0,0,240,0,0,0,0
1970192363,800,29/09/1970,11,19,0,INDETERMINADO,2,1,40,0,0,0,2820,63,0,0,0
1970222627,150,29/09/1970,10,22,0,INDETERMINADO,2,1,20,0,0,0,420,0,0,0,0
1970222884,250,29/09/1970,10,22,0,INDETERMINADO,2,1,20,0,0,0,420,18,0,0,13
1970242044,10,29/09/1970,17,24,0,INDETERMINADO,4,1,99,0,0,0,60,0,0,0,0
1970242130,120,29/09/1970,17,24,0,INDETERMINADO,5,1,0,0,0,0,1740,1,0,0,0
1970252287,580,29/09/1970,2,25,0,INDETERMINADO,2,1,50,0,0,0,5820,34,0,0,4
1970322070,32,29/09/1970,3,32,0,INDETERMINADO,1,1,0,0,0,0,120,0,0,0,0
1970322164,200,29/09/1970,3,32,0,INDETERMINADO,1,1,0,0,0,0,180,0,0,0,0
1970322165,1151,29/09/1970,3,32,0,INDETERMINADO,5,1,0,0,0,0,3120,107,0,0,6
1970332024,220,29/09/1970,5,33,0,INDETERMINADO,5,1,0,0,0,0,360,0,0,0,0
1970332188,150,29/09/1970,5,33,0,INDETERMINADO,5,1,0,0,0,0,539,0,0,0,0
1970392031,32,29/09/1970,6,39,0,INDETERMINADO,4,1,99,0,0,0,480,0,0,0,0
1970502961,330,29/09/1970,10,50,0,INDETERMINADO,2,1,20,0,0,0,300,0,0,0,0
1970061952,10,30/09/1970,14,6,0,INDETERMINADO,2,1,10,0,0,0,60,0,0,0,0
1970211874,40,30/09/1970,4,21,0,INDETERMINADO,5,1,0,0,0,0,120,0,0,0,0
1970242066,150,30/09/1970,17,24,0,INDETERMINADO,2,1,10,0,0,0,180,43,2,0,1
1970242131,650,30/09/1970,17,24,0,INDETERMINADO,5,1,0,0,0,0,240,32,1,0,11
1970262047,100,30/09/1970,7,26,0,INDETERMINADO,5,1,0,0,0,0,360,0,0,0,0
1970302241,30,30/09/1970,8,30,0,INDETERMINADO,5,1,0,0,0,0,240,0,0,0,0
1970321974,1000,30/09/1970,3,32,0,INDETERMINADO,2,1,20,0,0,0,300,83,0,0,3
1970322054,40,30/09/1970,3,32,0,INDETERMINADO,5,1,0,0,0,0,960,0,0,0,0
1970362346,73,30/09/1970,3,36,0,INDETERMINADO,4,1,99,0,0,0,180,40,1,0,4
1970362686,40,30/09/1970,3,36,0,INDETERMINADO,5,1,0,0,0,0,300,0,0,0,0
1970362687,60,30/09/1970,3,36,0,INDETERMINADO,5,1,0,0,0,0,240,0,0,0,0
1970363162,10,30/09/1970,3,36,0,INDETERMINADO,5,1,0,0,0,0,180,0,0,0,0
1970363163,10,30/09/1970,3,36,0,INDETERMINADO,5,1,0,0,0,0,120,0,0,0,0
1970363164,30,30/09/1970,3,36,0,INDETERMINADO,5,1,0,0,0,0,180,0,0,0,0
1970432313,50,30/09/1970,2,43,0,INDETERMINADO,2,1,40,0,0,0,1080,0,0,0,0
1970492140,160,30/09/1970,17,49,0,INDETERMINADO,2,1,50,0,0,0,180,0,0,0,0
1970032986,500,01/10/1970,9,3,0,INDETERMINADO,2,1,90,0,0,0,1140,19,0,0,0
1970072142,420,01/10/1970,15,7,0,INDETERMINADO,2,1,10,0,0,0,1080,0,0,0,0
1970082572,15,01/10/1970,2,8,0,INDETERMINADO,5,1,0,0,0,0,120,0,0,0,0
1970082573,20,01/10/1970,2,8,0,INDETERMINADO,5,1,0,0,0,0,180,0,0,0,0
1970122332,250,01/10/1970,9,12,0,INDETERMINADO,2,1,10,0,0,0,300,0,0,0,0
1970152220,22,01/10/1970,3,15,0,INDETERMINADO,5,1,0,0,0,0,540,0,0,0,0
1970152221,16,01/10/1970,3,15,0,INDETERMINADO,5,1,0,0,0,0,240,0,0,0,0
1970162285,10,01/10/1970,11,16,0,INDETERMINADO,5,1,0,0,0,0,120,0,0,0,0
1970242132,100,01/10/1970,17,24,0,INDETERMINADO,2,1,50,0,0,0,660,0,0,0,0
1970242381,1000,01/10/1970,17,24,0,INDETERMINADO,5,1,0,0,0,0,3300,38,0,0,0
1970282101,30,01/10/1970,16,28,0,INDETERMINADO,3,1,20,0,0,0,60,0,0,0,0
1970322055,10,01/10/1970,3,32,0,INDETERMINADO,2,1,50,0,0,0,1140,0,0,0,0
1970322072,200,01/10/1970,3,32,0,INDETERMINADO,2,1,20,0,0,0,360,0,0,0,0
1970322073,40,01/10/1970,3,32,0,INDETERMINADO,2,1,20,0,0,0,180,0,0,0,0
1970322074,1720,01/10/1970,3,32,0,INDETERMINADO,4,1,99,0,0,0,540,83,0,0,36
1970322166,23,01/10/1970,3,32,0,INDETERMINADO,2,1,50,0,0,0,60,0,0,0,0
1970332276,40,01/10/1970,5,33,0,INDETERMINADO,5,1,0,0,0,0,480,0,0,0,0
1970332277,490,01/10/1970,5,33,0,INDETERMINADO,5,1,0,0,0,0,540,0,0,0,0
1970332278,300,01/10/1970,5,33,0,INDETERMINADO,2,1,20,0,0,0,1619,0,0,0,0
1970341949,30,01/10/1970,17,34,0,INDETERMINADO,2,1,10,0,0,0,120,0,0,0,0
1970342079,20,01/10/1970,17,34,0,INDETERMINADO,2,1,10,0,0,0,120,0,0,0,0
1970362688,10,01/10/1970,3,36,0,INDETERMINADO,5,1,0,0,0,0,420,0,0,0,0
1970362796,40,01/10/1970,3,36,0,INDETERMINADO,5,1,0,0,0,0,300,0,0,0,0
1970371951,40,01/10/1970,17,37,0,INDETERMINADO,2,1,50,0,0,0,60,0,0,0,0
1970372371,200,01/10/1970,17,37,0,INDETERMINADO,5,1,0,0,0,0,300,2,0,0,2
1970432314,20,01/10/1970,2,43,0,INDETERMINADO,2,1,50,0,0,0,960,0,0,0,0
1970502695,80,01/10/1970,10,50,0,INDETERMINADO,2,1,50,0,0,0,120,22,0,0,1
1970032987,500,02/10/1970,9,3,0,INDETERMINADO,2,1,90,0,0,0,600,31,1,0,1
1970052438,500,02/10/1970,17,5,0,INDETERMINADO,2,1,40,0,0,0,180,0,0,0,0
1970062227,753,02/10/1970,14,6,0,INDETERMINADO,2,1,10,0,0,0,840,20,0,0,5
1970072143,30,02/10/1970,15,7,0,INDETERMINADO,2,1,50,0,0,0,180,0,0,0,0
1970082257,30,02/10/1970,2,8,0,INDETERMINADO,2,1,30,0,0,0,120,0,0,0,0
1970082258,30,02/10/1970,2,8,0,INDETERMINADO,2,1,90,0,0,0,180,0,0,0,0
1970082574,20,02/10/1970,2,8,0,INDETERMINADO,3,1,20,0,0,0,180,0,0,0,0
1970122283,250,02/10/1970,9,12,0,INDETERMINADO,2,1,50,0,0,0,480,83,0,0,0
1970152478,20,02/10/1970,3,15,0,INDETERMINADO,5,1,0,0,0,0,180,0,0,0,0
1970172655,10,02/10/1970,2,17,0,INDETERMINADO,5,1,0,0,0,0,120,0,0,0,0
1970192364,170,02/10/1970,11,19,0,INDETERMINADO,5,1,0,0,0,0,300,0,0,0,0
1970242067,1055,02/10/1970,17,24,0,INDETERMINADO,5,1,0,0,0,0,1500,0,0,0,6
1970242133,200,02/10/1970,17,24,0,INDETERMINADO,2,1,50,0,0,0,480,0,0,0,0
1970242134,800,02/10/1970,17,24,0,INDETERMINADO,2,1,50,0,0,0,659,80,4,0,0
1970242135,60,02/10/1970,17,24,0,INDETERMINADO,2,1,20,0,0,0,419,0,0,0,0
1970242237,90,02/10/1970,17,24,0,INDETERMINADO,5,1,0,0,0,0,540,0,0,0,0
1970242698,1500,02/10/1970,17,24,0,INDETERMINADO,5,1,0,0,0,0,2820,23,0,0,0
1970242699,2000,02/10/1970,17,24,0,INDETERMINADO,5,1,0,0,0,0,1920,17,0,0,0
1970273048,140,02/10/1970,3,27,0,INDETERMINADO,5,1,0,0,0,0,2160,0,0,0,0
1970322076,600,02/10/1970,3,32,0,INDETERMINADO,2,1,40,0,0,0,780,129,1,0,0
1970322077,800,02/10/1970,3,32,0,INDETERMINADO,2,1,40,0,0,0,1020,129,1,0,0
1970322167,300,02/10/1970,3,32,0,INDETERMINADO,2,1,20,0,0,0,300,0,0,0,0
1970322168,160,02/10/1970,3,32,0,INDETERMINADO,2,1,40,0,0,0,180,0,0,0,0
1970322169,150,02/10/1970,3,32,0,INDETERMINADO,5,1,0,0,0,0,420,77,0,0,1
1970332189,60,02/10/1970,5,33,0,INDETERMINADO,5,1,0,0,0,0,480,0,0,0,0
1970332341,130,02/10/1970,5,33,0,INDETERMINADO,4,1,99,0,0,0,480,9,0,0,1
1970362347,360,02/10/1970,3,36,0,INDETERMINADO,4,1,99,0,0,0,180,11,0,0,1
1970362798,40,02/10/1970,3,36,0,INDETERMINADO,5,1,0,0,0,0,120,0,0,0,0
1970362976,10,02/10/1970,3,36,0,INDETERMINADO,5,1,0,0,0,0,119,0,0,0,0
1970363166,20,02/10/1970,3,36,0,INDETERMINADO,5,1,0,0,0,0,120,0,0,0,0
1970392106,50,02/10/1970,6,39,0,INDETERMINADO,5,1,0,0,0,0,480,0,0,0,0
1970432591,46783,02/10/1970,2,43,0,INDETERMINADO,2,1,40,0,0,0,5700,320,2,0,489
1970032083,1500,03/10/1970,9,3,0,INDETERMINADO,2,1,10,0,0,0,1680,121,0,0,0
1970092093,20,03/10/1970,17,9,0,INDETERMINADO,2,1,10,0,0,0,180,0,0,0,0
1970152222,340,03/10/1970,3,15,0,INDETERMINADO,4,1,99,0,0,0,1500,0,0,0,0
1970172657,60,03/10/1970,2,17,0,INDETERMINADO,5,1,0,0,0,0,420,0,0,0,0
1970232320,35,03/10/1970,4,23,0,INDETERMINADO,2,1,10,0,0,0,180,0,0,0,0
1970242238,400,03/10/1970,17,24,0,INDETERMINADO,5,1,0,0,0,0,2400,0,0,0,0
1970252323,400,03/10/1970,2,25,0,INDETERMINADO,2,1,40,0,0,0,3480,29,0,0,1
1970272832,205,03/10/1970,3,27,0,INDETERMINADO,4,1,99,0,0,0,540,0,0,0,1
1970292366,300,03/10/1970,4,29,0,INDETERMINADO,2,1,50,0,0,0,480,0,0,0,0
1970322170,300,03/10/1970,3,32,0,INDETERMINADO,2,1,20,0,0,0,420,0,0,0,0
1970322171,50,03/10/1970,3,32,0,INDETERMINADO,4,1,99,0,0,0,180,31,0,0,0
1970322172,20,03/10/1970,3,32,0,INDETERMINADO,4,1,99,0,0,0,120,0,0,0,0
1970322269,60,03/10/1970,3,32,0,INDETERMINADO,4,1,99,0,0,0,119,27,0,0,3
1970332279,40,03/10/1970,5,33,0,INDETERMINADO,5,1,0,0,0,0,480,0,0,0,0
1970332280,100,03/10/1970,5,33,0,INDETERMINADO,5,1,0,0,0,0,360,0,0,0,1
1970362689,350,03/10/1970,3,36,0,INDETERMINADO,5,1,0,0,0,0,540,0,0,0,0
1970362842,1650,03/10/1970,3,36,0,INDETERMINADO,4,1,99,0,0,0,720,24,0,0,37
1970363167,25,03/10/1970,3,36,0,INDETERMINADO,5,1,0,0,0,0,480,0,0,0,0
1970363178,15,03/10/1970,3,36,0,INDETERMINADO,5,1,0,0,0,0,180,0,0,0,0
1970432315,50,03/10/1970,2,43,0,INDETERMINADO,2,1,10,0,0,0,180,0,0,0,0
1970462316,40,03/10/1970,9,46,0,INDETERMINADO,2,1,90,0,0,0,420,0,0,0,0
1970082671,50,04/10/1970,2,8,0,INDETERMINADO,5,1,0,0,0,0,180,0,0,0,0
1970112534,70,04/10/1970,4,11,0,INDETERMINADO,5,1,0,0,0,0,180,21,0,0,1
1970152223,630,04/10/1970,3,15,0,INDETERMINADO,4,1,99,0,0,0,1500,22,0,0,0
1970162286,10,04/10/1970,11,16,0,INDETERMINADO,2,1,90,0,0,0,59,0,0,0,0
1970172658,15,04/10/1970,2,17,0,INDETERMINADO,5,1,0,0,0,0,240,0,0,0,0
1970242239,40,04/10/1970,17,24,0,INDETERMINADO,5,1,0,0,0,0,420,0,0,0,0
1970272833,130,04/10/1970,3,27,0,INDETERMINADO,4,1,99,0,0,0,360,26,0,0,8
1970282266,170,04/10/1970,16,28,0,INDETERMINADO,5,1,0,0,0,0,240,0,0,0,0
1970322173,10,04/10/1970,3,32,0,INDETERMINADO,2,1,90,0,0,0,120,0,0,0,0
1970322174,10,04/10/1970,3,32,0,INDETERMINADO,4,1,99,0,0,0,300,0,0,0,0
1970322175,20,04/10/1970,3,32,0,INDETERMINADO,2,1,90,0,0,0,120,0,0,0,0
1970322176,950,04/10/1970,3,32,0,INDETERMINADO,4,1,99,0,0,0,3180,39,0,0,0
1970322270,20,04/10/1970,3,32,0,INDETERMINADO,2,1,90,0,0,0,120,0,0,0,0
1970332190,10,04/10/1970,5,33,0,INDETERMINADO,5,1,0,0,0,0,180,0,0,0,0
1970362192,120,04/10/1970,3,36,0,INDETERMINADO,5,1,0,0,0,0,300,35,0,0,10
1970362348,10,04/10/1970,3,36,0,INDETERMINADO,4,1,99,0,0,0,120,0,0,0,0
1970362462,303,04/10/1970,3,36,0,INDETERMINADO,4,1,99,0,0,0,540,51,1,0,10
1970362690,10,04/10/1970,3,36,0,INDETERMINADO,5,1,0,0,0,0,120,0,0,0,0
1970362799,10,04/10/1970,3,36,0,INDETERMINADO,5,1,0,0,0,0,180,0,0,0,0
1970363147,80,04/10/1970,3,36,0,INDETERMINADO,4,1,99,0,0,0,360,25,0,0,2
1970363168,40,04/10/1970,3,36,0,INDETERMINADO,5,1,0,0,0,0,540,0,0,0,0
1970363179,10,04/10/1970,3,36,0,INDETERMINADO,4,1,99,0,0,0,240,0,0,0,0
1970382107,56,04/10/1970,12,38,0,INDETERMINADO,2,1,50,0,0,0,420,0,0,0,0
1970432592,2400,04/10/1970,2,43,0,INDETERMINADO,2,1,50,0,0,0,3060,157,5,0,17
1970502696,200,04/10/1970,10,50,0,INDETERMINADO,2,1,90,0,0,0,240,0,0,0,0
1970032249,800,05/10/1970,9,3,0,INDETERMINADO,2,1,10,0,0,0,960,31,1,0,0
1970072144,30,05/10/1970,15,7,0,INDETERMINADO,2,1,50,0,0,0,300,0,0,0,0
1970082035,1200,05/10/1970,2,8,0,INDETERMINADO,2,1,40,0,0,0,779,70,6,0,9
1970082261,400,05/10/1970,2,8,0,INDETERMINADO,5,1,0,0,0,0,600,0,0,0,0
1970152479,15,05/10/1970,3,15,0,INDETERMINADO,5,1,0,0,0,0,120,0,0,0,0
1970172661,10,05/10/1970,2,17,0,INDETERMINADO,5,1,0,0,0,0,180,0,0,0,0
1970242240,200,05/10/1970,17,24,0,INDETERMINADO,5,1,0,0,0,0,1380,0,0,0,0
1970242447,290,05/10/1970,17,24,0,INDETERMINADO,5,1,0,0,0,0,360,0,0,0,0
1970322177,60,05/10/1970,3,32,0,INDETERMINADO,2,1,90,0,0,0,780,0,0,0,0
1970322178,20,05/10/1970,3,32,0,INDETERMINADO,2,1,90,0,0,0,120,0,0,0,0
1970322271,400,05/10/1970,3,32,0,INDETERMINADO,2,1,20,0,0,0,540,0,0,0,0
1970322272,200,05/10/1970,3,32,0,INDETERMINADO,4,1,99,0,0,0,360,0,0,0,0
1970332191,150,05/10/1970,5,33,0,INDETERMINADO,5,1,0,0,0,0,300,0,0,0,0
1970362463,10,05/10/1970,3,36,0,INDETERMINADO,5,1,0,0,0,0,120,0,0,0,0
1970362691,150,05/10/1970,3,36,0,INDETERMINADO,5,1,0,0,0,0,179,0,0,0,0
1970362802,40,05/10/1970,3,36,0,INDETERMINADO,5,1,0,0,0,0,360,0,0,0,0
1970362803,40,05/10/1970,3,36,0,INDETERMINADO,5,1,0,0,0,0,360,0,0,0,0
1970362804,40,05/10/1970,3,36,0,INDETERMINADO,5,1,0,0,0,0,115,0,0,0,0
1970363112,50,05/10/1970,3,36,0,INDETERMINADO,5,1,0,0,0,0,300,0,0,0,0
1970363169,40,05/10/1970,3,36,0,INDETERMINADO,5,1,0,0,0,0,60,0,0,0,0
1970363170,25,05/10/1970,3,36,0,INDETERMINADO,5,1,0,0,0,0,240,0,0,0,0
1970363180,10,05/10/1970,3,36,0,INDETERMINADO,4,1,99,0,0,0,60,0,0,0,0
1970262376,10,06/10/1970,7,26,0,INDETERMINADO,5,1,0,0,0,0,180,0,0,0,0
1970362928,25,06/10/1970,3,36,0,INDETERMINADO,5,1,0,0,0,0,180,0,0,0,0
1970422111,100,06/10/1970,17,42,0,INDETERMINADO,5,1,0,0,0,0,240,0,0,0,0
1970442034,10,06/10/1970,10,44,0,INDETERMINADO,2,1,20,0,0,0,60,0,0,0,0
1970052503,20,07/10/1970,17,5,0,INDETERMINADO,5,1,0,0,0,0,120,0,0,0,0
1970242159,20,07/10/1970,17,24,0,INDETERMINADO,2,1,40,0,0,0,240,0,0,0,0
1970322179,120,07/10/1970,3,32,0,INDETERMINADO,2,1,50,0,0,0,360,55,0,0,2
1970122284,10,08/10/1970,9,12,0,INDETERMINADO,2,1,90,0,0,0,120,0,0,0,0
1970212389,30,08/10/1970,4,21,0,INDETERMINADO,5,1,0,0,0,0,240,0,0,0,0
1970332281,100,08/10/1970,5,33,0,INDETERMINADO,2,1,10,0,0,0,240,0,0,0,0
1970342511,422,08/10/1970,17,34,0,INDETERMINADO,2,1,10,0,0,0,660,27,2,0,4
1970502701,400,08/10/1970,10,50,0,INDETERMINADO,3,1,20,0,0,0,420,0,0,0,0
1970052372,40,11/10/1970,17,5,0,INDETERMINADO,5,1,0,0,0,0,240,0,0,0,0
1970322338,40,11/10/1970,3,32,0,INDETERMINADO,4,1,99,0,0,0,180,0,0,0,0
1970362929,10,11/10/1970,3,36,0,INDETERMINADO,5,1,0,0,0,0,360,0,0,0,0
1970363171,10,11/10/1970,3,36,0,INDETERMINADO,5,1,0,0,0,0,600,0,0,0,0
1970152480,530,12/10/1970,3,15,0,INDETERMINADO,4,1,99,0,0,0,1140,0,0,0,0
1970322367,10,12/10/1970,3,32,0,INDETERMINADO,2,1,40,0,0,0,60,0,0,0,0
1970362464,10,12/10/1970,3,36,0,INDETERMINADO,5,1,0,0,0,0,180,0,0,0,0
1970363113,40,12/10/1970,3,36,0,INDETERMINADO,5,1,0,0,0,0,120,0,0,0,0
1970363148,10,12/10/1970,3,36,0,INDETERMINADO,5,1,0,0,0,0,60,0,0,0,0
1970382379,15,12/10/1970,12,38,0,INDETERMINADO,5,1,0,0,0,0,420,0,0,0,0
1970322339,30,13/10/1970,3,32,0,INDETERMINADO,5,1,0,0,0,0,180,0,0,0,0
1970363181,30,13/10/1970,3,36,0,INDETERMINADO,5,1,0,0,0,0,60,0,0,0,0
1970092359,10,14/10/1970,17,9,0,INDETERMINADO,2,1,10,0,0,0,120,0,0,0,0
1970242265,30,14/10/1970,17,24,0,INDETERMINADO,2,1,10,0,0,0,360,0,0,0,0
1970242448,40,14/10/1970,17,24,0,INDETERMINADO,2,1,10,0,0,0,120,0,0,0,0
1970272624,20,15/10/1970,3,27,0,INDETERMINADO,4,1,99,0,0,0,360,0,0,0,0
1970322368,50,15/10/1970,3,32,0,INDETERMINADO,4,1,99,0,0,0,1500,0,0,0,0
1970362806,15,15/10/1970,3,36,0,INDETERMINADO,5,1,0,0,0,0,240,0,0,0,0
1970052756,260,16/10/1970,17,5,0,INDETERMINADO,5,1,0,0,0,0,420,120,0,18,5
1970242335,10,16/10/1970,17,24,0,INDETERMINADO,2,1,10,0,0,0,120,0,0,0,0
1970242336,10,16/10/1970,17,24,0,INDETERMINADO,2,1,10,0,0,0,60,0,0,0,0
1970272625,285,16/10/1970,3,27,0,INDETERMINADO,4,1,99,0,0,0,420,35,0,0,18
1970272780,100,16/10/1970,3,27,0,INDETERMINADO,5,1,0,0,0,0,1020,45,0,0,3
1970362809,450,16/10/1970,3,36,0,INDETERMINADO,5,1,0,0,0,0,480,0,0,0,0
1970363114,100,16/10/1970,3,36,0,INDETERMINADO,5,1,0,0,0,0,420,0,0,0,0
1970152612,20,17/10/1970,3,15,0,INDETERMINADO,2,1,50,0,0,0,480,0,0,0,0
1970212374,15,17/10/1970,4,21,0,INDETERMINADO,2,1,30,0,0,0,120,0,0,0,0
1970272834,71,17/10/1970,3,27,0,INDETERMINADO,4,1,99,0,0,0,180,55,0,0,8
1970282337,30,17/10/1970,16,28,0,INDETERMINADO,5,1,0,0,0,0,120,0,0,0,0
1970321091,30,17/10/1970,3,32,0,INDETERMINADO,4,1,99,0,0,0,120,0,0,0,0
1970322369,180,17/10/1970,3,32,0,INDETERMINADO,4,1,99,0,0,0,660,37,1,0,5
1970322486,13,17/10/1970,3,32,0,INDETERMINADO,4,1,99,0,0,0,180,0,0,0,0
1970322487,800,17/10/1970,3,32,0,INDETERMINADO,5,1,0,0,0,0,600,74,0,0,13
1970372387,25,17/10/1970,17,37,0,INDETERMINADO,2,1,30,0,0,0,420,0,0,0,0
1970052441,80,18/10/1970,17,5,0,INDETERMINADO,2,1,40,0,0,0,300,0,0,0,0
1970152481,40,18/10/1970,3,15,0,INDETERMINADO,5,1,0,0,0,0,180,0,0,0,0
1970152482,300,18/10/1970,3,15,0,INDETERMINADO,5,1,0,0,0,0,900,95,0,0,5
1970152614,55,18/10/1970,3,15,0,INDETERMINADO,4,1,99,0,0,0,240,0,0,0,0
1970152615,40,18/10/1970,3,15,0,INDETERMINADO,4,1,99,0,0,0,360,0,0,0,0
1970242382,415,18/10/1970,17,24,0,INDETERMINADO,5,1,0,0,0,0,240,6,0,0,10
1970242383,500,18/10/1970,17,24,0,INDETERMINADO,5,1,0,0,0,0,1080,0,0,0,0
1970242384,700,18/10/1970,17,24,0,INDETERMINADO,5,1,0,0,0,0,1380,21,0,0,0
1970292450,70,18/10/1970,4,29,0,INDETERMINADO,2,1,10,0,0,0,300,0,0,0,0
1970322370,30,18/10/1970,3,32,0,INDETERMINADO,4,1,99,0,0,0,120,0,0,0,0
1970342611,805,18/10/1970,17,34,0,INDETERMINADO,4,1,99,0,0,0,1560,41,1,0,2
1970362810,170,18/10/1970,3,36,0,INDETERMINADO,5,1,0,0,0,0,600,0,0,0,0
1970362811,20,18/10/1970,3,36,0,INDETERMINADO,5,1,0,0,0,0,120,0,0,0,0
1970362998,10,18/10/1970,3,36,0,INDETERMINADO,5,1,0,0,0,0,120,0,0,0,0
1970242385,80,19/10/1970,17,24,0,INDETERMINADO,5,1,0,0,0,0,480,1,0,0,1
1970292378,120,19/10/1970,4,29,0,INDETERMINADO,2,1,90,0,0,0,60,0,0,0,0
1970322488,530,19/10/1970,3,32,0,INDETERMINADO,5,1,0,0,0,0,480,0,0,0,0
1970322546,100,19/10/1970,3,32,0,INDETERMINADO,5,1,0,0,0,0,1140,0,0,0,0
1970332673,80,19/10/1970,5,33,0,INDETERMINADO,4,1,99,0,0,0,300,51,0,0,8
1970342512,40,19/10/1970,17,34,0,INDETERMINADO,5,1,0,0,0,0,120,0,0,0,0
1970362525,15,19/10/1970,3,36,0,INDETERMINADO,5,1,0,0,0,0,55,0,0,0,1
1970362812,140,19/10/1970,3,36,0,INDETERMINADO,5,1,0,0,0,0,120,0,0,0,0
1970362813,140,19/10/1970,3,36,0,INDETERMINADO,5,1,0,0,0,0,299,0,0,0,0
1970412470,10,19/10/1970,4,41,0,INDETERMINADO,2,1,30,0,0,0,120,0,0,0,0
1970232608,20,20/10/1970,4,23,0,INDETERMINADO,2,1,50,0,0,0,60,0,0,0,0
1970292395,60,20/10/1970,4,29,0,INDETERMINADO,2,1,10,0,0,0,360,0,0,0,0
1970322453,"2,8E+016",20/10/1970,3,32,0,INDETERMINADO,5,1,0,0,0,0,120,0,0,0,0
1970322489,250,20/10/1970,3,32,0,INDETERMINADO,2,1,20,0,0,0,300,0,0,0,0
1970362526,60,20/10/1970,3,36,0,INDETERMINADO,5,1,0,0,0,0,180,16,0,0,5
1970362527,80,20/10/1970,3,36,0,INDETERMINADO,5,1,0,0,0,0,180,18,1,0,7
1970242386,200,21/10/1970,17,24,0,INDETERMINADO,2,1,40,0,0,0,420,7,0,0,6
1970322490,10,21/10/1970,3,32,0,INDETERMINADO,5,1,0,0,0,0,300,0,0,0,0
1970322584,1330,21/10/1970,3,32,0,INDETERMINADO,4,1,99,0,0,0,720,131,0,0,4
1970362528,250,21/10/1970,3,36,0,INDETERMINADO,5,1,0,0,0,0,360,26,2,0,20
1970362896,70,21/10/1970,3,36,0,INDETERMINADO,5,1,0,0,0,0,120,0,0,0,0
1970363129,20,21/10/1970,3,36,0,INDETERMINADO,4,1,99,0,0,0,960,0,0,0,0
1970372388,70,21/10/1970,17,37,0,INDETERMINADO,5,1,0,0,0,0,180,23,0,0,0
1970462430,40,21/10/1970,9,46,0,INDETERMINADO,5,1,0,0,0,0,120,0,0,0,0
1970092510,550,22/10/1970,17,9,0,INDETERMINADO,5,1,0,0,0,0,900,20,1,0,0
1970112732,40,22/10/1970,4,11,0,INDETERMINADO,5,1,0,0,0,0,239,0,0,0,0
1970152483,55,22/10/1970,3,15,0,INDETERMINADO,5,1,0,0,0,0,180,0,0,0,1
1970192365,15,22/10/1970,11,19,0,INDETERMINADO,2,1,40,0,0,0,120,0,0,0,0
1970212548,200,22/10/1970,4,21,0,INDETERMINADO,5,1,0,0,0,0,300,0,0,0,0
1970232391,40,22/10/1970,4,23,0,INDETERMINADO,2,1,40,0,0,0,180,0,0,0,0
1970362814,55,22/10/1970,3,36,0,INDETERMINADO,5,1,0,0,0,0,120,28,0,0,1
1970462431,70,22/10/1970,9,46,0,INDETERMINADO,5,1,0,0,0,0,720,0,0,0,0
1970462432,20,22/10/1970,9,46,0,INDETERMINADO,2,1,90,0,0,0,120,0,0,0,0
1970492434,100,22/10/1970,17,49,0,INDETERMINADO,5,1,0,0,0,0,180,0,0,0,0
1970082509,30,23/10/1970,2,8,0,INDETERMINADO,2,1,20,0,0,0,120,0,0,0,0
1970112733,40,23/10/1970,4,11,0,INDETERMINADO,5,1,0,0,0,0,120,0,0,0,0
1970152484,30,23/10/1970,3,15,0,INDETERMINADO,5,1,0,0,0,0,180,0,0,0,0
1970232392,15,23/10/1970,4,23,0,INDETERMINADO,2,1,10,0,0,0,60,0,0,0,0
1970232393,20,23/10/1970,4,23,0,INDETERMINADO,2,1,20,0,0,0,120,0,0,0,0
1970232394,15,23/10/1970,4,23,0,INDETERMINADO,2,1,40,0,0,0,180,0,0,0,0
1970292451,800,23/10/1970,4,29,0,INDETERMINADO,2,1,50,0,0,0,540,41,0,0,0
1970322491,10,23/10/1970,3,32,0,INDETERMINADO,5,1,0,0,0,0,120,0,0,0,0
1970322549,30,23/10/1970,3,32,0,INDETERMINADO,4,1,99,0,0,0,179,0,0,0,0
1970322550,20,23/10/1970,3,32,0,INDETERMINADO,2,1,20,0,0,0,120,0,0,0,0
1970362815,30,23/10/1970,3,36,0,INDETERMINADO,5,1,0,0,0,0,120,0,0,0,0
1970362867,20,23/10/1970,3,36,0,INDETERMINADO,5,1,0,0,0,0,180,0,0,0,0
1970362868,20,23/10/1970,3,36,0,INDETERMINADO,4,1,99,0,0,0,120,0,0,0,0
1970362894,850,23/10/1970,3,36,0,INDETERMINADO,5,1,0,0,0,0,780,46,0,0,33
1970052445,25,24/10/1970,17,5,0,INDETERMINADO,2,1,40,0,0,0,180,0,0,0,0
1970152616,45,24/10/1970,3,15,0,INDETERMINADO,5,1,0,0,0,0,540,0,0,0,0
1970242449,450,24/10/1970,17,24,0,INDETERMINADO,5,1,0,0,0,0,2340,0,0,0,0
1970292652,1200,24/10/1970,4,29,0,INDETERMINADO,5,1,0,0,0,0,1740,216,0,0,40
1970322492,30,24/10/1970,3,32,0,INDETERMINADO,5,1,0,0,0,0,120,0,0,0,0
1970322493,40,24/10/1970,3,32,0,INDETERMINADO,2,1,90,0,0,0,240,0,0,0,1
1970362561,"1,2E+016",24/10/1970,3,36,0,INDETERMINADO,5,1,0,0,0,0,180,0,0,0,0
1970362869,40,24/10/1970,3,36,0,INDETERMINADO,5,1,0,0,0,0,240,0,0,0,0
1970363183,30,24/10/1970,3,36,0,INDETERMINADO,5,1,0,0,0,0,60,0,0,0,0
1970452531,10,24/10/1970,11,45,0,INDETERMINADO,2,1,50,0,0,0,60,0,0,0,0
1970162446,180,25/10/1970,11,16,0,INDETERMINADO,2,1,50,0,0,0,180,0,0,0,0
1970272792,100,25/10/1970,3,27,0,INDETERMINADO,5,1,0,0,0,0,240,0,0,0,0
1970292452,40,25/10/1970,4,29,0,INDETERMINADO,3,1,20,0,0,0,180,0,0,0,0
1970322494,30,25/10/1970,3,32,0,INDETERMINADO,2,1,20,0,0,0,240,0,0,0,0
1970322495,40,25/10/1970,3,32,0,INDETERMINADO,4,1,99,0,0,0,120,0,0,0,0
1970322496,30,25/10/1970,3,32,0,INDETERMINADO,4,1,99,0,0,0,180,0,0,0,0
1970322497,350,25/10/1970,3,32,0,INDETERMINADO,4,1,99,0,0,0,1020,67,0,0,4
1970322498,130,25/10/1970,3,32,0,INDETERMINADO,4,1,99,0,0,0,900,35,0,0,2
1970322545,300,25/10/1970,3,32,0,INDETERMINADO,2,1,20,0,0,0,3300,0,0,0,0
1970322551,40,25/10/1970,3,32,0,INDETERMINADO,2,1,20,0,0,0,180,0,0,0,0
1970362529,200,25/10/1970,3,36,0,INDETERMINADO,5,1,0,0,0,0,240,11,0,0,1
1970362530,450,25/10/1970,3,36,0,INDETERMINADO,5,1,0,0,0,0,600,12,6,0,17
1970362768,50,25/10/1970,3,36,0,INDETERMINADO,5,1,0,0,0,0,120,0,0,0,1
1970362769,23,25/10/1970,3,36,0,INDETERMINADO,5,1,0,0,0,0,120,0,0,0,0
1970362816,110,25/10/1970,3,36,0,INDETERMINADO,5,1,0,0,0,0,420,0,0,0,0
1970362817,20,25/10/1970,3,36,0,INDETERMINADO,5,1,0,0,0,0,180,0,0,0,0
1970362870,20,25/10/1970,3,36,0,INDETERMINADO,5,1,0,0,0,0,540,0,0,0,0
1970362873,10,25/10/1970,3,36,0,INDETERMINADO,5,1,0,0,0,0,120,0,0,0,0
1970363038,30,25/10/1970,3,36,0,INDETERMINADO,5,1,0,0,0,0,600,0,0,0,0
1970363116,10,25/10/1970,3,36,0,INDETERMINADO,5,1,0,0,0,0,120,0,0,0,0
1970363151,60,25/10/1970,3,36,0,INDETERMINADO,4,1,99,0,0,0,365,17,0,0,1
1970363185,50,25/10/1970,3,36,0,INDETERMINADO,5,1,0,0,0,0,1200,0,0,0,0
1970363186,10,25/10/1970,3,36,0,INDETERMINADO,5,1,0,0,0,0,60,0,0,0,0
1970152485,200,26/10/1970,3,15,0,INDETERMINADO,4,1,99,0,0,0,660,0,0,0,0
1970212375,30,26/10/1970,4,21,0,INDETERMINADO,5,1,0,0,0,0,120,0,0,0,0
1970292541,3350,26/10/1970,4,29,0,INDETERMINADO,2,1,10,0,0,0,1500,97,0,0,7
1970322499,600,26/10/1970,3,32,0,INDETERMINADO,2,1,20,0,0,0,360,39,0,0,0
1970322579,40,26/10/1970,3,32,0,INDETERMINADO,5,1,0,0,0,0,480,0,0,0,0
1970362705,10,26/10/1970,3,36,0,INDETERMINADO,5,1,0,0,0,0,60,0,0,0,0
1970362770,30,26/10/1970,3,36,0,INDETERMINADO,5,1,0,0,0,0,180,0,0,0,1
1970362874,280,26/10/1970,3,36,0,INDETERMINADO,5,1,0,0,0,0,720,0,0,0,0
1970362875,20,26/10/1970,3,36,0,INDETERMINADO,5,1,0,0,0,0,120,0,0,0,0
1970492435,2500,26/10/1970,17,49,0,INDETERMINADO,5,1,0,0,0,0,2280,0,0,0,0
1970152617,18,27/10/1970,3,15,0,INDETERMINADO,2,1,10,0,0,0,120,0,0,0,0
1970152715,20,27/10/1970,3,15,0,INDETERMINADO,5,1,0,0,0,0,300,0,0,0,0
1970242539,1100,27/10/1970,17,24,0,INDETERMINADO,5,1,0,0,0,0,2700,35,0,0,7
1970242566,20,27/10/1970,17,24,0,INDETERMINADO,5,1,0,0,0,0,360,0,0,0,0
1970322580,15,27/10/1970,3,32,0,INDETERMINADO,5,1,0,0,0,0,180,0,0,0,0
1970362533,10,27/10/1970,3,36,0,INDETERMINADO,5,1,0,0,0,0,300,0,0,0,0
1970362786,60,27/10/1970,3,36,0,INDETERMINADO,5,1,0,0,0,0,299,24,0,0,6
1970362818,10,27/10/1970,3,36,0,INDETERMINADO,2,1,50,0,0,0,120,0,0,0,0
1970362876,150,27/10/1970,3,36,0,INDETERMINADO,5,1,0,0,0,0,360,0,0,0,0
1970363117,280,27/10/1970,3,36,0,INDETERMINADO,5,1,0,0,0,0,1380,79,0,0,1
1970363188,15,27/10/1970,3,36,0,INDETERMINADO,5,1,0,0,0,0,120,0,0,0,0
1970363189,300,27/10/1970,3,36,0,INDETERMINADO,5,1,0,0,0,0,180,0,0,0,0
1970363190,40,27/10/1970,3,36,0,INDETERMINADO,5,1,0,0,0,0,180,0,0,0,0
1970062547,240,28/10/1970,14,6,0,INDETERMINADO,2,1,20,0,0,0,420,0,0,0,0
1970242538,600,28/10/1970,17,24,0,INDETERMINADO,5,1,0,0,0,0,419,23,0,0,0
1970272646,50,28/10/1970,3,27,0,INDETERMINADO,4,1,99,0,0,0,720,0,0,0,0
1970292542,880,28/10/1970,4,29,0,INDETERMINADO,2,1,40,0,0,0,1020,125,1,0,1
1970292626,30,28/10/1970,4,29,0,INDETERMINADO,2,1,10,0,0,0,240,0,0,0,0
1970322500,30,28/10/1970,3,32,0,INDETERMINADO,2,1,90,0,0,0,180,0,0,0,0
1970322553,10,28/10/1970,3,32,0,INDETERMINADO,2,1,20,0,0,0,120,0,0,0,0
1970362878,10,28/10/1970,3,36,0,INDETERMINADO,5,1,0,0,0,0,60,0,0,0,0
1970362879,10,28/10/1970,3,36,0,INDETERMINADO,5,1,0,0,0,0,120,0,0,0,0
1970362910,20,28/10/1970,3,36,0,INDETERMINADO,5,1,0,0,0,0,180,0,0,0,0
1970362936,10,28/10/1970,3,36,0,INDETERMINADO,5,1,0,0,0,0,60,0,0,0,0
1970492596,420,28/10/1970,17,49,0,INDETERMINADO,5,1,0,0,0,0,1380,0,0,0,72
1970052504,300,29/10/1970,17,5,0,INDETERMINADO,2,1,20,0,0,0,300,0,0,0,0
1970152716,150,29/10/1970,3,15,0,INDETERMINADO,5,1,0,0,0,0,540,44,0,0,8
1970242468,450,29/10/1970,17,24,0,INDETERMINADO,5,1,0,0,0,0,1440,0,0,0,0
1970242540,250,29/10/1970,17,24,0,INDETERMINADO,2,1,20,0,0,0,1320,5,0,0,1
1970272647,34,29/10/1970,3,27,0,INDETERMINADO,2,1,20,0,0,0,360,0,0,0,0
1970273049,30,29/10/1970,3,27,0,INDETERMINADO,4,1,99,0,0,0,360,0,0,0,0
1970322543,20,29/10/1970,3,32,0,INDETERMINADO,2,1,20,0,0,0,239,0,0,0,0
1970322544,300,29/10/1970,3,32,0,INDETERMINADO,2,1,20,0,0,0,715,0,0,0,0
1970322554,20,29/10/1970,3,32,0,INDETERMINADO,2,1,20,0,0,0,180,0,0,0,0
1970322581,900,29/10/1970,3,32,0,INDETERMINADO,2,1,50,0,0,0,2520,0,0,0,1
1970332501,50,29/10/1970,5,33,0,INDETERMINADO,5,1,0,0,0,0,2460,0,0,0,0
1970362771,20,29/10/1970,3,36,0,INDETERMINADO,5,1,0,0,0,0,120,0,0,0,0
1970362787,20,29/10/1970,3,36,0,INDETERMINADO,5,1,0,0,0,0,60,0,0,0,0
1970362880,40,29/10/1970,3,36,0,INDETERMINADO,5,1,0,0,0,0,180,0,0,0,0
1970362881,250,29/10/1970,3,36,0,INDETERMINADO,5,1,0,0,0,0,540,0,0,0,0
1970362897,400,29/10/1970,3,36,0,INDETERMINADO,5,1,0,0,0,0,1560,0,0,0,0
1970363191,70,29/10/1970,3,36,0,INDETERMINADO,5,1,0,0,0,0,480,0,0,0,0
1970202469,40,30/10/1970,1,20,0,INDETERMINADO,5,1,0,0,0,0,180,0,0,0,0
1970242643,10,30/10/1970,17,24,0,INDETERMINADO,2,1,10,0,0,0,900,0,0,0,0
1970273050,500,30/10/1970,3,27,0,INDETERMINADO,5,1,0,0,0,0,3840,0,0,0,0
1970362819,250,30/10/1970,3,36,0,INDETERMINADO,5,1,0,0,0,0,240,0,0,0,0
1970362898,200,30/10/1970,3,36,0,INDETERMINADO,5,1,0,0,0,0,300,44,1,0,5
1970362899,40,30/10/1970,3,36,0,INDETERMINADO,2,1,50,0,0,0,540,0,0,0,0
1970363154,100,30/10/1970,3,36,0,INDETERMINADO,5,1,0,0,0,0,540,0,0,0,0
1970363193,20,30/10/1970,3,36,0,INDETERMINADO,5,1,0,0,0,0,120,0,0,0,0
1970392585,40,30/10/1970,6,39,0,INDETERMINADO,2,1,50,0,0,0,360,0,0,0,0
1970492600,450,30/10/1970,17,49,0,INDETERMINADO,5,1,0,0,0,0,240,0,0,0,0
1970072598,20,31/10/1970,15,7,0,INDETERMINADO,5,1,0,0,0,0,360,0,0,0,0
1970152618,500,31/10/1970,3,15,0,INDETERMINADO,4,1,99,0,0,0,300,46,0,0,20
1970152619,60,31/10/1970,3,15,0,INDETERMINADO,4,1,99,0,0,0,180,46,0,0,0
1970292678,820,31/10/1970,4,29,0,INDETERMINADO,4,1,99,0,0,0,480,185,0,0,31
1970292679,100,31/10/1970,4,29,0,INDETERMINADO,4,1,99,0,0,0,420,55,0,0,3
1970362820,30,31/10/1970,3,36,0,INDETERMINADO,5,1,0,0,0,0,120,0,0,0,0
1970362940,30,31/10/1970,3,36,0,INDETERMINADO,5,1,0,0,0,0,300,0,0,0,0
1970362941,10,31/10/1970,3,36,0,INDETERMINADO,5,1,0,0,0,0,60,0,0,0,0
1970362942,60,31/10/1970,3,36,0,INDETERMINADO,5,1,0,0,0,0,180,0,0,0,0
1970082672,20,01/11/1970,2,8,0,INDETERMINADO,5,1,0,0,0,0,120,0,0,0,0
1970152621,160,01/11/1970,3,15,0,INDETERMINADO,5,1,0,0,0,0,2220,34,0,0,12
1970222537,650,01/11/1970,10,22,0,INDETERMINADO,5,1,0,0,0,0,2760,40,0,0,1
1970232633,100,01/11/1970,4,23,0,INDETERMINADO,2,1,40,0,0,0,240,0,0,0,0
1970322582,80,01/11/1970,3,32,0,INDETERMINADO,5,1,0,0,0,0,1680,68,0,0,1
1970322603,450,01/11/1970,3,32,0,INDETERMINADO,4,1,99,0,0,0,780,0,0,0,1
1970322604,250,01/11/1970,3,32,0,INDETERMINADO,2,1,20,0,0,0,1800,49,0,0,3
1970362564,14,01/11/1970,3,36,0,INDETERMINADO,2,1,50,0,0,0,359,0,0,0,0
1970362788,190,01/11/1970,3,36,0,INDETERMINADO,5,1,0,0,0,0,180,20,2,0,18
1970362882,142,01/11/1970,3,36,0,INDETERMINADO,4,1,99,0,0,0,360,33,2,0,4
1970362900,2000,01/11/1970,3,36,0,INDETERMINADO,4,1,99,0,0,0,780,32,0,0,0
1970363120,280,01/11/1970,3,36,0,INDETERMINADO,5,1,0,0,0,0,660,72,0,0,15
1970363134,20,01/11/1970,3,36,0,INDETERMINADO,4,1,99,0,0,0,240,0,0,0,0
1970392587,30,01/11/1970,6,39,0,INDETERMINADO,4,1,99,0,0,0,420,0,0,0,0
1970392588,50,01/11/1970,6,39,0,INDETERMINADO,4,1,99,0,0,0,360,0,0,0,0
1970152717,15,02/11/1970,3,15,0,INDETERMINADO,5,1,0,0,0,0,299,0,0,0,0
1970152718,450,02/11/1970,3,15,0,INDETERMINADO,4,1,99,0,0,0,420,0,0,0,0
1970182724,120,02/11/1970,4,18,0,INDETERMINADO,5,1,0,0,0,0,180,17,0,0,5
1970242576,20,02/11/1970,17,24,0,INDETERMINADO,2,1,20,0,0,0,240,0,0,0,0
1970273051,60,02/11/1970,3,27,0,INDETERMINADO,5,1,0,0,0,0,360,0,0,0,0
1970322605,200,02/11/1970,3,32,0,INDETERMINADO,4,1,99,0,0,0,360,41,0,0,4
1970332637,600,02/11/1970,5,33,0,INDETERMINADO,5,1,0,0,0,0,1860,32,0,0,0
1970362772,50,02/11/1970,3,36,0,INDETERMINADO,5,1,0,0,0,0,180,0,0,0,1
1970362823,90,02/11/1970,3,36,0,INDETERMINADO,5,1,0,0,0,0,180,0,0,0,0
1970362901,450,02/11/1970,3,36,0,INDETERMINADO,4,1,99,0,0,0,480,0,0,0,0
1970363121,"1,52E+016",02/11/1970,3,36,0,INDETERMINADO,5,1,0,0,0,0,360,0,0,0,0
1970363156,1095,02/11/1970,3,36,0,INDETERMINADO,4,1,99,0,0,0,1860,200,0,0,35
1970363195,140,02/11/1970,3,36,0,INDETERMINADO,5,1,0,0,0,0,120,0,0,0,0
1970363196,20,02/11/1970,3,36,0,INDETERMINADO,5,1,0,0,0,0,420,0,0,0,0
1970032565,80,03/11/1970,9,3,0,INDETERMINADO,2,1,10,0,0,0,1260,0,0,0,0
1970152719,400,03/11/1970,3,15,0,INDETERMINADO,4,1,99,0,0,0,540,0,0,0,0
1970212536,20,03/11/1970,4,21,0,INDETERMINADO,2,1,10,0,0,0,60,0,0,0,0
1970242635,460,03/11/1970,17,24,0,INDETERMINADO,4,1,99,0,0,0,1140,26,1,0,6
1970272781,50,03/11/1970,3,27,0,INDETERMINADO,4,1,99,0,0,0,240,0,0,0,1
1970332638,100,03/11/1970,5,33,0,INDETERMINADO,5,1,0,0,0,0,960,0,0,0,0
1970362789,120,03/11/1970,3,36,0,INDETERMINADO,5,1,0,0,0,0,300,28,0,0,4
1970362825,10,03/11/1970,3,36,0,INDETERMINADO,5,1,0,0,0,0,120,0,0,0,0
1970362911,10,03/11/1970,3,36,0,INDETERMINADO,5,1,0,0,0,0,840,0,0,0,0
1970362945,20,03/11/1970,3,36,0,INDETERMINADO,5,1,0,0,0,0,180,0,0,0,0
1970362946,20,03/11/1970,3,36,0,INDETERMINADO,5,1,0,0,0,0,120,0,0,0,0
1970362947,250,03/11/1970,3,36,0,INDETERMINADO,5,1,0,0,0,0,360,0,0,0,0
1970363000,90,03/11/1970,3,36,0,INDETERMINADO,5,1,0,0,0,0,600,0,0,0,0
1970363040,180,03/11/1970,3,36,0,INDETERMINADO,5,1,0,0,0,0,239,138,1,0,8
1970363157,132,03/11/1970,3,36,0,INDETERMINADO,5,1,0,0,0,0,420,46,1,0,3
1970363197,10,03/11/1970,3,36,0,INDETERMINADO,5,1,0,0,0,0,360,0,0,0,0
1970392589,12,03/11/1970,6,39,0,INDETERMINADO,4,1,99,0,0,0,239,0,0,0,0
1970492601,5000,03/11/1970,17,49,0,INDETERMINADO,5,1,0,0,0,0,4380,0,0,0,0
1970152720,40,04/11/1970,3,15,0,INDETERMINADO,4,1,99,0,0,0,540,0,0,0,0
1970232741,60,04/11/1970,4,23,0,INDETERMINADO,5,1,0,0,0,0,300,0,0,0,0
1970242567,10,04/11/1970,17,24,0,INDETERMINADO,2,1,40,0,0,0,240,0,0,0,0
1970272782,325,04/11/1970,3,27,0,INDETERMINADO,4,1,99,0,0,0,1080,34,0,0,8
1970272835,495,04/11/1970,3,27,0,INDETERMINADO,5,1,0,0,0,0,540,48,0,1,6
1970322606,950,04/11/1970,3,32,0,INDETERMINADO,2,1,20,0,0,0,480,85,0,0,0
1970322607,40,04/11/1970,3,32,0,INDETERMINADO,4,1,99,0,0,0,180,0,0,0,0
1970322628,200,04/11/1970,3,32,0,INDETERMINADO,4,1,99,0,0,0,600,0,0,0,0
1970322629,200,04/11/1970,3,32,0,INDETERMINADO,4,1,99,0,0,0,600,0,0,0,0
1970332639,100,04/11/1970,5,33,0,INDETERMINADO,5,1,0,0,0,0,540,0,0,0,0
1970362912,80,04/11/1970,3,36,0,INDETERMINADO,5,1,0,0,0,0,1740,0,0,0,1
1970362948,90,04/11/1970,3,36,0,INDETERMINADO,5,1,0,0,0,0,300,0,0,0,0
1970363199,40,04/11/1970,3,36,0,INDETERMINADO,5,1,0,0,0,0,1500,0,0,0,0
1970492602,300,04/11/1970,17,49,0,INDETERMINADO,5,1,0,0,0,0,1560,20,0,0,0
1970152622,70,05/11/1970,3,15,0,INDETERMINADO,5,1,0,0,0,0,420,36,0,0,4
1970212535,20,05/11/1970,4,21,0,INDETERMINADO,5,1,0,0,0,0,60,0,0,0,0
1970232634,10,05/11/1970,4,23,0,INDETERMINADO,2,1,10,0,0,0,60,0,0,0,0
1970242568,350,05/11/1970,17,24,0,INDETERMINADO,5,1,0,0,0,0,720,0,0,0,0
1970262644,60,05/11/1970,7,26,0,INDETERMINADO,2,1,90,0,0,0,300,0,0,0,0
1970272649,10,05/11/1970,3,27,0,INDETERMINADO,4,1,99,0,0,0,479,0,0,0,0
1970272836,295,05/11/1970,3,27,0,INDETERMINADO,5,1,0,0,0,0,359,74,0,0,10
1970272837,75,05/11/1970,3,27,0,INDETERMINADO,5,1,0,0,0,0,240,36,1,1,2
1970322653,120,05/11/1970,3,32,0,INDETERMINADO,2,1,20,0,0,0,299,0,0,0,0
1970332640,100,05/11/1970,5,33,0,INDETERMINADO,5,1,0,0,0,0,420,0,0,0,0
1970342654,190,05/11/1970,17,34,0,INDETERMINADO,2,1,10,0,0,0,240,33,4,0,2
1970362913,30,05/11/1970,3,36,0,INDETERMINADO,5,1,0,0,0,0,175,0,0,0,0
1970362949,48,05/11/1970,3,36,0,INDETERMINADO,5,1,0,0,0,0,780,0,0,0,0
1970362950,400,05/11/1970,3,36,0,INDETERMINADO,5,1,0,0,0,0,1380,0,0,0,0
1970362951,2705,05/11/1970,3,36,0,INDETERMINADO,5,1,0,0,0,0,1260,0,0,0,0
1970363043,302,05/11/1970,3,36,0,INDETERMINADO,5,1,0,0,0,0,1380,0,0,0,1
1970363054,32,05/11/1970,3,36,0,INDETERMINADO,4,1,99,0,0,0,120,0,0,0,0
1970363118,30,05/11/1970,3,36,0,INDETERMINADO,5,1,0,0,0,0,235,0,0,0,0
1970363201,30,05/11/1970,3,36,0,INDETERMINADO,5,1,0,0,0,0,60,0,0,0,0
1970472595,20,05/11/1970,17,47,0,INDETERMINADO,2,1,50,0,0,0,120,0,0,0,0
1970152722,50,06/11/1970,3,15,0,INDETERMINADO,4,1,99,0,0,0,355,0,0,0,1
1970242577,30,06/11/1970,17,24,0,INDETERMINADO,4,1,99,0,0,0,60,0,0,0,0
1970252676,520,06/11/1970,2,25,0,INDETERMINADO,2,1,50,0,0,0,1260,39,0,0,0
1970262645,100,06/11/1970,7,26,0,INDETERMINADO,2,1,50,0,0,0,300,0,0,0,0
1970272783,100,06/11/1970,3,27,0,INDETERMINADO,4,1,99,0,0,0,360,25,0,0,3
1970292578,150,06/11/1970,4,29,0,INDETERMINADO,2,1,10,0,0,0,240,68,0,0,0
1970322630,150,06/11/1970,3,32,0,INDETERMINADO,4,1,99,0,0,0,660,0,0,0,0
1970362828,10,06/11/1970,3,36,0,INDETERMINADO,5,1,0,0,0,0,600,0,0,0,0
1970362952,450,06/11/1970,3,36,0,INDETERMINADO,5,1,0,0,0,0,480,0,0,0,0
1970362953,40,06/11/1970,3,36,0,INDETERMINADO,5,1,0,0,0,0,540,0,0,0,0
1970382670,700,06/11/1970,12,38,0,INDETERMINADO,2,1,50,0,0,0,900,17,0,0,0
1970492674,5950,06/11/1970,17,49,0,INDETERMINADO,4,1,99,0,0,0,840,48,1,0,7
1970072599,110,07/11/1970,15,7,0,INDETERMINADO,5,1,0,0,0,0,1200,0,0,0,0
1970272651,50,07/11/1970,3,27,0,INDETERMINADO,4,1,99,0,0,0,180,0,0,0,0
1970362914,20,07/11/1970,3,36,0,INDETERMINADO,5,1,0,0,0,0,540,0,0,0,0
1970372569,120,07/11/1970,17,37,0,INDETERMINADO,2,1,50,0,0,0,60,0,0,0,0
1970112708,140,08/11/1970,4,11,0,INDETERMINADO,3,1,20,0,0,0,179,50,0,0,0
1970212709,400,08/11/1970,4,21,0,INDETERMINADO,2,1,40,0,0,0,780,6,0,0,1
1970363053,26,09/11/1970,3,36,0,INDETERMINADO,4,1,99,0,0,0,120,0,0,0,0
1970152721,120,11/11/1970,3,15,0,INDETERMINADO,5,1,0,0,0,0,900,38,0,0,4
1970242759,30,11/11/1970,17,24,0,INDETERMINADO,2,1,40,0,0,0,120,0,0,0,0
1970322636,60,11/11/1970,3,32,0,INDETERMINADO,4,1,99,0,0,0,240,0,0,0,0
1970362829,30,11/11/1970,3,36,0,INDETERMINADO,5,1,0,0,0,0,299,0,0,0,0
1970363137,30,11/11/1970,3,36,0,INDETERMINADO,5,1,0,0,0,0,299,0,0,0,0
1970172662,10,12/11/1970,2,17,0,INDETERMINADO,5,1,0,0,0,0,240,0,0,0,0
1970252677,850,12/11/1970,2,25,0,INDETERMINADO,2,1,50,0,0,0,3240,20,0,0,0
1970332734,14,18/11/1970,5,33,0,INDETERMINADO,3,1,20,0,0,0,60,0,0,0,0
1970332743,840,18/11/1970,5,33,0,INDETERMINADO,5,1,0,0,0,0,1260,0,0,0,0
1970392750,50,18/11/1970,6,39,0,INDETERMINADO,3,1,20,0,0,0,240,0,0,0,0
1970392751,50,18/11/1970,6,39,0,INDETERMINADO,3,1,20,0,0,0,180,0,0,0,0
1970392752,100,18/11/1970,6,39,0,INDETERMINADO,2,1,40,0,0,0,180,0,0,0,1
1970392753,35,18/11/1970,6,39,0,INDETERMINADO,4,1,99,0,0,0,120,0,0,0,0
1970072702,26,22/11/1970,15,7,0,INDETERMINADO,3,1,20,0,0,0,180,0,0,0,0
1970082831,12,22/11/1970,2,8,0,INDETERMINADO,5,1,0,0,0,0,180,0,0,0,0
1970363001,40,23/11/1970,3,36,0,INDETERMINADO,5,1,0,0,0,0,600,0,0,0,0
1970392754,20,23/11/1970,6,39,0,INDETERMINADO,2,1,20,0,0,0,360,0,0,0,0
1970202858,5300000000000001,24/11/1970,1,20,0,INDETERMINADO,2,1,40,0,0,0,180,0,0,0,2
1970332735,335,24/11/1970,5,33,0,INDETERMINADO,3,1,20,0,0,0,419,0,0,0,0
1970332744,410,24/11/1970,5,33,0,INDETERMINADO,5,1,0,0,0,0,1260,30,0,0,7
1970332844,80,24/11/1970,5,33,0,INDETERMINADO,5,1,0,0,0,0,300,0,0,0,0
1970332850,570,24/11/1970,5,33,0,INDETERMINADO,3,1,20,0,0,0,419,38,0,0,20
1970392773,15,25/11/1970,6,39,0,INDETERMINADO,4,1,99,0,0,0,240,0,0,0,1
1970152723,80,26/11/1970,3,15,0,INDETERMINADO,4,1,99,0,0,0,240,0,0,0,1
1970332745,13,26/11/1970,5,33,0,INDETERMINADO,5,1,0,0,0,0,180,0,0,0,0
1970392774,40,26/11/1970,6,39,0,INDETERMINADO,5,1,0,0,0,0,839,0,0,0,0
1970392915,1810,26/11/1970,6,39,0,INDETERMINADO,4,1,99,0,0,0,715,50,1,0,113
1970393172,100,26/11/1970,6,39,0,INDETERMINADO,4,1,99,0,0,0,775,41,1,0,2
1970052790,530,27/11/1970,17,5,0,INDETERMINADO,2,1,40,0,0,0,420,69,0,0,23
1970092713,60,27/11/1970,17,9,0,INDETERMINADO,4,1,99,0,0,0,120,0,0,0,0
1970272840,1088,27/11/1970,3,27,0,INDETERMINADO,2,1,10,0,0,0,360,39,1,0,18
1970272903,13,27/11/1970,3,27,0,INDETERMINADO,4,1,99,0,0,0,180,0,0,0,0
1970332729,520,27/11/1970,5,33,0,INDETERMINADO,5,1,0,0,0,0,479,16,0,0,8
1970332730,370,27/11/1970,5,33,0,INDETERMINADO,5,1,0,0,0,0,1440,51,0,0,4
1970332736,50,27/11/1970,5,33,0,INDETERMINADO,5,1,0,0,0,0,900,0,0,0,0
1970332746,320,27/11/1970,5,33,0,INDETERMINADO,5,1,0,0,0,0,1920,22,0,0,1
1970332845,50,27/11/1970,5,33,0,INDETERMINADO,5,1,0,0,0,0,840,0,0,0,0
1970332862,370,27/11/1970,5,33,0,INDETERMINADO,5,1,0,0,0,0,1500,53,0,0,3
1970332863,520,27/11/1970,5,33,0,INDETERMINADO,5,1,0,0,0,0,479,20,0,0,5
1970392755,40,27/11/1970,6,39,0,INDETERMINADO,2,1,50,0,0,0,300,0,0,0,0
1970392775,20,27/11/1970,6,39,0,INDETERMINADO,2,1,90,0,0,0,120,0,0,0,0
1970092839,20,28/11/1970,17,9,0,INDETERMINADO,5,1,0,0,0,0,300,0,0,0,0
1970092848,201,28/11/1970,17,9,0,INDETERMINADO,4,1,99,0,0,0,840,0,0,0,0
1970202726,14,28/11/1970,1,20,0,INDETERMINADO,2,1,30,0,0,0,360,0,0,0,0
1970232779,10,28/11/1970,4,23,0,INDETERMINADO,5,1,0,0,0,0,180,0,0,0,0
1970272841,845,28/11/1970,3,27,0,INDETERMINADO,4,1,99,0,0,0,240,44,0,0,9
1970332737,160,28/11/1970,5,33,0,INDETERMINADO,2,1,40,0,0,0,540,0,0,0,0
1970332748,35,28/11/1970,5,33,0,INDETERMINADO,3,1,20,0,0,0,540,0,0,0,1
1970332749,300,28/11/1970,5,33,0,INDETERMINADO,5,1,0,0,0,0,540,0,0,0,1
1970332760,60,28/11/1970,5,33,0,INDETERMINADO,2,1,10,0,0,0,479,0,0,0,0
1970332846,20,28/11/1970,5,33,0,INDETERMINADO,2,1,30,0,0,0,360,0,0,0,0
1970332847,36,28/11/1970,5,33,0,INDETERMINADO,5,1,0,0,0,0,1200,0,0,0,0
1970332851,120,28/11/1970,5,33,0,INDETERMINADO,5,1,0,0,0,0,420,0,0,0,4
1970392776,30,28/11/1970,6,39,0,INDETERMINADO,2,1,90,0,0,0,120,0,0,0,0
1970392853,700,28/11/1970,6,39,0,INDETERMINADO,4,1,99,0,0,0,780,44,0,0,24
1970072849,30,29/11/1970,15,7,0,INDETERMINADO,5,1,0,0,0,0,180,0,0,0,0
1970332747,20,29/11/1970,5,33,0,INDETERMINADO,5,1,0,0,0,0,175,0,0,0,0
1970332864,30,29/11/1970,5,33,0,INDETERMINADO,5,1,0,0,0,0,235,0,0,0,0
1970442777,30,29/11/1970,10,44,0,INDETERMINADO,5,1,0,0,0,0,240,0,0,0,0
1970332852,150,30/11/1970,5,33,0,INDETERMINADO,3,1,20,0,0,0,720,10,0,0,8
1970363003,10,08/12/1970,3,36,0,INDETERMINADO,5,1,0,0,0,0,120,0,0,0,0
1970382866,40,11/12/1970,12,38,0,INDETERMINADO,5,1,0,0,0,0,300,0,0,0,0
1970272905,180,19/12/1970,3,27,0,INDETERMINADO,5,1,0,0,0,0,720,24,0,0,5
1970332865,100,19/12/1970,5,33,0,INDETERMINADO,2,1,20,0,0,0,360,0,0,0,0
1970272906,110,20/12/1970,3,27,0,INDETERMINADO,4,1,99,0,0,0,660,25,0,0,3
1970272907,118,20/12/1970,3,27,0,INDETERMINADO,4,1,99,0,0,0,420,30,0,0,4
1970152860,20,21/12/1970,3,15,0,INDETERMINADO,5,1,0,0,0,0,600,0,0,0,0
1970272908,65,21/12/1970,3,27,0,INDETERMINADO,4,1,99,0,0,0,300,25,0,0,3
1970332959,100,21/12/1970,5,33,0,INDETERMINADO,5,1,0,0,0,0,360,0,0,0,0
1970362955,20,22/12/1970,3,36,0,INDETERMINADO,5,1,0,0,0,0,900,0,0,0,0
1970362956,60,23/12/1970,3,36,0,INDETERMINADO,5,1,0,0,0,0,1800,0,0,0,0
1970363045,110,23/12/1970,3,36,0,INDETERMINADO,5,1,0,0,0,0,240,0,0,0,0
1970082895,15,25/12/1970,2,8,0,INDETERMINADO,5,1,0,0,0,0,300,0,0,0,0
1970252861,2350,28/12/1970,2,25,0,INDETERMINADO,5,1,0,0,0,0,1440,23,0,0,0
1971050029,60,07/01/1971,17,5,0,INDETERMINADO,5,1,0,0,0,0,300,0,0,0,0
1971050071,255,08/01/1971,17,5,0,INDETERMINADO,2,1,20,0,0,0,600,0,0,0,0
1971270033,25,08/01/1971,3,27,0,INDETERMINADO,2,1,40,0,0,0,60,0,0,0,0
1971320046,25,08/01/1971,3,32,0,INDETERMINADO,4,1,99,0,0,0,120,0,0,0,0
1971390012,800,08/01/1971,6,39,0,INDETERMINADO,4,1,99,0,0,0,1200,0,0,0,0
1971090030,142,09/01/1971,17,9,0,INDETERMINADO,2,1,90,0,0,0,1020,0,0,0,0
1971360037,300,09/01/1971,3,36,0,INDETERMINADO,4,1,99,0,0,0,480,0,0,0,0
1971360308,40,09/01/1971,3,36,0,INDETERMINADO,4,1,99,0,0,0,360,0,0,0,0
1971390013,300,09/01/1971,6,39,0,INDETERMINADO,4,1,99,0,0,0,1200,0,0,0,0
1971390014,10,09/01/1971,6,39,0,INDETERMINADO,4,1,99,0,0,0,120,0,0,0,0
1971390015,200,09/01/1971,6,39,0,INDETERMINADO,4,1,99,0,0,0,960,0,0,0,0
1971390020,250,09/01/1971,6,39,0,INDETERMINADO,2,1,90,0,0,0,1080,0,0,0,0
1971390021,20,09/01/1971,6,39,0,INDETERMINADO,4,1,99,0,0,0,120,0,0,0,0
1971270084,1590,10/01/1971,3,27,0,INDETERMINADO,4,1,99,0,0,0,1200,66,0,0,105
1971320047,100,10/01/1971,3,32,0,INDETERMINADO,4,1,99,0,0,0,300,0,0,0,0
1971360309,10,10/01/1971,3,36,0,INDETERMINADO,5,1,0,0,0,0,180,0,0,0,0
1971360835,40,10/01/1971,3,36,0,INDETERMINADO,2,1,20,0,0,0,180,0,0,0,0
1971361635,70,10/01/1971,3,36,0,INDETERMINADO,5,1,0,0,0,0,540,12,0,0,5
1971390016,150,10/01/1971,6,39,0,INDETERMINADO,4,1,99,0,0,0,780,0,0,0,0
1971390022,30,10/01/1971,6,39,0,INDETERMINADO,2,1,40,0,0,0,180,0,0,0,0
1971390042,220,10/01/1971,6,39,0,INDETERMINADO,4,1,99,0,0,0,420,0,0,0,0
1971390095,800,10/01/1971,6,39,0,INDETERMINADO,4,1,99,0,0,0,660,57,1,0,50
1971390096,400,10/01/1971,6,39,0,INDETERMINADO,4,1,99,0,0,0,660,57,1,0,17
1971200005,10,11/01/1971,1,20,0,INDETERMINADO,2,1,90,0,0,0,239,0,0,0,0
1971200063,3550,11/01/1971,1,20,0,INDETERMINADO,2,1,50,0,0,0,540,130,3,0,210
1971270085,60,11/01/1971,3,27,0,INDETERMINADO,5,1,0,0,0,0,240,5,0,0,1
1971390017,15,11/01/1971,6,39,0,INDETERMINADO,2,1,90,0,0,0,240,0,0,0,0
1971390018,140,11/01/1971,6,39,0,INDETERMINADO,2,1,20,0,0,0,960,0,0,0,0
1971390023,40,11/01/1971,6,39,0,INDETERMINADO,4,1,99,0,0,0,180,0,0,0,0
1971390024,20,11/01/1971,6,39,0,INDETERMINADO,4,1,99,0,0,0,300,0,0,0,0
1971390040,35,11/01/1971,6,39,0,INDETERMINADO,4,1,99,0,0,0,360,0,0,0,0
1971390059,6600,11/01/1971,6,39,0,INDETERMINADO,2,1,90,0,0,0,1500,125,1,0,27
1971390060,80,11/01/1971,6,39,0,INDETERMINADO,2,1,90,0,0,0,300,0,0,0,0
1971390097,215,11/01/1971,6,39,0,INDETERMINADO,4,1,99,0,0,0,300,41,0,0,11
1971390899,3000,11/01/1971,6,39,0,INDETERMINADO,5,1,0,0,0,0,60,0,0,0,0
1971390900,5000,11/01/1971,6,39,0,INDETERMINADO,5,1,0,0,0,0,540,0,0,0,0
1971390019,503,12/01/1971,6,39,0,INDETERMINADO,2,1,40,0,0,0,120,0,0,0,26
1971390025,20,12/01/1971,6,39,0,INDETERMINADO,2,1,20,0,0,0,240,0,0,0,0
1971390026,40,12/01/1971,6,39,0,INDETERMINADO,4,1,99,0,0,0,120,0,0,0,0
1971390039,12,12/01/1971,6,39,0,INDETERMINADO,2,1,90,0,0,0,900,0,0,0,0
1971390044,30,12/01/1971,6,39,0,INDETERMINADO,4,1,99,0,0,0,180,0,0,0,0
1971390061,640,12/01/1971,6,39,0,INDETERMINADO,2,1,90,0,0,0,720,70,0,0,8
1971390098,400,12/01/1971,6,39,0,INDETERMINADO,4,1,99,0,0,0,360,18,1,0,29
1971330034,100,13/01/1971,5,33,0,INDETERMINADO,5,1,0,0,0,0,600,18,0,0,3
1971330035,40,13/01/1971,5,33,0,INDETERMINADO,5,1,0,0,0,0,360,0,0,0,0
1971390062,1364,13/01/1971,6,39,0,INDETERMINADO,2,1,90,0,0,0,1019,67,0,0,5
1971330036,20,14/01/1971,5,33,0,INDETERMINADO,2,1,20,0,0,0,120,0,0,0,0
1971390041,40,14/01/1971,6,39,0,INDETERMINADO,4,1,99,0,0,0,300,0,0,0,0
1971120053,120,15/01/1971,9,12,0,INDETERMINADO,2,1,10,0,0,0,300,62,0,0,5
1971390043,75,16/01/1971,6,39,0,INDETERMINADO,2,1,90,0,0,0,480,0,0,0,0
1971330106,50,17/01/1971,5,33,0,INDETERMINADO,2,1,20,0,0,0,240,0,0,0,0
1971390038,47,17/01/1971,6,39,0,INDETERMINADO,5,1,0,0,0,0,480,0,0,0,0
1971390073,20,23/01/1971,6,39,0,INDETERMINADO,3,1,20,0,0,0,180,0,0,0,0
1971200032,10,24/01/1971,1,20,0,INDETERMINADO,2,1,50,0,0,0,60,0,0,0,0
1971390090,30,24/01/1971,6,39,0,INDETERMINADO,4,1,99,0,0,0,120,0,0,0,0
1971090102,130,25/01/1971,17,9,0,INDETERMINADO,5,1,0,0,0,0,420,63,0,0,19
1971500104,240,25/01/1971,10,50,0,INDETERMINADO,2,1,10,0,0,0,300,20,0,0,5
1971200055,90,26/01/1971,1,20,0,INDETERMINADO,5,1,0,0,0,0,180,0,0,0,0
1971390074,35,26/01/1971,6,39,0,INDETERMINADO,2,1,50,0,0,0,240,0,0,0,0
1971120054,10,27/01/1971,9,12,0,INDETERMINADO,5,1,0,0,0,0,180,0,0,0,0
1971170226,20,27/01/1971,2,17,0,INDETERMINADO,2,1,40,0,0,0,179,0,0,0,0
1971260103,30,27/01/1971,7,26,0,INDETERMINADO,2,1,40,0,0,0,300,0,0,0,0
1971330128,440,27/01/1971,5,33,0,INDETERMINADO,5,1,0,0,0,0,780,40,0,0,5
1971390075,250,27/01/1971,6,39,0,INDETERMINADO,2,1,20,0,0,0,1320,0,0,0,0
1971430048,80,27/01/1971,2,43,0,INDETERMINADO,2,1,10,0,0,0,360,0,0,0,0
1971390076,30,28/01/1971,6,39,0,INDETERMINADO,5,1,0,0,0,0,180,0,0,0,0
1971200058,35,29/01/1971,1,20,0,INDETERMINADO,5,1,0,0,0,0,120,0,0,0,0
1971360222,32,03/02/1971,3,36,0,INDETERMINADO,5,1,0,0,0,0,480,0,0,0,0
1971360836,100,03/02/1971,3,36,0,INDETERMINADO,2,1,10,0,0,0,360,0,0,0,0
1971240072,65,04/02/1971,17,24,0,INDETERMINADO,4,1,99,0,0,0,60,0,0,0,0
1971330064,20,04/02/1971,5,33,0,INDETERMINADO,5,1,0,0,0,0,420,0,0,0,0
1971200080,15,05/02/1971,1,20,0,INDETERMINADO,5,1,0,0,0,0,300,0,0,0,0
1971360311,10,05/02/1971,3,36,0,INDETERMINADO,5,1,0,0,0,0,120,0,0,0,0
1971361129,160,05/02/1971,3,36,0,INDETERMINADO,5,1,0,0,0,0,420,27,0,0,7
1971360312,60,06/02/1971,3,36,0,INDETERMINADO,4,1,99,0,0,0,480,0,0,0,0
1971390091,20,06/02/1971,6,39,0,INDETERMINADO,4,1,99,0,0,0,120,0,0,0,0
1971080273,30,07/02/1971,2,8,0,INDETERMINADO,5,1,0,0,0,0,60,0,0,0,0
1971360313,15,07/02/1971,3,36,0,INDETERMINADO,5,1,0,0,0,0,120,0,0,0,0
1971420174,25,07/02/1971,17,42,0,INDETERMINADO,2,1,40,0,0,0,120,0,0,0,0
1971170227,30,08/02/1971,2,17,0,INDETERMINADO,2,1,30,0,0,0,120,0,0,0,0
1971260127,20,08/02/1971,7,26,0,INDETERMINADO,5,1,0,0,0,0,180,0,0,0,0
1971100146,20,09/02/1971,14,10,0,INDETERMINADO,2,1,30,0,0,0,300,0,0,0,0
1971150148,65,09/02/1971,3,15,0,INDETERMINADO,4,1,99,0,0,0,480,0,0,0,0
1971360162,10,09/02/1971,3,36,0,INDETERMINADO,5,1,0,0,0,0,60,0,0,0,0
1971360314,10,09/02/1971,3,36,0,INDETERMINADO,5,1,0,0,0,0,60,0,0,0,0
1971360550,20,09/02/1971,3,36,0,INDETERMINADO,5,1,0,0,0,0,180,0,0,0,0
1971390741,145,09/02/1971,6,39,0,INDETERMINADO,2,1,10,0,0,0,180,14,0,0,3
1971390093,20,10/02/1971,6,39,0,INDETERMINADO,4,1,99,0,0,0,120,0,0,0,0
1971390100,30,10/02/1971,6,39,0,INDETERMINADO,4,1,99,0,0,0,300,0,0,0,0
1971330107,50,11/02/1971,5,33,0,INDETERMINADO,2,1,40,0,0,0,180,0,0,0,0
1971330108,10,11/02/1971,5,33,0,INDETERMINADO,5,1,0,0,0,0,60,0,0,0,0
1971330109,90,11/02/1971,5,33,0,INDETERMINADO,2,1,20,0,0,0,600,0,0,0,0
1971360343,100,11/02/1971,3,36,0,INDETERMINADO,4,1,99,0,0,0,480,0,0,0,0
1971390111,10,11/02/1971,6,39,0,INDETERMINADO,4,1,99,0,0,0,120,0,0,0,0
1971390123,60,12/02/1971,6,39,0,INDETERMINADO,4,1,99,0,0,0,120,0,0,0,0
1971320257,10,13/02/1971,3,32,0,INDETERMINADO,5,1,0,0,0,0,300,0,0,0,0
1971330110,140,13/02/1971,5,33,0,INDETERMINADO,5,1,0,0,0,0,240,0,0,0,0
1971390113,20,13/02/1971,6,39,0,INDETERMINADO,4,1,99,0,0,0,299,0,0,0,0
1971440082,10,13/02/1971,10,44,0,INDETERMINADO,2,1,10,0,0,0,120,0,0,0,0
1971090195,10,14/02/1971,17,9,0,INDETERMINADO,2,1,50,0,0,0,300,0,0,0,0
1971360315,20,14/02/1971,3,36,0,INDETERMINADO,4,1,99,0,0,0,300,0,0,0,0
1971360837,15,15/02/1971,3,36,0,INDETERMINADO,5,1,0,0,0,0,120,0,0,0,0
1971430248,10,15/02/1971,2,43,0,INDETERMINADO,2,1,10,0,0,0,120,0,0,0,0
1971470086,20,15/02/1971,17,47,0,INDETERMINADO,2,1,40,0,0,0,60,0,0,0,0
1971080274,200,18/02/1971,2,8,0,INDETERMINADO,5,1,0,0,0,0,600,0,0,0,0
1971080275,160,18/02/1971,2,8,0,INDETERMINADO,5,1,0,0,0,0,180,35,3,0,0
1971080590,20,18/02/1971,2,8,0,INDETERMINADO,2,1,40,0,0,0,120,0,0,0,0
1971100125,20,18/02/1971,14,10,0,INDETERMINADO,2,1,30,0,0,0,119,0,0,0,0
1971450176,10,18/02/1971,11,45,0,INDETERMINADO,2,1,40,0,0,0,120,0,0,0,0
1971460726,105,18/02/1971,9,46,0,INDETERMINADO,2,1,40,0,0,0,180,0,0,0,0
1971030272,45,19/02/1971,9,3,0,INDETERMINADO,2,1,10,0,0,0,360,0,0,0,0
